Arrival_Date,Commodity,Commodity_Code,District,Grade,Market,Max_Price,Min_Price,Modal_Price,State,Variety
24/02/2026,Ginger(Green),103,Dehradoon,FAQ,Chakrata APMC,2600,2400,2500,Uttarakhand,Green Ginger
23/02/2026,Colacasia,318,Dehradoon,FAQ,Chakrata APMC,2200,2000,2100,Uttarakhand,Colacasia
02/02/2026,Colacasia,318,Dehradoon,FAQ,Chakrata APMC,1800,1500,1600,Uttarakhand,Colacasia
22/01/2026,Colacasia,318,Dehradoon,FAQ,Chakrata APMC,2200,1800,2000,Uttarakhand,Colacasia
08/01/2026,Ginger(Green),103,Dehradoon,FAQ,Chakrata APMC,2500,1500,2000,Uttarakhand,Green Ginger
03/12/2025,Colacasia,318,Dehradoon,FAQ,Chakrata APMC,1200,1000,1100,Uttarakhand,Other
04/12/2025,Colacasia,318,Dehradoon,FAQ,Chakrata APMC,1000,800,900,Uttarakhand,Other
08/12/2025,Colacasia,318,Dehradoon,FAQ,Chakrata APMC,1200,1000,1100,Uttarakhand,Other
20/12/2025,Colacasia,318,Dehradoon,FAQ,Chakrata APMC,1500,1200,1400,Uttarakhand,Other
16/12/2025,Ginger(Green),103,Dehradoon,FAQ,Chakrata APMC,1800,1200,1500,Uttarakhand,Other
03/12/2025,Ginger(Green),103,Dehradoon,FAQ,Chakrata APMC,1800,1500,1600,Uttarakhand,Other
03/11/2025,Colacasia,318,Dehradoon,FAQ,Chakrata APMC,2200,1800,2000,Uttarakhand,Other
19/11/2025,Colacasia,318,Dehradoon,FAQ,Chakrata APMC,2000,1500,1800,Uttarakhand,Other
24/11/2025,Colacasia,318,Dehradoon,FAQ,Chakrata APMC,1500,1200,1400,Uttarakhand,Other
02/11/2025,Ginger(Green),103,Dehradoon,FAQ,Chakrata APMC,4000,3000,3500,Uttarakhand,Other
02/03/2026,Colacasia,318,Dehradoon,FAQ,Chakrata APMC,3000,2500,2800,Uttarakhand,Colacasia
05/03/2026,Field Pea,64,Dehradoon,FAQ,Chakrata APMC,2200,1500,2000,Uttarakhand,Field Pea
08/04/2026,Colacasia,318,Dehradoon,FAQ,Chakrata APMC,3000,2500,2800,Uttarakhand,Colacasia
19/04/2026,Colacasia,318,Dehradoon,FAQ,Chakrata APMC,3000,2000,2500,Uttarakhand,Colacasia
07/04/2026,Field Pea,64,Dehradoon,FAQ,Chakrata APMC,2000,1800,1900,Uttarakhand,Field Pea
08/04/2026,Field Pea,64,Dehradoon,FAQ,Chakrata APMC,2000,1500,1800,Uttarakhand,Field Pea
21/04/2026,Field Pea,64,Dehradoon,FAQ,Chakrata APMC,2000,1500,1800,Uttarakhand,Field Pea
28/04/2026,Field Pea,64,Dehradoon,FAQ,Chakrata APMC,2000,1500,1800,Uttarakhand,Field Pea
13/05/2026,Field Pea,64,Dehradoon,FAQ,Chakrata APMC,1800,1500,1600,Uttarakhand,Field Pea
02/12/2025,Colacasia,318,Dehradoon,FAQ,Chakrata APMC,1400,1200,1300,Uttarakhand,Other
26/12/2025,Colacasia,318,Dehradoon,FAQ,Chakrata APMC,1400,1000,1200,Uttarakhand,Other
31/12/2025,Colacasia,318,Dehradoon,FAQ,Chakrata APMC,2000,1000,1500,Uttarakhand,Other
22/12/2025,Colacasia,318,Dehradoon,FAQ,Chakrata APMC,3500,2500,3000,Uttarakhand,Colacasia
18/12/2025,Ginger(Green),103,Dehradoon,FAQ,Chakrata APMC,1800,1500,1600,Uttarakhand,Other
05/12/2025,Ginger(Green),103,Dehradoon,FAQ,Chakrata APMC,2200,1500,1800,Uttarakhand,Other
21/01/2026,Ginger(Green),103,Dehradoon,FAQ,Chakrata APMC,3800,3000,3500,Uttarakhand,Green Ginger
13/01/2026,Colacasia,318,Dehradoon,FAQ,Chakrata APMC,2600,2200,2400,Uttarakhand,Colacasia
12/02/2026,Field Pea,64,Dehradoon,FAQ,Chakrata APMC,1500,1000,1200,Uttarakhand,Field Pea
10/02/2026,Colacasia,318,Dehradoon,FAQ,Chakrata APMC,2600,2000,2500,Uttarakhand,Colacasia
23/03/2026,Field Pea,64,Dehradoon,FAQ,Chakrata APMC,2000,1500,1800,Uttarakhand,Field Pea
12/03/2026,Colacasia,318,Dehradoon,FAQ,Chakrata APMC,2500,1800,2200,Uttarakhand,Colacasia
11/11/2025,Colacasia,318,Dehradoon,Medium,Chakrata APMC,3500,2000,2500,Uttarakhand,Other
06/11/2025,Colacasia,318,Dehradoon,FAQ,Chakrata APMC,2000,1500,1800,Uttarakhand,Other
10/11/2025,Colacasia,318,Dehradoon,Medium,Chakrata APMC,1500,1200,1400,Uttarakhand,Other
15/11/2025,Colacasia,318,Dehradoon,FAQ,Chakrata APMC,4000,3000,3200,Uttarakhand,Colacasia
11/11/2025,Ginger(Green),103,Dehradoon,Local,Chakrata APMC,3800,3000,3500,Uttarakhand,Other
13/11/2025,Pumpkin,84,Dehradoon,FAQ,Chakrata APMC,950,800,900,Uttarakhand,Other
14/11/2025,Pumpkin,84,Dehradoon,FAQ,Chakrata APMC,900,600,800,Uttarakhand,Other
06/11/2025,Ginger(Green),103,Dehradoon,FAQ,Chakrata APMC,3500,2500,3000,Uttarakhand,Other
13/11/2025,Ginger(Green),103,Dehradoon,FAQ,Chakrata APMC,3500,3000,3200,Uttarakhand,Other
27/11/2025,Ginger(Green),103,Dehradoon,FAQ,Chakrata APMC,1800,1200,1500,Uttarakhand,Other
02/04/2026,Field Pea,64,Dehradoon,FAQ,Chakrata APMC,2000,1500,1800,Uttarakhand,Field Pea
06/04/2026,Field Pea,64,Dehradoon,FAQ,Chakrata APMC,2000,1500,1800,Uttarakhand,Field Pea
16/04/2026,Field Pea,64,Dehradoon,FAQ,Chakrata APMC,2800,2500,2600,Uttarakhand,Field Pea
17/04/2026,Field Pea,64,Dehradoon,FAQ,Chakrata APMC,2600,2000,2500,Uttarakhand,Field Pea
23/04/2026,Field Pea,64,Dehradoon,FAQ,Chakrata APMC,2200,1500,1800,Uttarakhand,Field Pea
08/05/2026,Field Pea,64,Dehradoon,FAQ,Chakrata APMC,1800,1500,1600,Uttarakhand,Field Pea
20/02/2026,Field Pea,64,Dehradoon,FAQ,Chakrata APMC,1400,1000,1100,Uttarakhand,Field Pea
26/02/2026,Colacasia,318,Dehradoon,FAQ,Chakrata APMC,3400,3000,3200,Uttarakhand,Colacasia
10/03/2026,Colacasia,318,Dehradoon,FAQ,Chakrata APMC,2400,2000,2200,Uttarakhand,Colacasia
11/03/2026,Colacasia,318,Dehradoon,FAQ,Chakrata APMC,2200,1500,2000,Uttarakhand,Colacasia
13/03/2026,Colacasia,318,Dehradoon,FAQ,Chakrata APMC,2500,2000,2200,Uttarakhand,Colacasia
10/03/2026,Field Pea,64,Dehradoon,FAQ,Chakrata APMC,2500,1800,2000,Uttarakhand,Field Pea
13/03/2026,Field Pea,64,Dehradoon,FAQ,Chakrata APMC,2200,1500,1600,Uttarakhand,Field Pea
15/04/2026,Colacasia,318,Dehradoon,FAQ,Chakrata APMC,3400,3000,3200,Uttarakhand,Colacasia
21/04/2026,Colacasia,318,Dehradoon,FAQ,Chakrata APMC,2800,2400,2500,Uttarakhand,Colacasia
14/05/2026,Colacasia,318,Dehradoon,FAQ,Chakrata APMC,4500,2500,3500,Uttarakhand,Colacasia
12/01/2026,Ginger(Green),103,Dehradoon,FAQ,Chakrata APMC,2200,1500,2000,Uttarakhand,Green Ginger
08/12/2025,Ginger(Green),103,Dehradoon,FAQ,Chakrata APMC,2000,1500,1600,Uttarakhand,Other
17/12/2025,Colacasia,318,Dehradoon,FAQ,Chakrata APMC,1200,1000,1100,Uttarakhand,Other
30/12/2025,Colacasia,318,Dehradoon,FAQ,Chakrata APMC,3500,2000,3000,Uttarakhand,Colacasia
13/11/2025,Colacasia,318,Dehradoon,Local,Chakrata APMC,2600,2000,2400,Uttarakhand,Other
21/11/2025,Colacasia,318,Dehradoon,FAQ,Chakrata APMC,1600,1200,1500,Uttarakhand,Other
21/11/2025,Ginger(Green),103,Dehradoon,Local,Chakrata APMC,2800,2000,2500,Uttarakhand,Other
16/11/2025,Ginger(Green),103,Dehradoon,Local,Chakrata APMC,3000,2500,2800,Uttarakhand,Other
14/11/2025,Ginger(Green),103,Dehradoon,Local,Chakrata APMC,3500,3200,3400,Uttarakhand,Other
19/11/2025,Ginger(Green),103,Dehradoon,Local,Chakrata APMC,1800,1200,1500,Uttarakhand,Green Ginger
16/01/2026,Colacasia,318,Dehradoon,FAQ,Chakrata APMC,2500,1800,2000,Uttarakhand,Colacasia
19/01/2026,Colacasia,318,Dehradoon,FAQ,Chakrata APMC,2400,2000,2200,Uttarakhand,Colacasia
21/01/2026,Colacasia,318,Dehradoon,FAQ,Chakrata APMC,2200,1500,2000,Uttarakhand,Colacasia
15/04/2026,Field Pea,64,Dehradoon,FAQ,Chakrata APMC,2500,1800,2000,Uttarakhand,Field Pea
02/12/2025,Ginger(Green),103,Dehradoon,FAQ,Chakrata APMC,1800,1500,1600,Uttarakhand,Other
31/12/2025,Ginger(Green),103,Dehradoon,FAQ,Chakrata APMC,3800,3000,3500,Uttarakhand,Other
04/12/2025,Ginger(Green),103,Dehradoon,FAQ,Chakrata APMC,1800,1200,1300,Uttarakhand,Other
11/12/2025,Colacasia,318,Dehradoon,FAQ,Chakrata APMC,1400,1200,1300,Uttarakhand,Other
18/12/2025,Colacasia,318,Dehradoon,FAQ,Chakrata APMC,1500,1200,1400,Uttarakhand,Other
19/12/2025,Colacasia,318,Dehradoon,FAQ,Chakrata APMC,1600,1200,1500,Uttarakhand,Other
03/11/2025,Ginger(Green),103,Dehradoon,FAQ,Chakrata APMC,3800,3000,3500,Uttarakhand,Other
18/11/2025,Ginger(Green),103,Dehradoon,FAQ,Chakrata APMC,3000,2500,2800,Uttarakhand,Other
24/11/2025,Ginger(Green),103,Dehradoon,Local,Chakrata APMC,2500,1500,2000,Uttarakhand,Other
26/11/2025,Ginger(Green),103,Dehradoon,FAQ,Chakrata APMC,2200,1800,2000,Uttarakhand,Other
10/11/2025,Ginger(Green),103,Dehradoon,Medium,Chakrata APMC,3500,3000,3200,Uttarakhand,Other
13/11/2025,Field Pea,64,Dehradoon,FAQ,Chakrata APMC,4500,3500,4000,Uttarakhand,Other
13/11/2025,Tomato,78,Dehradoon,FAQ,Chakrata APMC,1400,1200,1300,Uttarakhand,Other
16/11/2025,Colacasia,318,Dehradoon,FAQ,Chakrata APMC,2200,1800,2000,Uttarakhand,Other
26/11/2025,Colacasia,318,Dehradoon,FAQ,Chakrata APMC,1400,1000,1200,Uttarakhand,Other
27/11/2025,Colacasia,318,Dehradoon,FAQ,Chakrata APMC,1000,800,900,Uttarakhand,Other
12/11/2025,Colacasia,318,Dehradoon,Medium,Chakrata APMC,3000,2000,2500,Uttarakhand,Other
15/11/2025,Ginger(Green),103,Dehradoon,FAQ,Chakrata APMC,2200,1500,2000,Uttarakhand,Green Ginger
25/02/2026,Field Pea,64,Dehradoon,FAQ,Chakrata APMC,1500,1000,1200,Uttarakhand,Field Pea
09/02/2026,Colacasia,318,Dehradoon,FAQ,Chakrata APMC,3500,2000,3000,Uttarakhand,Colacasia
22/01/2026,Ginger(Green),103,Dehradoon,FAQ,Chakrata APMC,4000,3000,3500,Uttarakhand,Green Ginger
13/01/2026,Ginger(Green),103,Dehradoon,FAQ,Chakrata APMC,4500,3000,4000,Uttarakhand,Green Ginger
20/01/2026,Colacasia,318,Dehradoon,FAQ,Chakrata APMC,2400,2000,2200,Uttarakhand,Colacasia
31/01/2026,Colacasia,318,Dehradoon,FAQ,Chakrata APMC,2000,1500,1600,Uttarakhand,Colacasia
07/01/2026,Colacasia,318,Dehradoon,FAQ,Chakrata APMC,3400,3000,3200,Uttarakhand,Colacasia
12/03/2026,Field Pea,64,Dehradoon,FAQ,Chakrata APMC,2000,1500,1800,Uttarakhand,Field Pea
18/03/2026,Field Pea,64,Dehradoon,FAQ,Chakrata APMC,2000,1500,1800,Uttarakhand,Field Pea
24/03/2026,Field Pea,64,Dehradoon,FAQ,Chakrata APMC,2000,1500,1800,Uttarakhand,Field Pea
25/03/2026,Field Pea,64,Dehradoon,FAQ,Chakrata APMC,2200,1500,1800,Uttarakhand,Field Pea
27/03/2026,Field Pea,64,Dehradoon,FAQ,Chakrata APMC,2400,1600,2000,Uttarakhand,Field Pea
31/03/2026,Field Pea,64,Dehradoon,FAQ,Chakrata APMC,2000,1500,1800,Uttarakhand,Field Pea
20/04/2026,Colacasia,318,Dehradoon,FAQ,Chakrata APMC,3000,2000,2500,Uttarakhand,Colacasia
10/04/2026,Field Pea,64,Dehradoon,FAQ,Chakrata APMC,2000,1600,1800,Uttarakhand,Field Pea
22/04/2026,Field Pea,64,Dehradoon,FAQ,Chakrata APMC,2000,1500,1800,Uttarakhand,Field Pea
04/05/2026,Field Pea,64,Dehradoon,FAQ,Chakrata APMC,2000,1500,1800,Uttarakhand,Field Pea
06/05/2026,Field Pea,64,Dehradoon,FAQ,Chakrata APMC,1800,1500,1600,Uttarakhand,Field Pea
12/11/2025,Ginger(Green),103,Dehradoon,Medium,Chakrata APMC,3800,3000,3500,Uttarakhand,Other
17/12/2025,Ginger(Green),103,Dehradoon,FAQ,Chakrata APMC,1800,1500,1600,Uttarakhand,Other
11/12/2025,Ginger(Green),103,Dehradoon,Local,Chakrata APMC,1800,1500,1600,Uttarakhand,Other
14/11/2025,Colacasia,318,Dehradoon,Local,Chakrata APMC,2400,2000,2000,Uttarakhand,Other
18/11/2025,Colacasia,318,Dehradoon,FAQ,Chakrata APMC,2200,1800,2000,Uttarakhand,Other
05/12/2025,Colacasia,318,Dehradoon,FAQ,Chakrata APMC,1200,800,900,Uttarakhand,Other
16/12/2025,Colacasia,318,Dehradoon,FAQ,Chakrata APMC,1200,1000,1100,Uttarakhand,Other
09/03/2026,Field Pea,64,Dehradoon,FAQ,Chakrata APMC,2400,2000,2200,Uttarakhand,Field Pea
17/01/2026,Colacasia,318,Dehradoon,FAQ,Chakrata APMC,2400,2000,2200,Uttarakhand,Colacasia
02/01/2026,Colacasia,318,Dehradoon,FAQ,Chakrata APMC,1400,1000,1100,Uttarakhand,Other
28/01/2026,Colacasia,318,Dehradoon,FAQ,Chakrata APMC,1400,1000,1200,Uttarakhand,Other
09/01/2026,Colacasia,318,Dehradoon,FAQ,Chakrata APMC,3500,2000,2500,Uttarakhand,Colacasia
12/01/2026,Colacasia,318,Dehradoon,FAQ,Chakrata APMC,4000,2500,2800,Uttarakhand,Colacasia
07/03/2026,Colacasia,318,Dehradoon,FAQ,Chakrata APMC,2800,1800,2500,Uttarakhand,Colacasia
03/02/2026,Ginger(Green),103,Dehradoon,FAQ,Chakrata APMC,2500,2000,2200,Uttarakhand,Green Ginger
13/02/2026,Colacasia,318,Dehradoon,FAQ,Chakrata APMC,1800,1500,1600,Uttarakhand,Colacasia
18/02/2026,Colacasia,318,Dehradoon,FAQ,Chakrata APMC,3000,2000,2500,Uttarakhand,Colacasia
16/02/2026,Field Pea,64,Dehradoon,FAQ,Chakrata APMC,1400,1000,1200,Uttarakhand,Field Pea
17/04/2026,Colacasia,318,Dehradoon,FAQ,Chakrata APMC,3500,2500,3200,Uttarakhand,Colacasia
15/05/2026,Colacasia,318,Dehradoon,FAQ,Chakrata APMC,3500,3000,3200,Uttarakhand,Colacasia
13/04/2026,Field Pea,64,Dehradoon,FAQ,Chakrata APMC,2200,1800,2000,Uttarakhand,Field Pea
27/04/2026,Field Pea,64,Dehradoon,FAQ,Chakrata APMC,2000,1600,1800,Uttarakhand,Field Pea
05/05/2026,Field Pea,64,Dehradoon,FAQ,Chakrata APMC,1900,1800,1800,Uttarakhand,Field Pea
04/04/2026,Field Pea,64,Dehradoon,FAQ,Chakrata APMC,1800,1500,1600,Uttarakhand,Field Pea
19/04/2026,Field Pea,64,Dehradoon,FAQ,Chakrata APMC,2200,1800,1800,Uttarakhand,Field Pea
20/04/2026,Field Pea,64,Dehradoon,FAQ,Chakrata APMC,2000,1500,1800,Uttarakhand,Field Pea
04/02/2026,Papaya,72,Dehradoon,Grade B,Dehradoon APMC,1800,1250,1500,Uttarakhand,Other
10/02/2026,Papaya,72,Dehradoon,Grade B,Dehradoon APMC,1800,1200,1500,Uttarakhand,Other
11/02/2026,Papaya,72,Dehradoon,Grade B,Dehradoon APMC,2200,1500,2000,Uttarakhand,Other
18/02/2026,Papaya,72,Dehradoon,Grade B,Dehradoon APMC,1800,1200,1500,Uttarakhand,Other
04/02/2026,Pumpkin,84,Dehradoon,FAQ,Dehradoon APMC,1200,800,1000,Uttarakhand,Other
03/02/2026,Bottle gourd,82,Dehradoon,FAQ,Dehradoon APMC,1000,600,800,Uttarakhand,Other
17/02/2026,Bottle gourd,82,Dehradoon,Grade B,Dehradoon APMC,1000,600,800,Uttarakhand,Other
25/02/2026,Bottle gourd,82,Dehradoon,Grade A,Dehradoon APMC,1200,800,1000,Uttarakhand,Other
10/02/2026,Bottle gourd,82,Dehradoon,FAQ,Dehradoon APMC,1000,650,800,Uttarakhand,Other
11/02/2026,Tomato,78,Dehradoon,FAQ,Dehradoon APMC,1250,850,1050,Uttarakhand,Other
04/02/2026,Tomato,78,Dehradoon,FAQ,Dehradoon APMC,1250,950,1050,Uttarakhand,Other
08/02/2026,Bhindi(Ladies Finger),85,Dehradoon,Grade B,Dehradoon APMC,2500,1850,2000,Uttarakhand,Other
21/02/2026,Tomato,78,Dehradoon,FAQ,Dehradoon APMC,1600,1200,1500,Uttarakhand,Other
12/02/2026,Bitter gourd,81,Dehradoon,Grade B,Dehradoon APMC,2500,1250,2000,Uttarakhand,Bitter Gourd
13/02/2026,Bitter gourd,81,Dehradoon,FAQ,Dehradoon APMC,2400,1800,2200,Uttarakhand,Bitter Gourd
25/02/2026,Peas Wet,174,Dehradoon,FAQ,Dehradoon APMC,2500,1800,2200,Uttarakhand,Other
03/02/2026,Brinjal,35,Dehradoon,FAQ,Dehradoon APMC,1000,600,800,Uttarakhand,Other
11/02/2026,Brinjal,35,Dehradoon,FAQ,Dehradoon APMC,1000,500,800,Uttarakhand,Other
18/02/2026,Brinjal,35,Dehradoon,Grade B,Dehradoon APMC,800,500,650,Uttarakhand,Other
15/02/2026,Brinjal,35,Dehradoon,Grade B,Dehradoon APMC,1200,600,850,Uttarakhand,Other
06/02/2026,Cauliflower,34,Dehradoon,FAQ,Dehradoon APMC,2000,1450,1800,Uttarakhand,Other
05/02/2026,Onion,23,Dehradoon,Grade B,Dehradoon APMC,1800,1400,1600,Uttarakhand,Nasik
18/02/2026,Onion,23,Dehradoon,Grade B,Dehradoon APMC,1500,1050,1250,Uttarakhand,Nasik
21/02/2026,Onion,23,Dehradoon,FAQ,Dehradoon APMC,2000,1500,1800,Uttarakhand,Nasik
23/02/2026,Onion,23,Dehradoon,Grade B,Dehradoon APMC,1800,1200,1500,Uttarakhand,Nasik
25/02/2026,Onion,23,Dehradoon,FAQ,Dehradoon APMC,3000,2000,2500,Uttarakhand,Nasik
06/02/2026,Banana,19,Dehradoon,Grade B,Dehradoon APMC,2000,1400,1800,Uttarakhand,Banana - Ripe
10/02/2026,Banana,19,Dehradoon,Grade B,Dehradoon APMC,2000,1500,1800,Uttarakhand,Banana - Ripe
09/02/2026,Banana,19,Dehradoon,Grade B,Dehradoon APMC,1200,950,1050,Uttarakhand,Banana - Ripe
16/02/2026,Banana,19,Dehradoon,Grade B,Dehradoon APMC,1400,950,1050,Uttarakhand,Banana - Ripe
02/02/2026,Pomegranate,190,Dehradoon,Grade B,Dehradoon APMC,6500,4500,5500,Uttarakhand,Other
04/02/2026,Pomegranate,190,Dehradoon,Grade B,Dehradoon APMC,7500,5500,6500,Uttarakhand,Other
11/02/2026,Pea Pod/Pea Cod/हरी मटर,308,Dehradoon,FAQ,Dehradoon APMC,2200,1250,2000,Uttarakhand,Other
25/02/2026,Kinnow,336,Dehradoon,Grade B,Dehradoon APMC,2500,1800,2200,Uttarakhand,Other
03/02/2026,Kinnow,336,Dehradoon,Grade B,Dehradoon APMC,2500,2000,2200,Uttarakhand,Other
08/02/2026,Kinnow,336,Dehradoon,Grade B,Dehradoon APMC,3500,2000,2200,Uttarakhand,Other
09/02/2026,Kinnow,336,Dehradoon,Grade B,Dehradoon APMC,3250,2500,3000,Uttarakhand,Other
03/02/2026,Orange,18,Dehradoon,Grade B,Dehradoon APMC,3500,2800,3250,Uttarakhand,Orange
11/02/2026,Apple,17,Dehradoon,Grade B,Dehradoon APMC,6500,4500,5500,Uttarakhand,Apple
15/02/2026,Apple,17,Dehradoon,Grade B,Dehradoon APMC,5000,3500,4500,Uttarakhand,Apple
25/02/2026,Apple,17,Dehradoon,Grade B,Dehradoon APMC,6500,4500,5500,Uttarakhand,Apple
17/02/2026,Apple,17,Dehradoon,Grade B,Dehradoon APMC,6500,4500,5500,Uttarakhand,Delicious
23/02/2026,Apple,17,Dehradoon,Grade B,Dehradoon APMC,6500,4000,5500,Uttarakhand,Delicious
04/02/2026,Apple,17,Dehradoon,Grade B,Dehradoon APMC,6500,4500,5500,Uttarakhand,Other
05/02/2026,Cucumbar(Kheera),159,Dehradoon,FAQ,Dehradoon APMC,1200,850,1050,Uttarakhand,Other
12/02/2026,Cucumbar(Kheera),159,Dehradoon,FAQ,Dehradoon APMC,1400,800,1200,Uttarakhand,Other
21/02/2026,Cucumbar(Kheera),159,Dehradoon,FAQ,Dehradoon APMC,1200,850,1050,Uttarakhand,Other
27/02/2026,Cucumbar(Kheera),159,Dehradoon,FAQ,Dehradoon APMC,1200,800,1000,Uttarakhand,Other
06/02/2026,Carrot,153,Dehradoon,FAQ,Dehradoon APMC,1500,1145,1400,Uttarakhand,Other
20/02/2026,Grapes,22,Dehradoon,Grade B,Dehradoon APMC,6500,4500,5500,Uttarakhand,Green
23/02/2026,Grapes,22,Dehradoon,Grade B,Dehradoon APMC,6500,4500,5500,Uttarakhand,Green
25/02/2026,Grapes,22,Dehradoon,Grade B,Dehradoon APMC,6500,4000,5500,Uttarakhand,Green
02/02/2026,Grapes,22,Dehradoon,Grade B,Dehradoon APMC,6000,4000,5000,Uttarakhand,Black
20/02/2026,Grapes,22,Dehradoon,Grade B,Dehradoon APMC,6500,4500,5500,Uttarakhand,Black
13/02/2026,Cabbage,154,Dehradoon,FAQ,Dehradoon APMC,1200,800,1000,Uttarakhand,Cabbage
21/02/2026,Potato,24,Dehradoon,FAQ,Dehradoon APMC,600,450,550,Uttarakhand,Other
20/02/2026,Cabbage,154,Dehradoon,FAQ,Dehradoon APMC,750,550,650,Uttarakhand,Cabbage
25/02/2026,Pineapple,21,Dehradoon,Grade B,Dehradoon APMC,4500,2500,3500,Uttarakhand,Other
11/02/2026,Potato,24,Dehradoon,FAQ,Dehradoon APMC,850,650,800,Uttarakhand,Other
19/02/2026,Potato,24,Dehradoon,Grade A,Dehradoon APMC,800,500,650,Uttarakhand,Other
17/02/2026,Bitter gourd,81,Dehradoon,FAQ,Dehradoon APMC,2500,1800,2200,Uttarakhand,Bitter Gourd
19/02/2026,Bitter gourd,81,Dehradoon,Grade A,Dehradoon APMC,1800,1200,1500,Uttarakhand,Bitter Gourd
20/02/2026,Bitter gourd,81,Dehradoon,FAQ,Dehradoon APMC,3000,1500,2500,Uttarakhand,Bitter Gourd
02/02/2026,Guava,185,Dehradoon,Grade B,Dehradoon APMC,2500,1550,2000,Uttarakhand,Other
03/02/2026,Guava,185,Dehradoon,Grade B,Dehradoon APMC,2400,1800,2200,Uttarakhand,Other
09/02/2026,Guava,185,Dehradoon,Grade B,Dehradoon APMC,3000,1850,2050,Uttarakhand,Other
08/02/2026,Guava,185,Dehradoon,Grade A,Dehradoon APMC,3000,1500,2500,Uttarakhand,Other
08/02/2026,Guava,185,Dehradoon,Grade B,Dehradoon APMC,2500,1800,2200,Uttarakhand,Other
20/02/2026,Guava,185,Dehradoon,Grade B,Dehradoon APMC,3000,2050,2500,Uttarakhand,Other
23/02/2026,Guava,185,Dehradoon,Grade B,Dehradoon APMC,2800,2200,2400,Uttarakhand,Other
26/02/2026,Guava,185,Dehradoon,Grade B,Dehradoon APMC,3000,2200,2500,Uttarakhand,Other
16/02/2026,Raddish,161,Dehradoon,FAQ,Dehradoon APMC,500,300,400,Uttarakhand,Other
25/02/2026,French Beans(Frasbean),298,Dehradoon,Grade B,Dehradoon APMC,3500,2000,2500,Uttarakhand,Other
12/01/2026,Garlic,25,Dehradoon,FAQ,Dehradoon APMC,7500,5500,6500,Uttarakhand,Garlic
16/01/2026,Apple,17,Dehradoon,Grade B,Dehradoon APMC,7500,4500,5500,Uttarakhand,Delicious
31/01/2026,Garlic,25,Dehradoon,FAQ,Dehradoon APMC,5000,4000,4250,Uttarakhand,Garlic
06/01/2026,Apple,17,Dehradoon,Grade B,Dehradoon APMC,7000,4500,6500,Uttarakhand,Other
03/01/2026,Potato,24,Dehradoon,FAQ,Dehradoon APMC,900,600,800,Uttarakhand,Desi
15/01/2026,Onion,23,Dehradoon,Grade B,Dehradoon APMC,2200,1550,1800,Uttarakhand,Nasik
16/01/2026,Onion,23,Dehradoon,FAQ,Dehradoon APMC,2000,1200,1450,Uttarakhand,Nasik
09/01/2026,Cauliflower,34,Dehradoon,FAQ,Dehradoon APMC,1600,950,1450,Uttarakhand,Other
11/01/2026,Brinjal,35,Dehradoon,FAQ,Dehradoon APMC,700,500,600,Uttarakhand,Other
24/01/2026,Cauliflower,34,Dehradoon,FAQ,Dehradoon APMC,1200,800,1000,Uttarakhand,Other
28/01/2026,Brinjal,35,Dehradoon,FAQ,Dehradoon APMC,1000,600,800,Uttarakhand,Other
12/01/2026,Pineapple,21,Dehradoon,Grade B,Dehradoon APMC,4000,3000,3500,Uttarakhand,Other
05/01/2026,Pineapple,21,Dehradoon,Grade B,Dehradoon APMC,3000,1550,2050,Uttarakhand,Other
17/01/2026,Pineapple,21,Dehradoon,Grade B,Dehradoon APMC,2800,2000,2500,Uttarakhand,Other
20/01/2026,Cauliflower,34,Dehradoon,FAQ,Dehradoon APMC,1800,1200,1500,Uttarakhand,Other
23/01/2026,Brinjal,35,Dehradoon,Grade B,Dehradoon APMC,1200,850,1050,Uttarakhand,Other
02/01/2026,Bitter gourd,81,Dehradoon,FAQ,Dehradoon APMC,2500,1500,2000,Uttarakhand,Bitter Gourd
22/01/2026,Tomato,78,Dehradoon,Grade B,Dehradoon APMC,1500,850,1050,Uttarakhand,Deshi
07/01/2026,Mousambi(Sweet Lime),77,Dehradoon,Grade B,Dehradoon APMC,4500,2500,3500,Uttarakhand,Other
20/01/2026,Mousambi(Sweet Lime),77,Dehradoon,Grade B,Dehradoon APMC,4200,2500,3250,Uttarakhand,Other
11/01/2026,Cucumbar(Kheera),159,Dehradoon,FAQ,Dehradoon APMC,1200,800,1000,Uttarakhand,Other
24/01/2026,Cucumbar(Kheera),159,Dehradoon,FAQ,Dehradoon APMC,2000,1500,1800,Uttarakhand,Other
31/01/2026,Ginger(Green),103,Dehradoon,FAQ,Dehradoon APMC,2890,1800,2200,Uttarakhand,Green Ginger
22/01/2026,Pumpkin,84,Dehradoon,FAQ,Dehradoon APMC,1050,650,850,Uttarakhand,Other
15/01/2026,Pumpkin,84,Dehradoon,FAQ,Dehradoon APMC,1200,800,1000,Uttarakhand,Other
15/01/2026,Banana,19,Dehradoon,Grade B,Dehradoon APMC,1800,1200,1600,Uttarakhand,Banana - Ripe
01/01/2026,Kinnow,336,Dehradoon,Grade B,Dehradoon APMC,2200,1850,2050,Uttarakhand,Other
09/01/2026,Kinnow,336,Dehradoon,Grade B,Dehradoon APMC,2000,1650,1850,Uttarakhand,Other
13/01/2026,Kinnow,336,Dehradoon,Grade B,Dehradoon APMC,2400,1800,2200,Uttarakhand,Other
11/01/2026,Kinnow,336,Dehradoon,Grade B,Dehradoon APMC,3000,1500,2500,Uttarakhand,Other
23/01/2026,Kinnow,336,Dehradoon,Grade B,Dehradoon APMC,2600,1950,2500,Uttarakhand,Other
24/01/2026,Kinnow,336,Dehradoon,Grade B,Dehradoon APMC,2250,1950,2050,Uttarakhand,Other
27/01/2026,Kinnow,336,Dehradoon,Grade B,Dehradoon APMC,2200,1650,2050,Uttarakhand,Other
30/01/2026,Kinnow,336,Dehradoon,Grade B,Dehradoon APMC,2500,1800,2200,Uttarakhand,Other
05/01/2026,Colacasia,318,Dehradoon,FAQ,Dehradoon APMC,1200,800,1000,Uttarakhand,Other
08/01/2026,Colacasia,318,Dehradoon,FAQ,Dehradoon APMC,1050,800,950,Uttarakhand,Other
08/01/2026,Pomegranate,190,Dehradoon,Grade B,Dehradoon APMC,5500,4000,5000,Uttarakhand,Other
13/01/2026,Pomegranate,190,Dehradoon,Grade B,Dehradoon APMC,5500,4500,5000,Uttarakhand,Other
11/01/2026,Pomegranate,190,Dehradoon,Grade B,Dehradoon APMC,7000,4500,6500,Uttarakhand,Other
20/01/2026,Pomegranate,190,Dehradoon,Grade B,Dehradoon APMC,5500,4000,5000,Uttarakhand,Other
21/01/2026,Pomegranate,190,Dehradoon,Grade B,Dehradoon APMC,4500,3850,4200,Uttarakhand,Other
24/01/2026,Cabbage,154,Dehradoon,FAQ,Dehradoon APMC,1200,800,1000,Uttarakhand,Cabbage
29/01/2026,Cabbage,154,Dehradoon,Grade B,Dehradoon APMC,1000,500,800,Uttarakhand,Other
19/01/2026,Bitter gourd,81,Dehradoon,FAQ,Dehradoon APMC,3000,2000,2500,Uttarakhand,Bitter Gourd
03/01/2026,Orange,18,Dehradoon,Grade B,Dehradoon APMC,3500,2850,3050,Uttarakhand,Orange
05/01/2026,Orange,18,Dehradoon,Grade B,Dehradoon APMC,2800,1850,2500,Uttarakhand,Orange
01/01/2026,Papaya,72,Dehradoon,Grade B,Dehradoon APMC,2200,1500,1800,Uttarakhand,Other
02/01/2026,Papaya,72,Dehradoon,Grade B,Dehradoon APMC,2200,1800,2000,Uttarakhand,Other
05/01/2026,Papaya,72,Dehradoon,Grade B,Dehradoon APMC,2000,1500,1800,Uttarakhand,Other
15/01/2026,Papaya,72,Dehradoon,Grade B,Dehradoon APMC,2000,1200,1600,Uttarakhand,Other
20/01/2026,Papaya,72,Dehradoon,Grade B,Dehradoon APMC,2200,1450,1800,Uttarakhand,Other
30/01/2026,Papaya,72,Dehradoon,Grade B,Dehradoon APMC,2000,1450,1800,Uttarakhand,Other
01/01/2026,Green Chilli,87,Dehradoon,FAQ,Dehradoon APMC,2500,1800,2000,Uttarakhand,Other
16/01/2026,Banana,19,Dehradoon,Grade B,Dehradoon APMC,1600,1200,1400,Uttarakhand,Banana - Ripe
29/01/2026,Banana,19,Dehradoon,Grade B,Dehradoon APMC,1800,1250,1500,Uttarakhand,Banana - Ripe
05/01/2026,French Beans(Frasbean),298,Dehradoon,FAQ,Dehradoon APMC,2500,1750,2000,Uttarakhand,Other
12/01/2026,French Beans(Frasbean),298,Dehradoon,FAQ,Dehradoon APMC,2000,1650,1800,Uttarakhand,Other
30/01/2026,French Beans(Frasbean),298,Dehradoon,FAQ,Dehradoon APMC,2200,1850,2050,Uttarakhand,Other
07/01/2026,Bottle gourd,82,Dehradoon,FAQ,Dehradoon APMC,1200,800,1000,Uttarakhand,Other
12/01/2026,Bottle gourd,82,Dehradoon,Grade B,Dehradoon APMC,1000,650,800,Uttarakhand,Other
24/01/2026,Bottle gourd,82,Dehradoon,FAQ,Dehradoon APMC,1000,650,800,Uttarakhand,Other
16/01/2026,Orange,18,Dehradoon,Grade B,Dehradoon APMC,4500,2500,3500,Uttarakhand,Orange
21/01/2026,Orange,18,Dehradoon,Grade B,Dehradoon APMC,2800,2250,2500,Uttarakhand,Orange
13/01/2026,Guava,185,Dehradoon,Grade B,Dehradoon APMC,2500,2000,2200,Uttarakhand,Other
11/01/2026,Guava,185,Dehradoon,Grade B,Dehradoon APMC,2200,1200,2000,Uttarakhand,Other
21/01/2026,Guava,185,Dehradoon,Grade B,Dehradoon APMC,2500,1500,2000,Uttarakhand,Other
27/01/2026,Guava,185,Dehradoon,Grade B,Dehradoon APMC,3000,2000,2500,Uttarakhand,Other
30/01/2026,Carrot,153,Dehradoon,FAQ,Dehradoon APMC,1500,800,1000,Uttarakhand,Other
06/01/2026,Carrot,153,Dehradoon,Grade B,Dehradoon APMC,1600,1200,1400,Uttarakhand,Other
01/01/2026,Lemon,310,Dehradoon,FAQ,Dehradoon APMC,7000,5500,6500,Uttarakhand,Other
05/01/2026,Lemon,310,Dehradoon,FAQ,Dehradoon APMC,5500,4000,5000,Uttarakhand,Other
08/01/2026,Lemon,310,Dehradoon,FAQ,Dehradoon APMC,4500,3250,4000,Uttarakhand,Other
12/01/2026,Carrot,153,Dehradoon,FAQ,Dehradoon APMC,1400,800,1200,Uttarakhand,Other
15/12/2025,Peas Wet,174,Dehradoon,FAQ,Dehradoon APMC,2500,1850,2050,Uttarakhand,Other
06/12/2025,Mashrooms,340,Dehradoon,Grade B,Dehradoon APMC,6500,4000,5000,Uttarakhand,Mashrooms
15/12/2025,Potato,24,Dehradoon,FAQ,Dehradoon APMC,1050,600,850,Uttarakhand,Chips
10/12/2025,Green Chilli,87,Dehradoon,Grade A,Dehradoon APMC,2000,1450,1800,Uttarakhand,Other
09/12/2025,Amla(Nelli Kai),355,Dehradoon,Grade B,Dehradoon APMC,1800,1000,1250,Uttarakhand,Other
06/12/2025,Amla(Nelli Kai),355,Dehradoon,Grade B,Dehradoon APMC,1200,850,1000,Uttarakhand,Other
10/12/2025,Amla(Nelli Kai),355,Dehradoon,Grade B,Dehradoon APMC,1250,950,1050,Uttarakhand,Other
11/12/2025,Amla(Nelli Kai),355,Dehradoon,Grade B,Dehradoon APMC,1800,1000,1500,Uttarakhand,Other
16/12/2025,Amla(Nelli Kai),355,Dehradoon,Grade B,Dehradoon APMC,1250,850,1050,Uttarakhand,Other
19/12/2025,Amla(Nelli Kai),355,Dehradoon,Grade B,Dehradoon APMC,1250,800,1000,Uttarakhand,Other
22/12/2025,Amla(Nelli Kai),355,Dehradoon,Grade B,Dehradoon APMC,1200,800,1000,Uttarakhand,Other
27/12/2025,Grapes,22,Dehradoon,Grade B,Dehradoon APMC,5000,4000,4500,Uttarakhand,Green
09/12/2025,Grapes,22,Dehradoon,Grade B,Dehradoon APMC,5500,3000,3500,Uttarakhand,Black
12/12/2025,Grapes,22,Dehradoon,Grade B,Dehradoon APMC,5000,2500,3540,Uttarakhand,Black
04/12/2025,Grapes,22,Dehradoon,Grade B,Dehradoon APMC,5200,3850,4000,Uttarakhand,Green
29/12/2025,Cauliflower,34,Dehradoon,FAQ,Dehradoon APMC,2200,1850,2050,Uttarakhand,Other
06/01/2026,Bitter gourd,81,Dehradoon,Grade B,Dehradoon APMC,2200,1500,2000,Uttarakhand,Other
05/01/2026,Amla(Nelli Kai),355,Dehradoon,Grade B,Dehradoon APMC,1400,800,1200,Uttarakhand,Other
09/01/2026,Amla(Nelli Kai),355,Dehradoon,Grade B,Dehradoon APMC,1500,1000,1200,Uttarakhand,Other
09/01/2026,Garlic,25,Dehradoon,FAQ,Dehradoon APMC,5500,4500,5000,Uttarakhand,Garlic
13/01/2026,Orange,18,Dehradoon,Grade B,Dehradoon APMC,3000,2200,2500,Uttarakhand,Medium
24/12/2025,Colacasia,318,Dehradoon,FAQ,Dehradoon APMC,1200,850,1050,Uttarakhand,Other
26/12/2025,Colacasia,318,Dehradoon,FAQ,Dehradoon APMC,1250,950,1052,Uttarakhand,Other
31/12/2025,Brinjal,35,Dehradoon,FAQ,Dehradoon APMC,1200,800,1000,Uttarakhand,Other
10/12/2025,Grapes,22,Dehradoon,Grade B,Dehradoon APMC,5000,3600,4200,Uttarakhand,Black
15/12/2025,Brinjal,35,Dehradoon,Grade B,Dehradoon APMC,1250,850,1050,Uttarakhand,Other
04/12/2025,Brinjal,35,Dehradoon,FAQ,Dehradoon APMC,1200,800,1000,Uttarakhand,Round
08/12/2025,Onion,23,Dehradoon,FAQ,Dehradoon APMC,2000,1450,1800,Uttarakhand,Nasik
18/12/2025,Grapes,22,Dehradoon,Grade B,Dehradoon APMC,5500,4000,5000,Uttarakhand,Black
02/12/2025,Grapes,22,Dehradoon,Grade B,Dehradoon APMC,6000,4000,5000,Uttarakhand,Green
24/12/2025,Cauliflower,34,Dehradoon,FAQ,Dehradoon APMC,1000,690,800,Uttarakhand,Other
30/12/2025,Pineapple,21,Dehradoon,Grade B,Dehradoon APMC,3250,2200,3000,Uttarakhand,Other
22/12/2025,Pineapple,21,Dehradoon,Grade B,Dehradoon APMC,3250,2500,2800,Uttarakhand,Other
23/12/2025,French Beans(Frasbean),298,Dehradoon,Grade B,Dehradoon APMC,3200,1850,2500,Uttarakhand,Other
04/12/2025,Lemon,310,Dehradoon,FAQ,Dehradoon APMC,4000,2850,3200,Uttarakhand,Other
12/12/2025,Lemon,310,Dehradoon,FAQ,Dehradoon APMC,4500,3250,4000,Uttarakhand,Other
17/12/2025,Lemon,310,Dehradoon,FAQ,Dehradoon APMC,2500,1850,2050,Uttarakhand,Other
24/12/2025,Lemon,310,Dehradoon,FAQ,Dehradoon APMC,5000,3250,4000,Uttarakhand,Other
31/12/2025,Lemon,310,Dehradoon,FAQ,Dehradoon APMC,5500,4500,5000,Uttarakhand,Other
17/12/2025,Pumpkin,84,Dehradoon,Grade B,Dehradoon APMC,1200,850,1050,Uttarakhand,Other
20/12/2025,Pumpkin,84,Dehradoon,FAQ,Dehradoon APMC,1050,650,850,Uttarakhand,Other
24/12/2025,Pumpkin,84,Dehradoon,FAQ,Dehradoon APMC,1200,800,1000,Uttarakhand,Other
06/12/2025,Pumpkin,84,Dehradoon,Grade B,Dehradoon APMC,1000,800,900,Uttarakhand,Other
19/12/2025,Kinnow,336,Dehradoon,Grade B,Dehradoon APMC,2050,950,1650,Uttarakhand,Other
24/12/2025,Kinnow,336,Dehradoon,Grade B,Dehradoon APMC,2000,1250,1500,Uttarakhand,Other
12/12/2025,Carrot,153,Dehradoon,Grade B,Dehradoon APMC,1800,1250,1500,Uttarakhand,Other
24/12/2025,Carrot,153,Dehradoon,FAQ,Dehradoon APMC,1600,950,1250,Uttarakhand,Other
23/12/2025,Tomato,78,Dehradoon,FAQ,Dehradoon APMC,2500,1450,2000,Uttarakhand,Deshi
20/12/2025,Green Chilli,87,Dehradoon,FAQ,Dehradoon APMC,2250,1850,2050,Uttarakhand,Other
26/12/2025,Green Chilli,87,Dehradoon,FAQ,Dehradoon APMC,2250,1800,2000,Uttarakhand,Other
06/12/2025,Bottle gourd,82,Dehradoon,Grade B,Dehradoon APMC,1000,600,800,Uttarakhand,Other
31/12/2025,Pomegranate,190,Dehradoon,Grade B,Dehradoon APMC,6000,5000,5500,Uttarakhand,Other
15/12/2025,Pomegranate,190,Dehradoon,Grade B,Dehradoon APMC,5500,4000,5000,Uttarakhand,Other
23/12/2025,Pomegranate,190,Dehradoon,Grade B,Dehradoon APMC,6500,5500,6000,Uttarakhand,Other
22/12/2025,Pomegranate,190,Dehradoon,Grade B,Dehradoon APMC,5500,3550,4500,Uttarakhand,Other
03/12/2025,Pomegranate,190,Dehradoon,Grade B,Dehradoon APMC,6500,4500,5500,Uttarakhand,Other
05/12/2025,Pomegranate,190,Dehradoon,Grade B,Dehradoon APMC,5500,3500,4500,Uttarakhand,Other
08/12/2025,Mousambi(Sweet Lime),77,Dehradoon,Grade B,Dehradoon APMC,3500,2050,2500,Uttarakhand,Other
23/12/2025,Mousambi(Sweet Lime),77,Dehradoon,Grade B,Dehradoon APMC,4000,3000,3500,Uttarakhand,Other
08/12/2025,Papaya,72,Dehradoon,Grade B,Dehradoon APMC,2000,1250,1450,Uttarakhand,Other
30/12/2025,Papaya,72,Dehradoon,Grade B,Dehradoon APMC,2000,1800,1950,Uttarakhand,Other
17/12/2025,Papaya,72,Dehradoon,Grade B,Dehradoon APMC,2500,1450,2000,Uttarakhand,Other
30/12/2025,Bhindi(Ladies Finger),85,Dehradoon,Grade B,Dehradoon APMC,3840,2500,3500,Uttarakhand,Other
16/12/2025,Bhindi(Ladies Finger),85,Dehradoon,FAQ,Dehradoon APMC,2000,1200,1500,Uttarakhand,Other
17/12/2025,Bhindi(Ladies Finger),85,Dehradoon,Grade B,Dehradoon APMC,2500,1850,2050,Uttarakhand,Other
23/12/2025,Bhindi(Ladies Finger),85,Dehradoon,FAQ,Dehradoon APMC,3500,2500,3000,Uttarakhand,Other
17/12/2025,Tomato,78,Dehradoon,FAQ,Dehradoon APMC,1235,850,1050,Uttarakhand,Other
19/12/2025,Tomato,78,Dehradoon,FAQ,Dehradoon APMC,1400,800,1200,Uttarakhand,Other
27/12/2025,Green Chilli,87,Dehradoon,FAQ,Dehradoon APMC,3000,1850,2050,Uttarakhand,Other
08/12/2025,Tomato,78,Dehradoon,Grade B,Dehradoon APMC,1800,1000,1500,Uttarakhand,Other
06/12/2025,Bitter gourd,81,Dehradoon,Grade B,Dehradoon APMC,2000,1250,1500,Uttarakhand,Bitter Gourd
08/12/2025,Bitter gourd,81,Dehradoon,Grade C,Dehradoon APMC,2500,1800,2000,Uttarakhand,Bitter Gourd
27/12/2025,Tomato,78,Dehradoon,FAQ,Dehradoon APMC,3000,2050,2500,Uttarakhand,Other
22/12/2025,Carrot,153,Dehradoon,Grade A,Dehradoon APMC,1200,800,1000,Uttarakhand,Other
03/12/2025,Guava,185,Dehradoon,Grade B,Dehradoon APMC,3000,2000,2500,Uttarakhand,Other
31/12/2025,Guava,185,Dehradoon,Grade B,Dehradoon APMC,2500,1550,2000,Uttarakhand,Other
12/12/2025,Tomato,78,Dehradoon,FAQ,Dehradoon APMC,1500,800,1000,Uttarakhand,Deshi
05/12/2025,Bhindi(Ladies Finger),85,Dehradoon,FAQ,Dehradoon APMC,2200,1650,2000,Uttarakhand,Other
05/12/2025,Orange,18,Dehradoon,Grade B,Dehradoon APMC,3000,1850,2050,Uttarakhand,Orange
20/12/2025,Banana,19,Dehradoon,Grade B,Dehradoon APMC,1800,1250,1500,Uttarakhand,Banana - Ripe
31/12/2025,Banana,19,Dehradoon,Grade B,Dehradoon APMC,1800,1100,1500,Uttarakhand,Banana - Ripe
19/12/2025,Banana,19,Dehradoon,Grade B,Dehradoon APMC,1800,1250,1500,Uttarakhand,Banana - Ripe
24/12/2025,Cucumbar(Kheera),159,Dehradoon,FAQ,Dehradoon APMC,2000,1000,1500,Uttarakhand,Other
22/12/2025,Cucumbar(Kheera),159,Dehradoon,Grade B,Dehradoon APMC,1000,650,900,Uttarakhand,Other
29/12/2025,Cucumbar(Kheera),159,Dehradoon,FAQ,Dehradoon APMC,1200,800,1000,Uttarakhand,Other
08/12/2025,Cabbage,154,Dehradoon,Grade B,Dehradoon APMC,1200,800,1000,Uttarakhand,Cabbage
03/12/2025,Mousambi(Sweet Lime),77,Dehradoon,Grade B,Dehradoon APMC,5500,3500,4500,Uttarakhand,Other
22/12/2025,Mousambi(Sweet Lime),77,Dehradoon,Grade B,Dehradoon APMC,2800,2050,2500,Uttarakhand,Other
09/12/2025,Bhindi(Ladies Finger),85,Dehradoon,Grade B,Dehradoon APMC,1800,1450,1600,Uttarakhand,Other
18/12/2025,Papaya,72,Dehradoon,Grade B,Dehradoon APMC,2000,1450,1800,Uttarakhand,Other
24/12/2025,Bhindi(Ladies Finger),85,Dehradoon,FAQ,Dehradoon APMC,1500,850,1125,Uttarakhand,Other
23/12/2025,Orange,18,Dehradoon,Grade B,Dehradoon APMC,2850,1950,2500,Uttarakhand,Orange
24/12/2025,Orange,18,Dehradoon,Grade B,Dehradoon APMC,3200,2500,2800,Uttarakhand,Orange
04/12/2025,Banana,19,Dehradoon,Grade B,Dehradoon APMC,2000,1500,1800,Uttarakhand,Banana - Ripe
09/12/2025,Banana,19,Dehradoon,Grade B,Dehradoon APMC,1800,1250,1550,Uttarakhand,Banana - Ripe
12/12/2025,Banana,19,Dehradoon,Grade B,Dehradoon APMC,2200,1850,2000,Uttarakhand,Banana - Ripe
15/12/2025,Banana,19,Dehradoon,Grade B,Dehradoon APMC,1450,950,1150,Uttarakhand,Banana - Ripe
08/12/2025,Apple,17,Dehradoon,Grade B,Dehradoon APMC,6500,4500,5500,Uttarakhand,Other
17/12/2025,Apple,17,Dehradoon,Grade B,Dehradoon APMC,7000,4550,6500,Uttarakhand,Other
19/12/2025,Orange,18,Dehradoon,Grade B,Dehradoon APMC,2200,1850,2050,Uttarakhand,Orange
18/12/2025,Orange,18,Dehradoon,Grade B,Dehradoon APMC,3000,2050,2500,Uttarakhand,Orange
09/12/2025,Potato,24,Dehradoon,Grade B,Dehradoon APMC,1200,800,1000,Uttarakhand,Desi
24/12/2025,Potato,24,Dehradoon,FAQ,Dehradoon APMC,1200,800,1000,Uttarakhand,Desi
12/12/2025,Cabbage,154,Dehradoon,FAQ,Dehradoon APMC,1250,850,1000,Uttarakhand,Other
02/12/2025,Bitter gourd,81,Dehradoon,Grade B,Dehradoon APMC,1500,1250,1400,Uttarakhand,Bitter Gourd
14/11/2025,Colacasia,318,Dehradoon,Grade B,Dehradoon APMC,1300,950,1200,Uttarakhand,Other
19/11/2025,Colacasia,318,Dehradoon,FAQ,Dehradoon APMC,1200,850,1000,Uttarakhand,Other
24/11/2025,Colacasia,318,Dehradoon,FAQ,Dehradoon APMC,1200,800,1000,Uttarakhand,Other
27/11/2025,Colacasia,318,Dehradoon,Grade A,Dehradoon APMC,1200,800,1000,Uttarakhand,Other
20/11/2025,Mashrooms,340,Dehradoon,FAQ,Dehradoon APMC,6000,4000,5000,Uttarakhand,Mashrooms
21/11/2025,Mousambi(Sweet Lime),77,Dehradoon,Grade B,Dehradoon APMC,4500,2500,3500,Uttarakhand,Other
06/11/2025,Pomegranate,190,Dehradoon,Medium,Dehradoon APMC,7500,5500,6500,Uttarakhand,Other
19/11/2025,Pomegranate,190,Dehradoon,Grade A,Dehradoon APMC,5500,4000,5000,Uttarakhand,Other
03/11/2025,Tomato,78,Dehradoon,FAQ,Dehradoon APMC,1200,800,1000,Uttarakhand,Deshi
21/11/2025,Bhindi(Ladies Finger),85,Dehradoon,Grade B,Dehradoon APMC,2350,1650,1800,Uttarakhand,Other
13/11/2025,Lemon,310,Dehradoon,Grade B,Dehradoon APMC,3500,2500,3000,Uttarakhand,Other
20/11/2025,Bottle gourd,82,Dehradoon,FAQ,Dehradoon APMC,1000,600,800,Uttarakhand,Other
28/11/2025,Apple,17,Dehradoon,Grade B,Dehradoon APMC,7500,5500,6500,Uttarakhand,Other
21/11/2025,Tomato,78,Dehradoon,FAQ,Dehradoon APMC,1250,800,1000,Uttarakhand,Other
21/11/2025,Bottle gourd,82,Dehradoon,Grade A,Dehradoon APMC,1000,650,800,Uttarakhand,Other
26/11/2025,Brinjal,35,Dehradoon,FAQ,Dehradoon APMC,1200,900,1000,Uttarakhand,Other
21/11/2025,Orange,18,Dehradoon,Grade B,Dehradoon APMC,5500,4000,5000,Uttarakhand,Nagpuri
27/11/2025,Apple,17,Dehradoon,Grade B,Dehradoon APMC,5500,4500,5000,Uttarakhand,Delicious
12/11/2025,Bitter gourd,81,Dehradoon,Grade B,Dehradoon APMC,1800,1050,1500,Uttarakhand,Other
03/11/2025,Bitter gourd,81,Dehradoon,FAQ,Dehradoon APMC,1200,850,1050,Uttarakhand,Other
21/11/2025,Apple,17,Dehradoon,Grade A,Dehradoon APMC,6500,4500,5500,Uttarakhand,Apple
03/11/2025,Tomato,78,Dehradoon,FAQ,Dehradoon APMC,1500,1000,1200,Uttarakhand,Local
21/11/2025,Amla(Nelli Kai),355,Dehradoon,Grade A,Dehradoon APMC,1400,800,1200,Uttarakhand,Other
11/11/2025,Amla(Nelli Kai),355,Dehradoon,Grade B,Dehradoon APMC,1500,950,1250,Uttarakhand,Other
15/11/2025,Amla(Nelli Kai),355,Dehradoon,Grade B,Dehradoon APMC,1500,1000,1200,Uttarakhand,Other
06/11/2025,Cucumbar(Kheera),159,Dehradoon,FAQ,Dehradoon APMC,1200,950,1050,Uttarakhand,Other
20/11/2025,Carrot,153,Dehradoon,FAQ,Dehradoon APMC,1200,800,1000,Uttarakhand,Other
21/11/2025,Papaya,72,Dehradoon,Grade B,Dehradoon APMC,1800,1250,1500,Uttarakhand,Other
12/11/2025,Tomato,78,Dehradoon,Grade B,Dehradoon APMC,1450,800,1200,Uttarakhand,Deshi
10/11/2025,Bhindi(Ladies Finger),85,Dehradoon,Grade B,Dehradoon APMC,2500,1500,1800,Uttarakhand,Other
03/11/2025,Bhindi(Ladies Finger),85,Dehradoon,FAQ,Dehradoon APMC,1450,1100,1250,Uttarakhand,Other
03/11/2025,Pumpkin,84,Dehradoon,FAQ,Dehradoon APMC,1200,800,1000,Uttarakhand,Other
26/11/2025,Green Chilli,87,Dehradoon,FAQ,Dehradoon APMC,2500,1780,2000,Uttarakhand,Other
06/11/2025,Pumpkin,84,Dehradoon,FAQ,Dehradoon APMC,1200,800,1000,Uttarakhand,Other
11/11/2025,Guava,185,Dehradoon,Grade C,Dehradoon APMC,2200,1500,2000,Uttarakhand,Other
12/11/2025,Guava,185,Dehradoon,Grade C,Dehradoon APMC,3000,1850,2500,Uttarakhand,Other
10/11/2025,Guava,185,Dehradoon,Grade C,Dehradoon APMC,2000,1250,1500,Uttarakhand,Other
18/11/2025,Guava,185,Dehradoon,Grade B,Dehradoon APMC,2500,1400,1800,Uttarakhand,Other
19/11/2025,Guava,185,Dehradoon,Grade B,Dehradoon APMC,2200,1500,1800,Uttarakhand,Other
20/11/2025,Guava,185,Dehradoon,Grade B,Dehradoon APMC,2500,1850,2200,Uttarakhand,Other
21/11/2025,Guava,185,Dehradoon,Grade B,Dehradoon APMC,3000,2000,2250,Uttarakhand,Other
26/11/2025,Banana,19,Dehradoon,Grade B,Dehradoon APMC,2200,1800,2000,Uttarakhand,Banana - Ripe
27/11/2025,Banana,19,Dehradoon,Grade B,Dehradoon APMC,2000,1500,1800,Uttarakhand,Banana - Ripe
06/11/2025,Orange,18,Dehradoon,Medium,Dehradoon APMC,3000,2000,2500,Uttarakhand,Medium
15/11/2025,Brinjal,35,Dehradoon,Grade A,Dehradoon APMC,1000,650,850,Uttarakhand,Round
20/11/2025,Grapes,22,Dehradoon,Grade C,Dehradoon APMC,5000,3200,4500,Uttarakhand,Green
03/11/2025,Potato,24,Dehradoon,FAQ,Dehradoon APMC,1100,750,1050,Uttarakhand,Desi
11/11/2025,Banana,19,Dehradoon,Grade B,Dehradoon APMC,2200,1800,2000,Uttarakhand,Other
10/11/2025,Banana,19,Dehradoon,Grade B,Dehradoon APMC,1800,1250,1500,Uttarakhand,Other
13/11/2025,Banana,19,Dehradoon,Grade B,Dehradoon APMC,2000,1400,1800,Uttarakhand,Banana - Ripe
19/11/2025,Cauliflower,34,Dehradoon,FAQ,Dehradoon APMC,1800,1500,1600,Uttarakhand,Other
04/11/2025,Carrot,153,Dehradoon,FAQ,Dehradoon APMC,1500,1000,1200,Uttarakhand,Other
13/03/2026,Orange,18,Dehradoon,Grade B,Dehradoon APMC,3500,2050,2500,Uttarakhand,Orange
28/03/2026,Pineapple,21,Dehradoon,Grade B,Dehradoon APMC,5500,3500,4500,Uttarakhand,Other
18/03/2026,Apple,17,Dehradoon,Grade B,Dehradoon APMC,7000,5500,6500,Uttarakhand,Apple
20/03/2026,Apple,17,Dehradoon,Grade B,Dehradoon APMC,10000,7500,8500,Uttarakhand,Apple
27/03/2026,Apple,17,Dehradoon,Grade B,Dehradoon APMC,9500,5500,8500,Uttarakhand,Apple
06/03/2026,Orange,18,Dehradoon,Grade B,Dehradoon APMC,5000,3500,4500,Uttarakhand,Orange
25/03/2026,Orange,18,Dehradoon,Grade B,Dehradoon APMC,5500,3000,4500,Uttarakhand,Orange
20/03/2026,Pomegranate,190,Dehradoon,Grade B,Dehradoon APMC,9000,5500,6500,Uttarakhand,Other
28/03/2026,Pomegranate,190,Dehradoon,Grade C,Dehradoon APMC,8000,5500,6500,Uttarakhand,Other
05/03/2026,French Beans(Frasbean),298,Dehradoon,FAQ,Dehradoon APMC,2000,1450,1800,Uttarakhand,Other
24/03/2026,French Beans(Frasbean),298,Dehradoon,FAQ,Dehradoon APMC,3000,2000,2500,Uttarakhand,Other
20/03/2026,French Beans(Frasbean),298,Dehradoon,FAQ,Dehradoon APMC,4000,2500,3500,Uttarakhand,Other
17/03/2026,Grapes,22,Dehradoon,Grade B,Dehradoon APMC,6500,4500,5500,Uttarakhand,Black
20/03/2026,Grapes,22,Dehradoon,Grade B,Dehradoon APMC,8500,6500,7500,Uttarakhand,Black
31/03/2026,Grapes,22,Dehradoon,Grade B,Dehradoon APMC,6500,4500,5500,Uttarakhand,Black
23/03/2026,Grapes,22,Dehradoon,Grade B,Dehradoon APMC,8500,5500,7500,Uttarakhand,Black
25/03/2026,Grapes,22,Dehradoon,Grade B,Dehradoon APMC,7500,5500,6500,Uttarakhand,Black
09/03/2026,Potato,24,Dehradoon,Grade B,Dehradoon APMC,600,450,505,Uttarakhand,Desi
11/03/2026,Onion,23,Dehradoon,FAQ,Dehradoon APMC,2000,1400,1800,Uttarakhand,Hybrid
17/03/2026,Onion,23,Dehradoon,FAQ,Dehradoon APMC,2000,1450,1800,Uttarakhand,Nasik
23/03/2026,Lemon,310,Dehradoon,FAQ,Dehradoon APMC,6500,4500,5600,Uttarakhand,Other
31/03/2026,Lemon,310,Dehradoon,FAQ,Dehradoon APMC,5500,4800,5200,Uttarakhand,Other
13/03/2026,Brinjal,35,Dehradoon,FAQ,Dehradoon APMC,1000,550,800,Uttarakhand,Other
16/03/2026,Brinjal,35,Dehradoon,FAQ,Dehradoon APMC,800,450,600,Uttarakhand,Other
27/03/2026,Brinjal,35,Dehradoon,Grade B,Dehradoon APMC,1400,800,1200,Uttarakhand,Other
06/03/2026,Papaya,72,Dehradoon,Grade B,Dehradoon APMC,1800,1400,1600,Uttarakhand,Other
16/03/2026,Papaya,72,Dehradoon,Grade B,Dehradoon APMC,2000,1500,1800,Uttarakhand,Other
25/03/2026,Papaya,72,Dehradoon,Grade B,Dehradoon APMC,2000,1500,1800,Uttarakhand,Other
23/03/2026,Bitter gourd,81,Dehradoon,FAQ,Dehradoon APMC,3000,2050,2500,Uttarakhand,Bitter Gourd
28/03/2026,Bitter gourd,81,Dehradoon,FAQ,Dehradoon APMC,2600,1800,2200,Uttarakhand,Bitter Gourd
06/03/2026,Bottle gourd,82,Dehradoon,FAQ,Dehradoon APMC,1200,800,1000,Uttarakhand,Other
12/03/2026,Bottle gourd,82,Dehradoon,Grade B,Dehradoon APMC,1200,800,1000,Uttarakhand,Other
09/03/2026,Bhindi(Ladies Finger),85,Dehradoon,Grade B,Dehradoon APMC,2000,1250,1500,Uttarakhand,Other
27/03/2026,Mousambi(Sweet Lime),77,Dehradoon,Grade B,Dehradoon APMC,6000,4000,5500,Uttarakhand,Other
04/03/2026,Apple,17,Dehradoon,Grade B,Dehradoon APMC,6500,4000,5000,Uttarakhand,Apple
06/03/2026,Apple,17,Dehradoon,Grade B,Dehradoon APMC,6500,4500,5500,Uttarakhand,Apple
09/03/2026,Onion,23,Dehradoon,FAQ,Dehradoon APMC,1500,800,1100,Uttarakhand,Nasik
20/03/2026,Onion,23,Dehradoon,FAQ,Dehradoon APMC,1360,850,1050,Uttarakhand,Nasik
09/03/2026,Cauliflower,34,Dehradoon,Grade B,Dehradoon APMC,1200,800,1000,Uttarakhand,Other
09/03/2026,Banana,19,Dehradoon,Grade B,Dehradoon APMC,1200,850,1050,Uttarakhand,Banana - Ripe
11/03/2026,Banana,19,Dehradoon,Grade B,Dehradoon APMC,1800,1200,1400,Uttarakhand,Banana - Ripe
15/03/2026,Banana,19,Dehradoon,Grade B,Dehradoon APMC,1800,1200,1500,Uttarakhand,Banana - Ripe
18/03/2026,Banana,19,Dehradoon,Grade B,Dehradoon APMC,2000,1500,1800,Uttarakhand,Banana - Ripe
23/03/2026,Banana,19,Dehradoon,Grade B,Dehradoon APMC,2500,1800,2200,Uttarakhand,Banana - Ripe
09/03/2026,Kinnow,336,Dehradoon,Grade B,Dehradoon APMC,2500,1800,2000,Uttarakhand,Other
18/03/2026,Kinnow,336,Dehradoon,Grade B,Dehradoon APMC,4500,3800,4200,Uttarakhand,Other
12/03/2026,Raddish,161,Dehradoon,Grade B,Dehradoon APMC,600,350,450,Uttarakhand,Other
04/03/2026,Carrot,153,Dehradoon,Grade B,Dehradoon APMC,1800,1250,1500,Uttarakhand,Other
06/03/2026,Carrot,153,Dehradoon,FAQ,Dehradoon APMC,1250,850,1050,Uttarakhand,Other
10/03/2026,Carrot,153,Dehradoon,Grade B,Dehradoon APMC,1200,850,1050,Uttarakhand,Other
23/03/2026,Carrot,153,Dehradoon,FAQ,Dehradoon APMC,2000,1450,1800,Uttarakhand,Other
25/03/2026,Cucumbar(Kheera),159,Dehradoon,Grade B,Dehradoon APMC,1200,850,1050,Uttarakhand,Other
31/03/2026,Cucumbar(Kheera),159,Dehradoon,FAQ,Dehradoon APMC,1500,1000,1200,Uttarakhand,Other
12/03/2026,Cucumbar(Kheera),159,Dehradoon,Grade B,Dehradoon APMC,1200,800,1000,Uttarakhand,Other
05/03/2026,Brinjal,35,Dehradoon,FAQ,Dehradoon APMC,1200,800,1000,Uttarakhand,Other
17/03/2026,Brinjal,35,Dehradoon,FAQ,Dehradoon APMC,800,550,650,Uttarakhand,Other
15/03/2026,Potato,24,Dehradoon,FAQ,Dehradoon APMC,600,450,550,Uttarakhand,Other
20/03/2026,Carrot,153,Dehradoon,FAQ,Dehradoon APMC,1600,1200,1400,Uttarakhand,Other
27/03/2026,Carrot,153,Dehradoon,Grade B,Dehradoon APMC,2500,1800,2200,Uttarakhand,Other
23/04/2026,Water Melon,73,Dehradoon,Grade B,Dehradoon APMC,1200,800,1000,Uttarakhand,Water Melon
29/04/2026,Water Melon,73,Dehradoon,Grade B,Dehradoon APMC,1000,600,800,Uttarakhand,Water Melon
04/05/2026,Water Melon,73,Dehradoon,Grade B,Dehradoon APMC,1200,800,1000,Uttarakhand,Water Melon
12/05/2026,Papaya,72,Dehradoon,Grade B,Dehradoon APMC,2000,1250,1500,Uttarakhand,Other
18/05/2026,Papaya,72,Dehradoon,Grade B,Dehradoon APMC,2000,1500,1800,Uttarakhand,Other
17/04/2026,Water Melon,73,Dehradoon,Grade B,Dehradoon APMC,1150,600,800,Uttarakhand,Water Melon
22/04/2026,Water Melon,73,Dehradoon,Grade B,Dehradoon APMC,1200,800,1000,Uttarakhand,Water Melon
04/04/2026,Papaya,72,Dehradoon,Grade B,Dehradoon APMC,2000,1500,1800,Uttarakhand,Other
21/04/2026,Papaya,72,Dehradoon,Grade B,Dehradoon APMC,2500,1500,2000,Uttarakhand,Other
30/04/2026,Tomato,78,Dehradoon,FAQ,Dehradoon APMC,2500,1800,2200,Uttarakhand,Other
05/05/2026,Bitter gourd,81,Dehradoon,FAQ,Dehradoon APMC,3500,2500,3000,Uttarakhand,Bitter Gourd
11/05/2026,Bitter gourd,81,Dehradoon,Grade B,Dehradoon APMC,1500,1050,1200,Uttarakhand,Bitter Gourd
07/04/2026,Bhindi(Ladies Finger),85,Dehradoon,FAQ,Dehradoon APMC,2500,1500,2000,Uttarakhand,Other
17/04/2026,Bitter gourd,81,Dehradoon,FAQ,Dehradoon APMC,3000,2000,2550,Uttarakhand,Bitter Gourd
08/05/2026,Bhindi(Ladies Finger),85,Dehradoon,FAQ,Dehradoon APMC,2000,1500,1800,Uttarakhand,Other
20/04/2026,Tomato,78,Dehradoon,FAQ,Dehradoon APMC,2500,2000,2200,Uttarakhand,Other
01/04/2026,Tomato,78,Dehradoon,FAQ,Dehradoon APMC,2200,1000,1800,Uttarakhand,Other
11/05/2026,Bhindi(Ladies Finger),85,Dehradoon,FAQ,Dehradoon APMC,2000,1500,1800,Uttarakhand,Other
19/05/2026,Bhindi(Ladies Finger),85,Dehradoon,Grade B,Dehradoon APMC,2000,1600,1800,Uttarakhand,Other
17/04/2026,Tomato,78,Dehradoon,FAQ,Dehradoon APMC,2800,1800,2200,Uttarakhand,Other
16/04/2026,Tomato,78,Dehradoon,FAQ,Dehradoon APMC,2000,1200,1500,Uttarakhand,Other
21/04/2026,Bhindi(Ladies Finger),85,Dehradoon,FAQ,Dehradoon APMC,2200,1500,1800,Uttarakhand,Other
24/04/2026,Bhindi(Ladies Finger),85,Dehradoon,FAQ,Dehradoon APMC,2500,2000,2200,Uttarakhand,Other
11/04/2026,Pumpkin,84,Dehradoon,FAQ,Dehradoon APMC,1200,800,1000,Uttarakhand,Other
24/04/2026,Pumpkin,84,Dehradoon,FAQ,Dehradoon APMC,800,500,600,Uttarakhand,Other
30/04/2026,Pumpkin,84,Dehradoon,FAQ,Dehradoon APMC,1500,800,1000,Uttarakhand,Other
12/05/2026,Pumpkin,84,Dehradoon,FAQ,Dehradoon APMC,1000,650,800,Uttarakhand,Other
01/04/2026,Bottle gourd,82,Dehradoon,FAQ,Dehradoon APMC,1200,850,1050,Uttarakhand,Other
07/04/2026,Bottle gourd,82,Dehradoon,FAQ,Dehradoon APMC,1000,650,800,Uttarakhand,Other
07/04/2026,Brinjal,35,Dehradoon,FAQ,Dehradoon APMC,1350,950,1100,Uttarakhand,Other
25/04/2026,Cauliflower,34,Dehradoon,Grade B,Dehradoon APMC,4000,2500,3800,Uttarakhand,Other
10/04/2026,Brinjal,35,Dehradoon,FAQ,Dehradoon APMC,1200,800,1000,Uttarakhand,Other
01/05/2026,Cauliflower,34,Dehradoon,FAQ,Dehradoon APMC,2500,1800,2200,Uttarakhand,Other
12/05/2026,Cauliflower,34,Dehradoon,Grade B,Dehradoon APMC,3200,2500,2800,Uttarakhand,Other
11/05/2026,Cauliflower,34,Dehradoon,FAQ,Dehradoon APMC,2500,1500,2000,Uttarakhand,Other
04/04/2026,Brinjal,35,Dehradoon,FAQ,Dehradoon APMC,950,550,750,Uttarakhand,Other
18/04/2026,Brinjal,35,Dehradoon,FAQ,Dehradoon APMC,2500,1800,2200,Uttarakhand,Other
09/04/2026,Garlic,25,Dehradoon,FAQ,Dehradoon APMC,8500,4500,7000,Uttarakhand,Garlic
27/04/2026,Brinjal,35,Dehradoon,FAQ,Dehradoon APMC,1600,1200,1400,Uttarakhand,Other
20/04/2026,Pea Pod/Pea Cod/हरी मटर,308,Dehradoon,FAQ,Dehradoon APMC,5000,4000,4500,Uttarakhand,Other
12/05/2026,Pea Pod/Pea Cod/हरी मटर,308,Dehradoon,FAQ,Dehradoon APMC,4000,2500,3500,Uttarakhand,Other
24/04/2026,Lemon,310,Dehradoon,FAQ,Dehradoon APMC,13000,9000,11000,Uttarakhand,Other
27/04/2026,Lemon,310,Dehradoon,FAQ,Dehradoon APMC,12000,8000,10000,Uttarakhand,Other
08/05/2026,Lemon,310,Dehradoon,FAQ,Dehradoon APMC,5800,5400,5600,Uttarakhand,Other
12/05/2026,Lemon,310,Dehradoon,FAQ,Dehradoon APMC,7500,5500,6500,Uttarakhand,Other
13/05/2026,Lemon,310,Dehradoon,Grade B,Dehradoon APMC,7500,5500,6500,Uttarakhand,Other
22/04/2026,Mousambi(Sweet Lime),77,Dehradoon,Grade B,Dehradoon APMC,5000,3000,3500,Uttarakhand,Other
20/04/2026,Mousambi(Sweet Lime),77,Dehradoon,Grade B,Dehradoon APMC,5000,3500,4500,Uttarakhand,Other
21/04/2026,Mousambi(Sweet Lime),77,Dehradoon,Grade B,Dehradoon APMC,5500,3500,4500,Uttarakhand,Other
16/05/2026,Green Chilli,87,Dehradoon,FAQ,Dehradoon APMC,3000,2000,2500,Uttarakhand,Other
19/05/2026,Green Chilli,87,Dehradoon,Grade B,Dehradoon APMC,3500,1850,2500,Uttarakhand,Other
07/04/2026,Potato,24,Dehradoon,FAQ,Dehradoon APMC,600,400,500,Uttarakhand,Other
09/04/2026,Potato,24,Dehradoon,FAQ,Dehradoon APMC,600,350,500,Uttarakhand,Other
05/05/2026,Potato,24,Dehradoon,Grade B,Dehradoon APMC,600,450,550,Uttarakhand,Other
09/04/2026,Potato,24,Dehradoon,FAQ,Dehradoon APMC,600,350,400,Uttarakhand,Desi
20/04/2026,Onion,23,Dehradoon,FAQ,Dehradoon APMC,1500,800,1200,Uttarakhand,Other
02/04/2026,Onion,23,Dehradoon,FAQ,Dehradoon APMC,1800,1250,1500,Uttarakhand,Nasik
06/04/2026,Onion,23,Dehradoon,FAQ,Dehradoon APMC,2000,1600,1800,Uttarakhand,Nasik
16/04/2026,Onion,23,Dehradoon,FAQ,Dehradoon APMC,1500,1000,1200,Uttarakhand,Nasik
23/04/2026,Onion,23,Dehradoon,FAQ,Dehradoon APMC,1200,800,1000,Uttarakhand,Nasik
27/04/2026,Onion,23,Dehradoon,FAQ,Dehradoon APMC,1300,800,1120,Uttarakhand,Nasik
02/05/2026,Onion,23,Dehradoon,Grade B,Dehradoon APMC,1600,850,1250,Uttarakhand,Nasik
12/05/2026,Onion,23,Dehradoon,Grade B,Dehradoon APMC,1500,900,1200,Uttarakhand,Nasik
07/04/2026,Cucumbar(Kheera),159,Dehradoon,Grade B,Dehradoon APMC,1200,850,1050,Uttarakhand,Other
10/04/2026,Cucumbar(Kheera),159,Dehradoon,FAQ,Dehradoon APMC,950,650,800,Uttarakhand,Other
24/04/2026,Cucumbar(Kheera),159,Dehradoon,FAQ,Dehradoon APMC,1000,600,800,Uttarakhand,Other
27/04/2026,Cucumbar(Kheera),159,Dehradoon,FAQ,Dehradoon APMC,1200,600,800,Uttarakhand,Other
08/05/2026,Cucumbar(Kheera),159,Dehradoon,FAQ,Dehradoon APMC,1200,800,1000,Uttarakhand,Other
02/05/2026,Brinjal,35,Dehradoon,FAQ,Dehradoon APMC,1200,800,1000,Uttarakhand,Other
02/04/2026,Grapes,22,Dehradoon,Grade B,Dehradoon APMC,6500,4500,5500,Uttarakhand,Green
18/04/2026,Karbuja(Musk Melon),187,Dehradoon,Grade B,Dehradoon APMC,2500,2000,2200,Uttarakhand,Karbhuja
22/04/2026,Karbuja(Musk Melon),187,Dehradoon,Grade B,Dehradoon APMC,2000,1500,1800,Uttarakhand,Karbhuja
23/04/2026,Karbuja(Musk Melon),187,Dehradoon,Grade B,Dehradoon APMC,2000,1500,1800,Uttarakhand,Karbhuja
04/05/2026,Karbuja(Musk Melon),187,Dehradoon,Grade C,Dehradoon APMC,1800,1200,1500,Uttarakhand,Karbhuja
11/04/2026,Apple,17,Dehradoon,Grade B,Dehradoon APMC,8500,4500,7500,Uttarakhand,Apple
18/04/2026,Apple,17,Dehradoon,Grade B,Dehradoon APMC,11000,7500,9500,Uttarakhand,Apple
20/04/2026,Apple,17,Dehradoon,Grade B,Dehradoon APMC,12000,8000,10000,Uttarakhand,Apple
24/04/2026,Apple,17,Dehradoon,Grade B,Dehradoon APMC,10000,6500,8500,Uttarakhand,Apple
27/04/2026,Apple,17,Dehradoon,Grade B,Dehradoon APMC,10000,6000,8000,Uttarakhand,Apple
21/04/2026,Mango,20,Dehradoon,Grade B,Dehradoon APMC,6500,5000,5500,Uttarakhand,Other
30/04/2026,Mango,20,Dehradoon,Grade C,Dehradoon APMC,3100,1800,2500,Uttarakhand,Other
29/04/2026,Mango,20,Dehradoon,Grade B,Dehradoon APMC,3500,1800,3000,Uttarakhand,Other
27/04/2026,Banana,19,Dehradoon,Grade B,Dehradoon APMC,2000,1500,1800,Uttarakhand,Banana - Ripe
19/05/2026,Mango,20,Dehradoon,Grade B,Dehradoon APMC,3000,2000,2500,Uttarakhand,Other
16/04/2026,Green Chilli,87,Dehradoon,Grade B,Dehradoon APMC,3000,2000,2500,Uttarakhand,Other
22/04/2026,Green Chilli,87,Dehradoon,FAQ,Dehradoon APMC,2500,2000,2250,Uttarakhand,Other
02/05/2026,Green Chilli,87,Dehradoon,FAQ,Dehradoon APMC,3000,1750,2500,Uttarakhand,Other
11/04/2026,Green Chilli,87,Dehradoon,FAQ,Dehradoon APMC,3500,2500,3000,Uttarakhand,Other
15/05/2026,Mango,20,Dehradoon,Grade B,Dehradoon APMC,5000,2500,3000,Uttarakhand,Other
16/05/2026,Mango,20,Dehradoon,Grade B,Dehradoon APMC,4500,2000,3500,Uttarakhand,Other
04/05/2026,Banana,19,Dehradoon,Grade B,Dehradoon APMC,2000,1450,1800,Uttarakhand,Banana - Ripe
05/05/2026,Banana,19,Dehradoon,Grade B,Dehradoon APMC,2000,1500,1800,Uttarakhand,Banana - Ripe
05/05/2026,Banana,19,Dehradoon,Grade A,Dehradoon APMC,2400,1800,2200,Uttarakhand,Banana - Ripe
09/05/2026,Banana,19,Dehradoon,Grade B,Dehradoon APMC,2000,1500,1800,Uttarakhand,Banana - Ripe
02/04/2026,Karbuja(Musk Melon),187,Dehradoon,Grade B,Dehradoon APMC,2500,1500,2000,Uttarakhand,Karbhuja
10/04/2026,Karbuja(Musk Melon),187,Dehradoon,Grade B,Dehradoon APMC,2500,1500,2000,Uttarakhand,Karbhuja
02/04/2026,Pineapple,21,Dehradoon,Grade B,Dehradoon APMC,4000,2850,3050,Uttarakhand,Other
06/04/2026,Pineapple,21,Dehradoon,Grade B,Dehradoon APMC,5500,4000,4500,Uttarakhand,Other
08/04/2026,Pineapple,21,Dehradoon,Grade B,Dehradoon APMC,4500,2500,3500,Uttarakhand,Other
21/04/2026,Pineapple,21,Dehradoon,Grade B,Dehradoon APMC,4500,2500,3500,Uttarakhand,Other
24/04/2026,Pineapple,21,Dehradoon,Grade B,Dehradoon APMC,6000,3850,5500,Uttarakhand,Other
07/05/2026,Pineapple,21,Dehradoon,Grade B,Dehradoon APMC,3200,2500,3000,Uttarakhand,Other
16/05/2026,Pineapple,21,Dehradoon,Grade B,Dehradoon APMC,3500,2500,3000,Uttarakhand,Other
19/05/2026,Apple,17,Dehradoon,Grade B,Dehradoon APMC,9500,5500,6500,Uttarakhand,Apple
16/04/2026,Apple,17,Dehradoon,Grade B,Dehradoon APMC,10000,6500,8500,Uttarakhand,Other
22/04/2026,Apple,17,Dehradoon,Grade B,Dehradoon APMC,10000,7000,8500,Uttarakhand,Other
30/04/2026,Apple,17,Dehradoon,Grade B,Dehradoon APMC,9500,5000,8500,Uttarakhand,Other
01/05/2026,Apple,17,Dehradoon,Grade B,Dehradoon APMC,10500,5500,9500,Uttarakhand,Other
05/05/2026,Apple,17,Dehradoon,Grade B,Dehradoon APMC,10500,6500,8500,Uttarakhand,Other
04/04/2026,Orange,18,Dehradoon,Grade B,Dehradoon APMC,5000,3500,4500,Uttarakhand,Orange
16/04/2026,Orange,18,Dehradoon,Grade B,Dehradoon APMC,5500,3000,4500,Uttarakhand,Orange
21/04/2026,Orange,18,Dehradoon,Grade B,Dehradoon APMC,4000,2500,3500,Uttarakhand,Orange
01/05/2026,Orange,18,Dehradoon,Grade B,Dehradoon APMC,5000,3500,4500,Uttarakhand,Orange
07/05/2026,Orange,18,Dehradoon,Grade B,Dehradoon APMC,4200,2500,3800,Uttarakhand,Orange
06/04/2026,Peas Wet,174,Dehradoon,Grade A,Dehradoon APMC,2200,1600,2000,Uttarakhand,Other
07/04/2026,Peas Wet,174,Dehradoon,FAQ,Dehradoon APMC,2500,1850,2200,Uttarakhand,Other
11/04/2026,Peas Wet,174,Dehradoon,FAQ,Dehradoon APMC,4000,2500,3500,Uttarakhand,Other
12/05/2026,Chikoos(Sapota),71,Dehradoon,Grade B,Dehradoon APMC,4000,2500,3500,Uttarakhand,Other
24/04/2026,Bottle gourd,82,Dehradoon,FAQ,Dehradoon APMC,800,500,750,Uttarakhand,Other
12/05/2026,Bottle gourd,82,Dehradoon,FAQ,Dehradoon APMC,1000,600,800,Uttarakhand,Other
15/05/2026,Bottle gourd,82,Dehradoon,Grade B,Dehradoon APMC,1000,650,800,Uttarakhand,Other
29/04/2026,Bottle gourd,82,Dehradoon,FAQ,Dehradoon APMC,1000,600,800,Uttarakhand,Other
10/04/2026,Kinnow,336,Dehradoon,Grade B,Dehradoon APMC,5500,3500,5000,Uttarakhand,Other
11/04/2026,Kinnow,336,Dehradoon,Grade B,Dehradoon APMC,4500,2500,4000,Uttarakhand,Other
25/04/2026,Kinnow,336,Dehradoon,Grade B,Dehradoon APMC,4000,2500,3500,Uttarakhand,Other
07/05/2026,Kinnow,336,Dehradoon,Grade B,Dehradoon APMC,3500,1800,2500,Uttarakhand,Other
07/05/2026,Pomegranate,190,Dehradoon,Grade B,Dehradoon APMC,6500,3850,5500,Uttarakhand,Other
13/05/2026,Pomegranate,190,Dehradoon,Grade B,Dehradoon APMC,7750,5000,6500,Uttarakhand,Other
16/05/2026,Pomegranate,190,Dehradoon,Grade B,Dehradoon APMC,8500,5500,7500,Uttarakhand,Other
10/04/2026,French Beans(Frasbean),298,Dehradoon,FAQ,Dehradoon APMC,2800,1850,2050,Uttarakhand,Other
21/04/2026,French Beans(Frasbean),298,Dehradoon,FAQ,Dehradoon APMC,3500,3000,3250,Uttarakhand,Other
25/04/2026,French Beans(Frasbean),298,Dehradoon,FAQ,Dehradoon APMC,3000,2500,2800,Uttarakhand,Other
12/05/2026,French Beans(Frasbean),298,Dehradoon,Grade B,Dehradoon APMC,2500,1500,2000,Uttarakhand,Other
08/04/2026,Carrot,153,Dehradoon,FAQ,Dehradoon APMC,1800,1400,1600,Uttarakhand,Other
10/04/2026,Carrot,153,Dehradoon,FAQ,Dehradoon APMC,1600,1200,1400,Uttarakhand,Other
28/04/2026,Carrot,153,Dehradoon,FAQ,Dehradoon APMC,2500,1800,2200,Uttarakhand,Other
07/04/2026,Mashrooms,340,Dehradoon,FAQ,Dehradoon APMC,6500,5500,6000,Uttarakhand,Mashrooms
09/04/2026,Mashrooms,340,Dehradoon,FAQ,Dehradoon APMC,6500,4500,5500,Uttarakhand,Mashrooms
08/04/2026,Pomegranate,190,Dehradoon,Grade B,Dehradoon APMC,10500,6500,8500,Uttarakhand,Other
02/04/2026,Cabbage,154,Dehradoon,Grade C,Dehradoon APMC,1200,750,800,Uttarakhand,Cabbage
13/05/2026,Cabbage,154,Dehradoon,Grade B,Dehradoon APMC,900,600,800,Uttarakhand,Cabbage
16/05/2026,Cabbage,154,Dehradoon,FAQ,Dehradoon APMC,1200,850,1050,Uttarakhand,Cabbage
08/01/2026,Amla(Nelli Kai),355,Dehradoon,Grade B,Dehradoon APMC,1400,800,1200,Uttarakhand,Other
11/01/2026,Grapes,22,Dehradoon,Grade B,Dehradoon APMC,6500,4500,5500,Uttarakhand,Green
10/12/2025,Onion,23,Dehradoon,FAQ,Dehradoon APMC,2000,1250,1800,Uttarakhand,Other
20/12/2025,Kinnow,336,Dehradoon,Grade B,Dehradoon APMC,3000,2000,2500,Uttarakhand,Other
27/12/2025,Kinnow,336,Dehradoon,Grade B,Dehradoon APMC,3500,2050,2500,Uttarakhand,Other
19/12/2025,Cauliflower,34,Dehradoon,Grade B,Dehradoon APMC,1200,800,1000,Uttarakhand,Other
02/12/2025,Brinjal,35,Dehradoon,FAQ,Dehradoon APMC,1000,650,800,Uttarakhand,Round
24/12/2025,Pineapple,21,Dehradoon,Grade B,Dehradoon APMC,3050,2200,2500,Uttarakhand,Other
06/12/2025,Colacasia,318,Dehradoon,Grade B,Dehradoon APMC,1200,800,1000,Uttarakhand,Other
08/12/2025,Colacasia,318,Dehradoon,Grade B,Dehradoon APMC,1500,950,1150,Uttarakhand,Other
22/12/2025,Colacasia,318,Dehradoon,Grade B,Dehradoon APMC,1250,850,1050,Uttarakhand,Other
04/12/2025,Carrot,153,Dehradoon,FAQ,Dehradoon APMC,1200,650,1050,Uttarakhand,Other
30/12/2025,Carrot,153,Dehradoon,FAQ,Dehradoon APMC,2000,950,1150,Uttarakhand,Other
15/12/2025,Raddish,161,Dehradoon,FAQ,Dehradoon APMC,700,500,600,Uttarakhand,Other
23/12/2025,Pumpkin,84,Dehradoon,FAQ,Dehradoon APMC,1400,900,1200,Uttarakhand,Other
22/12/2025,Pumpkin,84,Dehradoon,FAQ,Dehradoon APMC,1800,1000,1500,Uttarakhand,Other
12/12/2025,Green Chilli,87,Dehradoon,FAQ,Dehradoon APMC,3250,1750,2050,Uttarakhand,Other
04/12/2025,Bottle gourd,82,Dehradoon,FAQ,Dehradoon APMC,1050,680,750,Uttarakhand,Other
10/12/2025,Bottle gourd,82,Dehradoon,Grade B,Dehradoon APMC,950,680,850,Uttarakhand,Other
29/12/2025,Bottle gourd,82,Dehradoon,FAQ,Dehradoon APMC,1250,800,1000,Uttarakhand,Other
23/12/2025,Green Chilli,87,Dehradoon,FAQ,Dehradoon APMC,3000,1750,2500,Uttarakhand,Other
29/12/2025,Green Chilli,87,Dehradoon,FAQ,Dehradoon APMC,2500,1850,2200,Uttarakhand,Other
04/12/2025,Orange,18,Dehradoon,Grade B,Dehradoon APMC,2200,1850,2050,Uttarakhand,Orange
05/12/2025,Apple,17,Dehradoon,Grade B,Dehradoon APMC,6500,4500,5500,Uttarakhand,Other
09/12/2025,Apple,17,Dehradoon,Grade B,Dehradoon APMC,7500,4500,5500,Uttarakhand,Other
30/12/2025,Apple,17,Dehradoon,Grade B,Dehradoon APMC,6500,4500,5500,Uttarakhand,Delicious
09/12/2025,Tomato,78,Dehradoon,Grade B,Dehradoon APMC,1500,850,1050,Uttarakhand,Deshi
30/12/2025,Tomato,78,Dehradoon,FAQ,Dehradoon APMC,2000,1500,1800,Uttarakhand,Deshi
20/12/2025,Tomato,78,Dehradoon,FAQ,Dehradoon APMC,1250,800,1000,Uttarakhand,Deshi
31/12/2025,Mousambi(Sweet Lime),77,Dehradoon,Grade B,Dehradoon APMC,5000,3500,4500,Uttarakhand,Other
05/12/2025,Papaya,72,Dehradoon,Grade B,Dehradoon APMC,2200,1450,2000,Uttarakhand,Other
09/12/2025,Papaya,72,Dehradoon,Grade B,Dehradoon APMC,2000,1250,1800,Uttarakhand,Other
16/12/2025,Tomato,78,Dehradoon,Grade B,Dehradoon APMC,1250,850,1050,Uttarakhand,Deshi
10/12/2025,Mousambi(Sweet Lime),77,Dehradoon,Grade B,Dehradoon APMC,3250,2500,3000,Uttarakhand,Other
24/12/2025,Tomato,78,Dehradoon,Grade B,Dehradoon APMC,2200,1850,2050,Uttarakhand,Deshi
20/12/2025,Bhindi(Ladies Finger),85,Dehradoon,FAQ,Dehradoon APMC,1800,1050,1500,Uttarakhand,Other
27/12/2025,Apple,17,Dehradoon,Grade B,Dehradoon APMC,6500,4500,5500,Uttarakhand,Apple
29/12/2025,Apple,17,Dehradoon,Grade A,Dehradoon APMC,6500,4500,5500,Uttarakhand,Apple
31/12/2025,Apple,17,Dehradoon,Grade B,Dehradoon APMC,5500,4000,5000,Uttarakhand,Apple
16/12/2025,Banana,19,Dehradoon,Grade B,Dehradoon APMC,2050,1500,1650,Uttarakhand,Banana - Ripe
18/12/2025,Banana,19,Dehradoon,Grade B,Dehradoon APMC,1500,1000,1200,Uttarakhand,Banana - Ripe
24/12/2025,Banana,19,Dehradoon,Grade B,Dehradoon APMC,1600,1200,1400,Uttarakhand,Banana - Ripe
31/12/2025,Bhindi(Ladies Finger),85,Dehradoon,FAQ,Dehradoon APMC,3000,2000,2500,Uttarakhand,Other
31/12/2025,Papaya,72,Dehradoon,Grade B,Dehradoon APMC,2000,1500,1800,Uttarakhand,Other
24/12/2025,Bottle gourd,82,Dehradoon,FAQ,Dehradoon APMC,1500,800,1000,Uttarakhand,Other
22/12/2025,Apple,17,Dehradoon,Grade B,Dehradoon APMC,6500,3550,5500,Uttarakhand,Other
30/12/2025,Pomegranate,190,Dehradoon,Grade B,Dehradoon APMC,6500,4500,5500,Uttarakhand,Other
16/12/2025,Pomegranate,190,Dehradoon,Grade B,Dehradoon APMC,6500,4000,4500,Uttarakhand,Other
09/12/2025,Bitter gourd,81,Dehradoon,Grade B,Dehradoon APMC,1800,1450,1600,Uttarakhand,Bitter Gourd
10/12/2025,Bitter gourd,81,Dehradoon,Grade B,Dehradoon APMC,1250,850,1050,Uttarakhand,Bitter Gourd
17/12/2025,Bitter gourd,81,Dehradoon,Grade B,Dehradoon APMC,1500,950,1150,Uttarakhand,Bitter Gourd
24/12/2025,Bitter gourd,81,Dehradoon,FAQ,Dehradoon APMC,1800,1050,1500,Uttarakhand,Bitter Gourd
12/12/2025,Tomato,78,Dehradoon,Grade B,Dehradoon APMC,2200,1850,2050,Uttarakhand,Other
31/12/2025,Tomato,78,Dehradoon,FAQ,Dehradoon APMC,3000,1500,2500,Uttarakhand,Other
15/12/2025,Potato,24,Dehradoon,FAQ,Dehradoon APMC,700,500,600,Uttarakhand,Desi
20/12/2025,Potato,24,Dehradoon,FAQ,Dehradoon APMC,1050,650,750,Uttarakhand,Desi
10/12/2025,French Beans(Frasbean),298,Dehradoon,FAQ,Dehradoon APMC,2050,1450,1800,Uttarakhand,Other
20/12/2025,French Beans(Frasbean),298,Dehradoon,FAQ,Dehradoon APMC,2200,1450,2000,Uttarakhand,Other
29/12/2025,French Beans(Frasbean),298,Dehradoon,FAQ,Dehradoon APMC,2600,2200,2400,Uttarakhand,Other
20/12/2025,Lemon,310,Dehradoon,FAQ,Dehradoon APMC,6500,4550,5500,Uttarakhand,Other
26/12/2025,Lemon,310,Dehradoon,FAQ,Dehradoon APMC,6500,4000,5500,Uttarakhand,Other
03/12/2025,Grapes,22,Dehradoon,Grade B,Dehradoon APMC,6500,4500,5500,Uttarakhand,Black
17/12/2025,Grapes,22,Dehradoon,Grade B,Dehradoon APMC,5500,3250,4500,Uttarakhand,Black
22/12/2025,Grapes,22,Dehradoon,Grade B,Dehradoon APMC,5500,3250,4000,Uttarakhand,Black
15/12/2025,Cucumbar(Kheera),159,Dehradoon,Grade B,Dehradoon APMC,1000,600,800,Uttarakhand,Other
10/12/2025,Cabbage,154,Dehradoon,Grade B,Dehradoon APMC,1250,800,1000,Uttarakhand,Cabbage
27/12/2025,Cabbage,154,Dehradoon,FAQ,Dehradoon APMC,2000,1050,1500,Uttarakhand,Cabbage
20/12/2025,Cabbage,154,Dehradoon,FAQ,Dehradoon APMC,1550,950,1450,Uttarakhand,Cabbage
05/12/2025,Guava,185,Dehradoon,Grade B,Dehradoon APMC,2500,2000,2200,Uttarakhand,Other
10/12/2025,Guava,185,Dehradoon,Grade B,Dehradoon APMC,2800,1500,2000,Uttarakhand,Other
08/12/2025,Guava,185,Dehradoon,Grade C,Dehradoon APMC,2500,1850,2050,Uttarakhand,Other
26/12/2025,Guava,185,Dehradoon,Grade B,Dehradoon APMC,2800,2000,2500,Uttarakhand,Other
27/12/2025,Guava,185,Dehradoon,Grade B,Dehradoon APMC,2250,1850,2050,Uttarakhand,Other
02/12/2025,Guava,185,Dehradoon,Grade B,Dehradoon APMC,2200,1900,2000,Uttarakhand,Other
17/01/2026,Banana,19,Dehradoon,Grade C,Dehradoon APMC,2000,1500,1800,Uttarakhand,Banana - Ripe
21/01/2026,Banana,19,Dehradoon,Grade B,Dehradoon APMC,1800,1000,1500,Uttarakhand,Banana - Ripe
01/01/2026,Mousambi(Sweet Lime),77,Dehradoon,Grade B,Dehradoon APMC,5500,4500,5000,Uttarakhand,Other
13/01/2026,Mousambi(Sweet Lime),77,Dehradoon,Grade B,Dehradoon APMC,3500,2050,2500,Uttarakhand,Other
24/01/2026,Mousambi(Sweet Lime),77,Dehradoon,Grade B,Dehradoon APMC,4500,3200,3500,Uttarakhand,Other
27/01/2026,Mousambi(Sweet Lime),77,Dehradoon,Grade B,Dehradoon APMC,4500,2500,3500,Uttarakhand,Other
20/01/2026,Orange,18,Dehradoon,Grade B,Dehradoon APMC,3500,2000,2500,Uttarakhand,Orange
19/01/2026,Orange,18,Dehradoon,Grade B,Dehradoon APMC,3800,2500,3000,Uttarakhand,Orange
06/01/2026,Banana,19,Dehradoon,Grade B,Dehradoon APMC,1800,1200,1500,Uttarakhand,Banana - Ripe
08/01/2026,Banana,19,Dehradoon,Grade B,Dehradoon APMC,1800,1250,1500,Uttarakhand,Banana - Ripe
24/01/2026,Brinjal,35,Dehradoon,FAQ,Dehradoon APMC,950,600,800,Uttarakhand,Other
22/01/2026,Apple,17,Dehradoon,Grade B,Dehradoon APMC,7200,4500,5500,Uttarakhand,Apple
07/01/2026,Apple,17,Dehradoon,Grade B,Dehradoon APMC,6500,4500,5500,Uttarakhand,Other
21/01/2026,Pineapple,21,Dehradoon,Grade B,Dehradoon APMC,4500,2500,4000,Uttarakhand,Other
24/01/2026,Pineapple,21,Dehradoon,Grade B,Dehradoon APMC,3500,2500,3000,Uttarakhand,Other
27/01/2026,Pineapple,21,Dehradoon,Grade B,Dehradoon APMC,2500,1800,2200,Uttarakhand,Other
02/01/2026,Grapes,22,Dehradoon,Grade B,Dehradoon APMC,5500,4000,5000,Uttarakhand,Green
03/01/2026,Grapes,22,Dehradoon,Grade B,Dehradoon APMC,6500,4500,5500,Uttarakhand,Green
08/01/2026,Apple,17,Dehradoon,Grade B,Dehradoon APMC,6500,5000,5500,Uttarakhand,Apple
17/01/2026,Apple,17,Dehradoon,Grade B,Dehradoon APMC,7500,4000,5500,Uttarakhand,Apple
19/01/2026,Apple,17,Dehradoon,Grade B,Dehradoon APMC,7500,5500,6500,Uttarakhand,Apple
01/01/2026,Onion,23,Dehradoon,FAQ,Dehradoon APMC,2000,1500,1800,Uttarakhand,Nasik
22/01/2026,Onion,23,Dehradoon,FAQ,Dehradoon APMC,1600,1200,1450,Uttarakhand,Nasik
31/01/2026,Onion,23,Dehradoon,FAQ,Dehradoon APMC,1800,1200,1600,Uttarakhand,Nasik
16/01/2026,Potato,24,Dehradoon,FAQ,Dehradoon APMC,1000,600,800,Uttarakhand,Desi
05/01/2026,Brinjal,35,Dehradoon,Grade B,Dehradoon APMC,1200,800,1000,Uttarakhand,Other
15/01/2026,Apple,17,Dehradoon,Grade B,Dehradoon APMC,6500,4500,5500,Uttarakhand,Other
23/01/2026,Apple,17,Dehradoon,Grade B,Dehradoon APMC,6500,4500,5500,Uttarakhand,Other
03/01/2026,Apple,17,Dehradoon,Grade B,Dehradoon APMC,6500,4500,5500,Uttarakhand,Apple
30/01/2026,Banana,19,Dehradoon,Grade B,Dehradoon APMC,2000,1500,1800,Uttarakhand,Banana - Ripe
08/01/2026,Mousambi(Sweet Lime),77,Dehradoon,Grade B,Dehradoon APMC,4500,3500,4000,Uttarakhand,Other
09/01/2026,Bitter gourd,81,Dehradoon,FAQ,Dehradoon APMC,2000,1500,1800,Uttarakhand,Bitter Gourd
27/01/2026,Bitter gourd,81,Dehradoon,Grade B,Dehradoon APMC,3000,2000,2500,Uttarakhand,Bitter Gourd
02/01/2026,Amla(Nelli Kai),355,Dehradoon,Grade B,Dehradoon APMC,2200,1800,2000,Uttarakhand,Other
09/01/2026,Cucumbar(Kheera),159,Dehradoon,FAQ,Dehradoon APMC,1200,800,1000,Uttarakhand,Other
23/01/2026,French Beans(Frasbean),298,Dehradoon,FAQ,Dehradoon APMC,2500,1780,2020,Uttarakhand,Other
30/01/2026,Cabbage,154,Dehradoon,FAQ,Dehradoon APMC,1000,800,900,Uttarakhand,Cabbage
31/01/2026,Banana,19,Dehradoon,Grade B,Dehradoon APMC,1800,1400,1600,Uttarakhand,Banana - Ripe
22/01/2026,Banana,19,Dehradoon,Grade B,Dehradoon APMC,1250,800,1000,Uttarakhand,Banana - Ripe
31/01/2026,Tomato,78,Dehradoon,FAQ,Dehradoon APMC,1500,800,1000,Uttarakhand,Other
03/01/2026,Kinnow,336,Dehradoon,Grade B,Dehradoon APMC,3000,2000,2500,Uttarakhand,Other
17/01/2026,Kinnow,336,Dehradoon,Grade B,Dehradoon APMC,2500,1800,2200,Uttarakhand,Other
19/01/2026,Kinnow,336,Dehradoon,Grade B,Dehradoon APMC,3500,2500,3000,Uttarakhand,Other
29/01/2026,Kinnow,336,Dehradoon,Grade B,Dehradoon APMC,3250,2500,3000,Uttarakhand,Other
31/01/2026,Kinnow,336,Dehradoon,Grade B,Dehradoon APMC,2500,2000,2200,Uttarakhand,Other
24/01/2026,Papaya,72,Dehradoon,Grade B,Dehradoon APMC,2500,1800,2000,Uttarakhand,Other
07/01/2026,Colacasia,318,Dehradoon,FAQ,Dehradoon APMC,1250,800,1000,Uttarakhand,Other
23/01/2026,Colacasia,318,Dehradoon,FAQ,Dehradoon APMC,1200,800,1000,Uttarakhand,Other
28/01/2026,Colacasia,318,Dehradoon,FAQ,Dehradoon APMC,1200,800,1000,Uttarakhand,Other
01/01/2026,Cabbage,154,Dehradoon,FAQ,Dehradoon APMC,1800,1000,1500,Uttarakhand,Cabbage
02/01/2026,Cabbage,154,Dehradoon,Grade B,Dehradoon APMC,1400,800,1200,Uttarakhand,Cabbage
09/01/2026,Cabbage,154,Dehradoon,Grade B,Dehradoon APMC,1350,950,1100,Uttarakhand,Cabbage
08/01/2026,Cabbage,154,Dehradoon,FAQ,Dehradoon APMC,1400,1000,1200,Uttarakhand,Cabbage
13/01/2026,Cabbage,154,Dehradoon,FAQ,Dehradoon APMC,1500,1050,1250,Uttarakhand,Cabbage
23/01/2026,Pomegranate,190,Dehradoon,Grade B,Dehradoon APMC,5500,3500,4000,Uttarakhand,Other
24/01/2026,Pomegranate,190,Dehradoon,Grade B,Dehradoon APMC,7500,5500,6500,Uttarakhand,Other
15/01/2026,Tomato,78,Dehradoon,Grade B,Dehradoon APMC,1200,850,1050,Uttarakhand,Deshi
05/01/2026,Tomato,78,Dehradoon,FAQ,Dehradoon APMC,1400,800,1200,Uttarakhand,Deshi
07/01/2026,Pumpkin,84,Dehradoon,FAQ,Dehradoon APMC,1200,800,1000,Uttarakhand,Other
09/01/2026,Lemon,310,Dehradoon,FAQ,Dehradoon APMC,4500,3250,4000,Uttarakhand,Other
23/01/2026,Carrot,153,Dehradoon,FAQ,Dehradoon APMC,1200,900,1000,Uttarakhand,Other
08/01/2026,Carrot,153,Dehradoon,FAQ,Dehradoon APMC,1500,1050,1450,Uttarakhand,Other
03/01/2026,Green Chilli,87,Dehradoon,FAQ,Dehradoon APMC,2800,2000,2500,Uttarakhand,Other
16/01/2026,Bottle gourd,82,Dehradoon,Grade A,Dehradoon APMC,1200,800,1000,Uttarakhand,Other
28/01/2026,Bottle gourd,82,Dehradoon,FAQ,Dehradoon APMC,1400,800,1200,Uttarakhand,Other
30/01/2026,Bottle gourd,82,Dehradoon,Grade B,Dehradoon APMC,1200,850,1050,Uttarakhand,Other
30/01/2026,Bottle gourd,82,Dehradoon,FAQ,Dehradoon APMC,1200,800,1000,Uttarakhand,Other
01/01/2026,Bhindi(Ladies Finger),85,Dehradoon,FAQ,Dehradoon APMC,1500,1150,1350,Uttarakhand,Other
03/01/2026,Raddish,161,Dehradoon,FAQ,Dehradoon APMC,600,400,500,Uttarakhand,Other
15/01/2026,Raddish,161,Dehradoon,Grade B,Dehradoon APMC,700,500,600,Uttarakhand,Other
02/01/2026,Guava,185,Dehradoon,Grade B,Dehradoon APMC,2500,1850,2050,Uttarakhand,Other
07/01/2026,Guava,185,Dehradoon,Grade B,Dehradoon APMC,2200,1050,1750,Uttarakhand,Other
15/01/2026,Guava,185,Dehradoon,Grade B,Dehradoon APMC,2400,1800,2200,Uttarakhand,Other
17/01/2026,Guava,185,Dehradoon,Grade B,Dehradoon APMC,3000,2200,2500,Uttarakhand,Other
23/01/2026,Guava,185,Dehradoon,Grade B,Dehradoon APMC,3000,2000,2500,Uttarakhand,Other
29/01/2026,Guava,185,Dehradoon,Grade B,Dehradoon APMC,2800,2200,2500,Uttarakhand,Other
28/01/2026,Guava,185,Dehradoon,Grade B,Dehradoon APMC,2500,2000,2200,Uttarakhand,Other
02/02/2026,Carrot,153,Dehradoon,FAQ,Dehradoon APMC,1800,1000,1500,Uttarakhand,Other
27/02/2026,Potato,24,Dehradoon,FAQ,Dehradoon APMC,800,450,600,Uttarakhand,Desi
16/02/2026,Cabbage,154,Dehradoon,FAQ,Dehradoon APMC,1500,800,1200,Uttarakhand,Cabbage
15/02/2026,Cabbage,154,Dehradoon,Grade B,Dehradoon APMC,1400,800,1200,Uttarakhand,Cabbage
09/02/2026,Cabbage,154,Dehradoon,FAQ,Dehradoon APMC,1000,650,800,Uttarakhand,Other
03/02/2026,Pineapple,21,Dehradoon,Grade B,Dehradoon APMC,4000,2500,3500,Uttarakhand,Other
05/02/2026,Pineapple,21,Dehradoon,Grade B,Dehradoon APMC,2500,2000,2200,Uttarakhand,Other
11/02/2026,Pineapple,21,Dehradoon,Grade B,Dehradoon APMC,3780,2000,2500,Uttarakhand,Other
04/02/2026,Carrot,153,Dehradoon,FAQ,Dehradoon APMC,1400,800,1200,Uttarakhand,Other
11/02/2026,Carrot,153,Dehradoon,FAQ,Dehradoon APMC,1400,800,1200,Uttarakhand,Other
10/02/2026,Brinjal,35,Dehradoon,FAQ,Dehradoon APMC,700,500,600,Uttarakhand,Other
21/02/2026,Cabbage,154,Dehradoon,FAQ,Dehradoon APMC,1250,850,1050,Uttarakhand,Cabbage
08/02/2026,Grapes,22,Dehradoon,Grade B,Dehradoon APMC,6500,4500,5500,Uttarakhand,Black
19/02/2026,Carrot,153,Dehradoon,Grade B,Dehradoon APMC,1200,850,1050,Uttarakhand,Other
25/02/2026,Carrot,153,Dehradoon,FAQ,Dehradoon APMC,2500,1500,2000,Uttarakhand,Other
10/02/2026,Cucumbar(Kheera),159,Dehradoon,FAQ,Dehradoon APMC,1200,800,1000,Uttarakhand,Other
09/02/2026,Cucumbar(Kheera),159,Dehradoon,Grade B,Dehradoon APMC,1250,800,1000,Uttarakhand,Other
19/02/2026,Cucumbar(Kheera),159,Dehradoon,Grade B,Dehradoon APMC,1000,600,750,Uttarakhand,Other
18/02/2026,Bitter gourd,81,Dehradoon,Grade B,Dehradoon APMC,2500,1500,2000,Uttarakhand,Other
17/02/2026,Papaya,72,Dehradoon,Grade B,Dehradoon APMC,1800,1250,1500,Uttarakhand,Other
03/02/2026,Mousambi(Sweet Lime),77,Dehradoon,Grade B,Dehradoon APMC,5000,3600,4500,Uttarakhand,Other
08/02/2026,Mousambi(Sweet Lime),77,Dehradoon,Grade C,Dehradoon APMC,3700,2500,3000,Uttarakhand,Other
17/02/2026,Tomato,78,Dehradoon,FAQ,Dehradoon APMC,1800,1050,1500,Uttarakhand,Other
17/02/2026,Orange,18,Dehradoon,Grade B,Dehradoon APMC,3500,2500,3000,Uttarakhand,Orange
25/02/2026,Orange,18,Dehradoon,Grade B,Dehradoon APMC,4500,2800,3500,Uttarakhand,Orange
08/02/2026,Apple,17,Dehradoon,Grade B,Dehradoon APMC,7500,5500,6500,Uttarakhand,Apple
21/02/2026,Apple,17,Dehradoon,Grade B,Dehradoon APMC,5500,4000,5000,Uttarakhand,Apple
06/02/2026,Apple,17,Dehradoon,Grade B,Dehradoon APMC,7500,5500,6500,Uttarakhand,Delicious
18/02/2026,Apple,17,Dehradoon,Grade B,Dehradoon APMC,6500,4500,5500,Uttarakhand,Other
09/02/2026,Orange,18,Dehradoon,Grade B,Dehradoon APMC,2500,1800,2200,Uttarakhand,Orange
11/02/2026,Guava,185,Dehradoon,Grade B,Dehradoon APMC,3000,2000,2500,Uttarakhand,Other
11/02/2026,Guava,185,Dehradoon,Grade C,Dehradoon APMC,2200,1200,2000,Uttarakhand,Other
05/02/2026,Banana,19,Dehradoon,Grade B,Dehradoon APMC,2000,1250,1500,Uttarakhand,Banana - Ripe
12/02/2026,Banana,19,Dehradoon,Grade B,Dehradoon APMC,2000,1250,1800,Uttarakhand,Banana - Ripe
16/02/2026,Banana,19,Dehradoon,Grade C,Dehradoon APMC,1800,1200,1500,Uttarakhand,Banana - Ripe
18/02/2026,Banana,19,Dehradoon,Grade B,Dehradoon APMC,1800,1200,1500,Uttarakhand,Banana - Ripe
19/02/2026,Banana,19,Dehradoon,Grade B,Dehradoon APMC,1800,1200,1500,Uttarakhand,Banana - Ripe
05/02/2026,French Beans(Frasbean),298,Dehradoon,Grade B,Dehradoon APMC,2000,1450,1800,Uttarakhand,Other
10/02/2026,Tomato,78,Dehradoon,FAQ,Dehradoon APMC,1800,1200,1500,Uttarakhand,Deshi
12/02/2026,Pumpkin,84,Dehradoon,FAQ,Dehradoon APMC,1220,800,1000,Uttarakhand,Other
11/02/2026,Bottle gourd,82,Dehradoon,FAQ,Dehradoon APMC,1000,650,800,Uttarakhand,Other
16/02/2026,Bottle gourd,82,Dehradoon,Grade B,Dehradoon APMC,1000,600,800,Uttarakhand,Other
21/02/2026,Bottle gourd,82,Dehradoon,FAQ,Dehradoon APMC,1000,600,800,Uttarakhand,Other
25/02/2026,Bhindi(Ladies Finger),85,Dehradoon,FAQ,Dehradoon APMC,3500,1500,2500,Uttarakhand,Other
04/02/2026,Kinnow,336,Dehradoon,Grade B,Dehradoon APMC,3000,2000,2500,Uttarakhand,Other
02/02/2026,Colacasia,318,Dehradoon,FAQ,Dehradoon APMC,1250,800,1000,Uttarakhand,Other
04/02/2026,Colacasia,318,Dehradoon,FAQ,Dehradoon APMC,1540,1000,1200,Uttarakhand,Other
20/02/2026,Kinnow,336,Dehradoon,Grade B,Dehradoon APMC,2500,2000,2200,Uttarakhand,Other
17/02/2026,Kinnow,336,Dehradoon,Grade B,Dehradoon APMC,3500,2050,2500,Uttarakhand,Other
20/02/2026,Brinjal,35,Dehradoon,Grade B,Dehradoon APMC,900,500,800,Uttarakhand,Other
04/02/2026,Cauliflower,34,Dehradoon,FAQ,Dehradoon APMC,1600,1150,1450,Uttarakhand,Other
10/02/2026,Cauliflower,34,Dehradoon,FAQ,Dehradoon APMC,1500,1000,1200,Uttarakhand,Other
26/02/2026,Apple,17,Dehradoon,Grade B,Dehradoon APMC,6500,4500,5500,Uttarakhand,Other
12/02/2026,Lemon,310,Dehradoon,FAQ,Dehradoon APMC,5500,4500,5000,Uttarakhand,Other
17/03/2026,Mousambi(Sweet Lime),77,Dehradoon,Grade B,Dehradoon APMC,5000,3500,4500,Uttarakhand,Other
11/03/2026,Mousambi(Sweet Lime),77,Dehradoon,Grade B,Dehradoon APMC,4500,2500,4000,Uttarakhand,Other
16/03/2026,Mousambi(Sweet Lime),77,Dehradoon,Grade B,Dehradoon APMC,4500,3050,4000,Uttarakhand,Other
28/03/2026,Mousambi(Sweet Lime),77,Dehradoon,Grade B,Dehradoon APMC,6500,4500,5500,Uttarakhand,Other
13/03/2026,Bhindi(Ladies Finger),85,Dehradoon,Grade B,Dehradoon APMC,2000,1250,1800,Uttarakhand,Other
05/03/2026,Tomato,78,Dehradoon,FAQ,Dehradoon APMC,1200,800,1000,Uttarakhand,Other
13/03/2026,Bottle gourd,82,Dehradoon,Grade B,Dehradoon APMC,950,650,800,Uttarakhand,Other
05/03/2026,Bitter gourd,81,Dehradoon,FAQ,Dehradoon APMC,3500,1800,2200,Uttarakhand,Bitter Gourd
05/03/2026,Brinjal,35,Dehradoon,Grade B,Dehradoon APMC,1200,800,1000,Uttarakhand,Other
09/03/2026,Brinjal,35,Dehradoon,Grade B,Dehradoon APMC,1000,650,800,Uttarakhand,Other
12/03/2026,Brinjal,35,Dehradoon,Grade B,Dehradoon APMC,1000,500,800,Uttarakhand,Other
10/03/2026,Papaya,72,Dehradoon,Grade B,Dehradoon APMC,2000,1200,1400,Uttarakhand,Other
17/03/2026,Papaya,72,Dehradoon,Grade C,Dehradoon APMC,1200,1050,1100,Uttarakhand,Other
12/03/2026,Papaya,72,Dehradoon,Grade B,Dehradoon APMC,2400,1800,2200,Uttarakhand,Other
24/03/2026,Papaya,72,Dehradoon,Grade B,Dehradoon APMC,2200,1800,2000,Uttarakhand,Other
24/03/2026,Papaya,72,Dehradoon,Grade C,Dehradoon APMC,2200,1500,1800,Uttarakhand,Other
20/03/2026,Papaya,72,Dehradoon,Grade B,Dehradoon APMC,3000,2000,2500,Uttarakhand,Other
28/03/2026,Papaya,72,Dehradoon,Grade C,Dehradoon APMC,1600,1200,1400,Uttarakhand,Other
13/03/2026,Raddish,161,Dehradoon,FAQ,Dehradoon APMC,600,350,450,Uttarakhand,Other
23/03/2026,Raddish,161,Dehradoon,FAQ,Dehradoon APMC,600,400,500,Uttarakhand,Other
27/03/2026,French Beans(Frasbean),298,Dehradoon,Grade B,Dehradoon APMC,2500,2000,2200,Uttarakhand,Other
09/03/2026,Apple,17,Dehradoon,Grade B,Dehradoon APMC,5500,4000,5000,Uttarakhand,Apple
24/03/2026,Apple,17,Dehradoon,Grade B,Dehradoon APMC,6500,4500,5800,Uttarakhand,Apple
18/03/2026,Pineapple,21,Dehradoon,Grade B,Dehradoon APMC,6000,4500,5500,Uttarakhand,Other
31/03/2026,Pineapple,21,Dehradoon,Grade B,Dehradoon APMC,4000,2500,3500,Uttarakhand,Other
04/03/2026,Banana,19,Dehradoon,Grade B,Dehradoon APMC,2000,1250,1800,Uttarakhand,Banana - Ripe
12/03/2026,Banana,19,Dehradoon,Grade B,Dehradoon APMC,1800,1200,1600,Uttarakhand,Banana - Ripe
31/03/2026,Banana,19,Dehradoon,Grade B,Dehradoon APMC,2500,1800,2200,Uttarakhand,Banana - Ripe
06/03/2026,Kinnow,336,Dehradoon,Grade B,Dehradoon APMC,3500,2050,3000,Uttarakhand,Other
13/03/2026,Kinnow,336,Dehradoon,Grade B,Dehradoon APMC,3800,2500,3000,Uttarakhand,Other
25/03/2026,Kinnow,336,Dehradoon,Grade B,Dehradoon APMC,4500,3200,3500,Uttarakhand,Other
13/03/2026,Pomegranate,190,Dehradoon,Grade B,Dehradoon APMC,6500,4500,5500,Uttarakhand,Other
13/03/2026,Grapes,22,Dehradoon,Grade B,Dehradoon APMC,5800,4500,5500,Uttarakhand,Black
17/03/2026,Grapes,22,Dehradoon,Grade B,Dehradoon APMC,6000,4200,5500,Uttarakhand,Green
20/03/2026,Grapes,22,Dehradoon,Grade B,Dehradoon APMC,7500,5800,6500,Uttarakhand,Green
28/03/2026,Onion,23,Dehradoon,FAQ,Dehradoon APMC,2000,1400,1800,Uttarakhand,Nasik
25/03/2026,Potato,24,Dehradoon,FAQ,Dehradoon APMC,650,450,550,Uttarakhand,Other
11/03/2026,Orange,18,Dehradoon,Grade B,Dehradoon APMC,4000,2500,3500,Uttarakhand,Orange
13/03/2026,Lemon,310,Dehradoon,FAQ,Dehradoon APMC,6000,4500,5500,Uttarakhand,Other
24/03/2026,Lemon,310,Dehradoon,FAQ,Dehradoon APMC,5000,3200,4050,Uttarakhand,Other
24/03/2026,Grapes,22,Dehradoon,Grade B,Dehradoon APMC,6500,4500,5500,Uttarakhand,Green
04/03/2026,Onion,23,Dehradoon,FAQ,Dehradoon APMC,2200,1450,1800,Uttarakhand,Nasik
24/03/2026,Onion,23,Dehradoon,FAQ,Dehradoon APMC,2200,1000,1800,Uttarakhand,Nasik
25/03/2026,Onion,23,Dehradoon,Grade B,Dehradoon APMC,1800,1250,1500,Uttarakhand,Nasik
09/03/2026,Pumpkin,84,Dehradoon,Grade B,Dehradoon APMC,1000,600,800,Uttarakhand,Other
09/03/2026,Cabbage,154,Dehradoon,Grade B,Dehradoon APMC,1000,600,800,Uttarakhand,Cabbage
12/03/2026,Tomato,78,Dehradoon,Grade B,Dehradoon APMC,1200,850,1000,Uttarakhand,Other
13/03/2026,Tomato,78,Dehradoon,FAQ,Dehradoon APMC,1500,850,1050,Uttarakhand,Other
24/03/2026,Tomato,78,Dehradoon,FAQ,Dehradoon APMC,1200,800,1000,Uttarakhand,Other
11/03/2026,Cucumbar(Kheera),159,Dehradoon,Grade B,Dehradoon APMC,1400,800,1200,Uttarakhand,Other
18/03/2026,Cucumbar(Kheera),159,Dehradoon,FAQ,Dehradoon APMC,1200,800,1000,Uttarakhand,Other
20/03/2026,Cucumbar(Kheera),159,Dehradoon,FAQ,Dehradoon APMC,1200,850,1050,Uttarakhand,Other
27/03/2026,Cucumbar(Kheera),159,Dehradoon,Grade B,Dehradoon APMC,1200,800,1000,Uttarakhand,Other
12/11/2025,French Beans(Frasbean),298,Dehradoon,Grade A,Dehradoon APMC,2500,2000,2200,Uttarakhand,Other
15/11/2025,French Beans(Frasbean),298,Dehradoon,Grade A,Dehradoon APMC,2000,1600,1800,Uttarakhand,Other
15/11/2025,Colacasia,318,Dehradoon,Grade A,Dehradoon APMC,1200,800,1000,Uttarakhand,Other
06/11/2025,Lemon,310,Dehradoon,FAQ,Dehradoon APMC,3000,2000,2500,Uttarakhand,Other
10/11/2025,Mashrooms,340,Dehradoon,Grade B,Dehradoon APMC,6000,4500,5500,Uttarakhand,Other
19/11/2025,Mashrooms,340,Dehradoon,FAQ,Dehradoon APMC,6000,4000,5000,Uttarakhand,Mashrooms
26/11/2025,Amla(Nelli Kai),355,Dehradoon,Grade B,Dehradoon APMC,1250,850,1050,Uttarakhand,Other
27/11/2025,Amla(Nelli Kai),355,Dehradoon,Grade B,Dehradoon APMC,1400,800,1200,Uttarakhand,Other
19/11/2025,Brinjal,35,Dehradoon,FAQ,Dehradoon APMC,1000,650,800,Uttarakhand,Round
14/11/2025,Cauliflower,34,Dehradoon,FAQ,Dehradoon APMC,1800,1200,1500,Uttarakhand,Other
14/11/2025,Brinjal,35,Dehradoon,FAQ,Dehradoon APMC,1250,950,1050,Uttarakhand,Round
28/11/2025,Grapes,22,Dehradoon,Grade B,Dehradoon APMC,7000,4500,6500,Uttarakhand,Green
24/11/2025,Grapes,22,Dehradoon,Grade B,Dehradoon APMC,5500,3200,3500,Uttarakhand,Green
26/11/2025,Grapes,22,Dehradoon,Grade B,Dehradoon APMC,7500,4500,5000,Uttarakhand,Green
12/11/2025,Potato,24,Dehradoon,Grade B,Dehradoon APMC,1200,800,1000,Uttarakhand,Desi
26/11/2025,Orange,18,Dehradoon,Grade B,Dehradoon APMC,3500,2500,3000,Uttarakhand,Orange
06/11/2025,Orange,18,Dehradoon,Medium,Dehradoon APMC,3200,2200,2500,Uttarakhand,Other
18/11/2025,Cauliflower,34,Dehradoon,FAQ,Dehradoon APMC,1400,800,1200,Uttarakhand,Other
03/11/2025,Banana,19,Dehradoon,Medium,Dehradoon APMC,2000,1500,1800,Uttarakhand,Other
06/11/2025,Banana,19,Dehradoon,Medium,Dehradoon APMC,2000,1200,1800,Uttarakhand,Other
27/11/2025,Potato,24,Dehradoon,FAQ,Dehradoon APMC,1200,800,1000,Uttarakhand,Desi
06/11/2025,Pineapple,21,Dehradoon,Medium,Dehradoon APMC,3000,1800,2200,Uttarakhand,Other
19/11/2025,Pineapple,21,Dehradoon,Grade B,Dehradoon APMC,2500,2000,2200,Uttarakhand,Other
20/11/2025,Pineapple,21,Dehradoon,Grade B,Dehradoon APMC,3000,2050,2500,Uttarakhand,Other
24/11/2025,Pineapple,21,Dehradoon,Grade B,Dehradoon APMC,4000,2000,2500,Uttarakhand,Other
17/11/2025,Banana,19,Dehradoon,Grade B,Dehradoon APMC,1600,1250,1500,Uttarakhand,Banana - Ripe
19/11/2025,Banana,19,Dehradoon,Grade B,Dehradoon APMC,1800,1250,1500,Uttarakhand,Banana - Ripe
20/11/2025,Banana,19,Dehradoon,Grade A,Dehradoon APMC,2200,1500,1800,Uttarakhand,Banana - Ripe
11/11/2025,Onion,23,Dehradoon,Grade B,Dehradoon APMC,2200,1600,1800,Uttarakhand,Nasik
11/11/2025,Brinjal,35,Dehradoon,Grade B,Dehradoon APMC,1000,550,800,Uttarakhand,Other
11/11/2025,Orange,18,Dehradoon,Grade C,Dehradoon APMC,2500,1500,1800,Uttarakhand,Nagpuri
24/11/2025,Apple,17,Dehradoon,Grade B,Dehradoon APMC,6000,4000,5000,Uttarakhand,Other
07/11/2025,Bottle gourd,82,Dehradoon,Grade A,Dehradoon APMC,1800,800,1500,Uttarakhand,Other
11/11/2025,Bottle gourd,82,Dehradoon,Grade B,Dehradoon APMC,1000,650,800,Uttarakhand,Other
11/11/2025,Apple,17,Dehradoon,Grade B,Dehradoon APMC,6500,4500,5500,Uttarakhand,Other
13/11/2025,Bottle gourd,82,Dehradoon,Grade B,Dehradoon APMC,900,600,800,Uttarakhand,Other
18/11/2025,Bottle gourd,82,Dehradoon,FAQ,Dehradoon APMC,2200,1800,2000,Uttarakhand,Other
06/11/2025,Bottle gourd,82,Dehradoon,FAQ,Dehradoon APMC,1450,950,1150,Uttarakhand,Other
17/11/2025,Bottle gourd,82,Dehradoon,Grade A,Dehradoon APMC,1000,600,800,Uttarakhand,Other
28/11/2025,Bhindi(Ladies Finger),85,Dehradoon,Grade B,Dehradoon APMC,1500,950,1250,Uttarakhand,Other
17/11/2025,Bitter gourd,81,Dehradoon,FAQ,Dehradoon APMC,1450,1200,1350,Uttarakhand,Other
11/11/2025,Bitter gourd,81,Dehradoon,Grade B,Dehradoon APMC,2200,1800,2000,Uttarakhand,Other
13/11/2025,Bitter gourd,81,Dehradoon,Grade B,Dehradoon APMC,1400,980,1200,Uttarakhand,Other
13/11/2025,Bitter gourd,81,Dehradoon,Grade A,Dehradoon APMC,1800,1250,1500,Uttarakhand,Other
18/11/2025,Apple,17,Dehradoon,Grade B,Dehradoon APMC,5500,4500,5000,Uttarakhand,Apple
14/11/2025,Papaya,72,Dehradoon,Grade B,Dehradoon APMC,2000,1500,1800,Uttarakhand,Other
24/11/2025,Papaya,72,Dehradoon,Grade B,Dehradoon APMC,3000,2000,2500,Uttarakhand,Other
28/11/2025,Papaya,72,Dehradoon,Grade B,Dehradoon APMC,2500,1800,2200,Uttarakhand,Other
21/11/2025,Cabbage,154,Dehradoon,FAQ,Dehradoon APMC,1400,800,1200,Uttarakhand,Cabbage
17/11/2025,Carrot,153,Dehradoon,Grade A,Dehradoon APMC,1250,850,1050,Uttarakhand,Other
21/11/2025,Carrot,153,Dehradoon,FAQ,Dehradoon APMC,1640,1250,1500,Uttarakhand,Other
17/11/2025,Green Chilli,87,Dehradoon,FAQ,Dehradoon APMC,2000,1650,1800,Uttarakhand,Other
20/11/2025,Green Chilli,87,Dehradoon,FAQ,Dehradoon APMC,2200,1750,2050,Uttarakhand,Other
18/11/2025,Mousambi(Sweet Lime),77,Dehradoon,Grade B,Dehradoon APMC,3500,2500,3000,Uttarakhand,Other
17/11/2025,Mousambi(Sweet Lime),77,Dehradoon,Grade B,Dehradoon APMC,3500,2500,3000,Uttarakhand,Other
12/11/2025,Pomegranate,190,Dehradoon,Grade B,Dehradoon APMC,6500,5000,5500,Uttarakhand,Other
04/11/2025,Pomegranate,190,Dehradoon,Medium,Dehradoon APMC,8500,6500,7500,Uttarakhand,Other
20/11/2025,Pomegranate,190,Dehradoon,Grade B,Dehradoon APMC,6500,4500,5500,Uttarakhand,Other
17/11/2025,Cabbage,154,Dehradoon,Grade B,Dehradoon APMC,1200,800,1000,Uttarakhand,Cabbage
28/11/2025,Guava,185,Dehradoon,Grade B,Dehradoon APMC,2000,1500,1800,Uttarakhand,Other
15/11/2025,Guava,185,Dehradoon,Grade B,Dehradoon APMC,2500,1800,2000,Uttarakhand,Other
04/11/2025,Raddish,161,Dehradoon,FAQ,Dehradoon APMC,600,350,450,Uttarakhand,Other
18/11/2025,Cabbage,154,Dehradoon,FAQ,Dehradoon APMC,1050,750,950,Uttarakhand,Cabbage
27/11/2025,Cucumbar(Kheera),159,Dehradoon,FAQ,Dehradoon APMC,1000,850,950,Uttarakhand,Other
28/11/2025,Pomegranate,190,Dehradoon,Grade B,Dehradoon APMC,5500,4000,4500,Uttarakhand,Other
19/12/2025,Garlic,25,Dehradoon,FAQ,Dehradoon APMC,5500,3500,5000,Uttarakhand,Garlic
10/12/2025,Grapes,22,Dehradoon,Grade B,Dehradoon APMC,5500,3550,4500,Uttarakhand,Green
03/12/2025,Amla(Nelli Kai),355,Dehradoon,Grade B,Dehradoon APMC,2000,1250,1800,Uttarakhand,Other
05/01/2026,Grapes,22,Dehradoon,Grade B,Dehradoon APMC,6500,4500,5500,Uttarakhand,Green
06/01/2026,Grapes,22,Dehradoon,Grade B,Dehradoon APMC,4800,3500,4500,Uttarakhand,Green
07/01/2026,Garlic,25,Dehradoon,FAQ,Dehradoon APMC,5000,3850,4000,Uttarakhand,Garlic
27/12/2025,Cauliflower,34,Dehradoon,FAQ,Dehradoon APMC,3000,1500,2500,Uttarakhand,Other
01/01/2026,Amla(Nelli Kai),355,Dehradoon,Grade B,Dehradoon APMC,1250,950,1050,Uttarakhand,Other
08/04/2026,Lemon,310,Dehradoon,FAQ,Dehradoon APMC,9500,6500,8500,Uttarakhand,Other
28/04/2026,Lemon,310,Dehradoon,FAQ,Dehradoon APMC,10000,6500,8500,Uttarakhand,Other
01/05/2026,Lemon,310,Dehradoon,Grade A,Dehradoon APMC,9500,6500,8500,Uttarakhand,Other
15/05/2026,Colacasia,318,Dehradoon,Grade B,Dehradoon APMC,1500,800,1200,Uttarakhand,Other
24/04/2026,Sponge gourd,311,Dehradoon,FAQ,Dehradoon APMC,2500,2000,2200,Uttarakhand,Other
30/04/2026,Sponge gourd,311,Dehradoon,FAQ,Dehradoon APMC,2000,1000,1500,Uttarakhand,Other
12/05/2026,Apple,17,Dehradoon,Grade B,Dehradoon APMC,8500,5500,6500,Uttarakhand,Apple
08/04/2026,Karbuja(Musk Melon),187,Dehradoon,Grade B,Dehradoon APMC,2500,1500,2000,Uttarakhand,Karbhuja
21/04/2026,Karbuja(Musk Melon),187,Dehradoon,Grade B,Dehradoon APMC,2200,1500,2000,Uttarakhand,Karbhuja
28/04/2026,Karbuja(Musk Melon),187,Dehradoon,Grade B,Dehradoon APMC,2000,1500,1800,Uttarakhand,Karbhuja
08/04/2026,Bhindi(Ladies Finger),85,Dehradoon,FAQ,Dehradoon APMC,2000,1500,1800,Uttarakhand,Other
17/04/2026,Bhindi(Ladies Finger),85,Dehradoon,FAQ,Dehradoon APMC,2500,2000,2200,Uttarakhand,Other
02/05/2026,Bhindi(Ladies Finger),85,Dehradoon,Grade B,Dehradoon APMC,2000,1450,1800,Uttarakhand,Other
18/04/2026,Bitter gourd,81,Dehradoon,Grade A,Dehradoon APMC,3000,2500,2800,Uttarakhand,Bitter Gourd
23/04/2026,Green Chilli,87,Dehradoon,FAQ,Dehradoon APMC,2500,2000,2200,Uttarakhand,Other
29/04/2026,Green Chilli,87,Dehradoon,FAQ,Dehradoon APMC,3000,1800,2500,Uttarakhand,Other
27/04/2026,Green Chilli,87,Dehradoon,FAQ,Dehradoon APMC,5000,3000,4000,Uttarakhand,Other
28/04/2026,Green Chilli,87,Dehradoon,FAQ,Dehradoon APMC,2800,2000,2500,Uttarakhand,Other
14/05/2026,Green Chilli,87,Dehradoon,FAQ,Dehradoon APMC,4000,2500,3500,Uttarakhand,Other
11/05/2026,Green Chilli,87,Dehradoon,Grade A,Dehradoon APMC,2500,1800,2000,Uttarakhand,Other
08/05/2026,Mousambi(Sweet Lime),77,Dehradoon,Grade B,Dehradoon APMC,4500,3000,3500,Uttarakhand,Other
14/05/2026,Mousambi(Sweet Lime),77,Dehradoon,Grade B,Dehradoon APMC,5000,3500,4500,Uttarakhand,Other
15/05/2026,Mousambi(Sweet Lime),77,Dehradoon,Grade B,Dehradoon APMC,4500,2500,3500,Uttarakhand,Other
19/05/2026,Mousambi(Sweet Lime),77,Dehradoon,Grade B,Dehradoon APMC,5000,2500,4000,Uttarakhand,Other
15/05/2026,Green Chilli,87,Dehradoon,Grade B,Dehradoon APMC,2800,1800,2200,Uttarakhand,Other
01/04/2026,Pumpkin,84,Dehradoon,FAQ,Dehradoon APMC,1410,800,1200,Uttarakhand,Other
28/04/2026,Bitter gourd,81,Dehradoon,FAQ,Dehradoon APMC,2000,1500,1800,Uttarakhand,Bitter Gourd
22/04/2026,Tomato,78,Dehradoon,FAQ,Dehradoon APMC,2200,1500,2000,Uttarakhand,Other
05/05/2026,Bhindi(Ladies Finger),85,Dehradoon,FAQ,Dehradoon APMC,2000,1500,1800,Uttarakhand,Other
14/05/2026,Bhindi(Ladies Finger),85,Dehradoon,Grade B,Dehradoon APMC,2000,1500,1800,Uttarakhand,Other
13/04/2026,Tomato,78,Dehradoon,FAQ,Dehradoon APMC,2200,1500,1800,Uttarakhand,Other
11/04/2026,Bitter gourd,81,Dehradoon,FAQ,Dehradoon APMC,3500,2500,3000,Uttarakhand,Bitter Gourd
13/04/2026,Bitter gourd,81,Dehradoon,FAQ,Dehradoon APMC,3500,2500,3000,Uttarakhand,Bitter Gourd
28/04/2026,Bhindi(Ladies Finger),85,Dehradoon,FAQ,Dehradoon APMC,2000,1500,1800,Uttarakhand,Other
30/04/2026,Bhindi(Ladies Finger),85,Dehradoon,FAQ,Dehradoon APMC,2000,1500,1800,Uttarakhand,Other
01/05/2026,Bhindi(Ladies Finger),85,Dehradoon,Grade B,Dehradoon APMC,2000,1250,1800,Uttarakhand,Other
10/04/2026,Bhindi(Ladies Finger),85,Dehradoon,FAQ,Dehradoon APMC,2000,1200,1800,Uttarakhand,Other
09/04/2026,Bitter gourd,81,Dehradoon,FAQ,Dehradoon APMC,3000,2000,2500,Uttarakhand,Bitter Gourd
27/04/2026,Water Melon,73,Dehradoon,Grade B,Dehradoon APMC,1200,1000,1050,Uttarakhand,Water Melon
05/05/2026,Water Melon,73,Dehradoon,Grade B,Dehradoon APMC,1400,800,1200,Uttarakhand,Water Melon
09/05/2026,Water Melon,73,Dehradoon,Grade B,Dehradoon APMC,1050,850,950,Uttarakhand,Water Melon
15/05/2026,Water Melon,73,Dehradoon,Grade B,Dehradoon APMC,1200,800,1000,Uttarakhand,Water Melon
14/05/2026,Tomato,78,Dehradoon,Grade B,Dehradoon APMC,1200,850,1050,Uttarakhand,Other
15/05/2026,Tomato,78,Dehradoon,FAQ,Dehradoon APMC,1500,800,1000,Uttarakhand,Other
16/04/2026,Bottle gourd,82,Dehradoon,FAQ,Dehradoon APMC,1000,600,800,Uttarakhand,Other
06/05/2026,Bottle gourd,82,Dehradoon,FAQ,Dehradoon APMC,1000,600,800,Uttarakhand,Other
08/05/2026,Bottle gourd,82,Dehradoon,Grade B,Dehradoon APMC,1000,600,800,Uttarakhand,Other
11/05/2026,Bottle gourd,82,Dehradoon,FAQ,Dehradoon APMC,1000,650,850,Uttarakhand,Other
29/04/2026,Papaya,72,Dehradoon,Grade B,Dehradoon APMC,2000,1400,1500,Uttarakhand,Other
28/04/2026,Papaya,72,Dehradoon,Grade B,Dehradoon APMC,2500,1500,2000,Uttarakhand,Other
07/05/2026,Papaya,72,Dehradoon,Grade B,Dehradoon APMC,1800,1250,1500,Uttarakhand,Other
13/05/2026,Papaya,72,Dehradoon,Grade B,Dehradoon APMC,2000,1450,1800,Uttarakhand,Other
17/04/2026,Ridgeguard(Tori),160,Dehradoon,FAQ,Dehradoon APMC,2000,1500,1800,Uttarakhand,Other
20/04/2026,Ridgeguard(Tori),160,Dehradoon,FAQ,Dehradoon APMC,2500,2000,2200,Uttarakhand,Other
28/04/2026,Ridgeguard(Tori),160,Dehradoon,FAQ,Dehradoon APMC,1500,1000,1200,Uttarakhand,Other
29/04/2026,Pineapple,21,Dehradoon,Grade B,Dehradoon APMC,3000,2000,2500,Uttarakhand,Other
01/05/2026,Pineapple,21,Dehradoon,Grade B,Dehradoon APMC,4000,2500,3500,Uttarakhand,Other
09/04/2026,Cucumbar(Kheera),159,Dehradoon,Grade B,Dehradoon APMC,1600,1200,1400,Uttarakhand,Other
11/04/2026,Cucumbar(Kheera),159,Dehradoon,FAQ,Dehradoon APMC,1200,800,1000,Uttarakhand,Other
17/04/2026,Cucumbar(Kheera),159,Dehradoon,FAQ,Dehradoon APMC,1000,600,800,Uttarakhand,Other
25/04/2026,Cucumbar(Kheera),159,Dehradoon,FAQ,Dehradoon APMC,1000,800,900,Uttarakhand,Other
08/05/2026,Mango,20,Dehradoon,Grade B,Dehradoon APMC,6500,2500,3500,Uttarakhand,Other
05/05/2026,Mango,20,Dehradoon,Grade B,Dehradoon APMC,4000,2500,3500,Uttarakhand,Other
02/04/2026,Banana,19,Dehradoon,Grade B,Dehradoon APMC,2500,1800,2200,Uttarakhand,Banana - Ripe
08/04/2026,Banana,19,Dehradoon,Grade B,Dehradoon APMC,2050,1500,1900,Uttarakhand,Banana - Ripe
07/04/2026,Banana,19,Dehradoon,Grade B,Dehradoon APMC,2400,1800,2200,Uttarakhand,Banana - Ripe
23/04/2026,Banana,19,Dehradoon,Grade B,Dehradoon APMC,2000,1500,1800,Uttarakhand,Banana - Ripe
07/04/2026,Green Chilli,87,Dehradoon,FAQ,Dehradoon APMC,3000,2000,2500,Uttarakhand,Other
18/04/2026,Pumpkin,84,Dehradoon,Grade B,Dehradoon APMC,1000,500,800,Uttarakhand,Other
20/04/2026,Pumpkin,84,Dehradoon,FAQ,Dehradoon APMC,1600,1000,1200,Uttarakhand,Other
21/04/2026,Pumpkin,84,Dehradoon,FAQ,Dehradoon APMC,1000,600,800,Uttarakhand,Other
27/04/2026,Pumpkin,84,Dehradoon,FAQ,Dehradoon APMC,1200,800,1000,Uttarakhand,Other
11/05/2026,Pumpkin,84,Dehradoon,FAQ,Dehradoon APMC,1200,800,1000,Uttarakhand,Other
13/05/2026,Pumpkin,84,Dehradoon,Grade B,Dehradoon APMC,1200,800,1000,Uttarakhand,Other
18/05/2026,Pumpkin,84,Dehradoon,FAQ,Dehradoon APMC,1000,500,800,Uttarakhand,Other
27/04/2026,Pea Pod/Pea Cod/हरी मटर,308,Dehradoon,FAQ,Dehradoon APMC,5000,3000,4500,Uttarakhand,Other
28/04/2026,Pea Pod/Pea Cod/हरी मटर,308,Dehradoon,FAQ,Dehradoon APMC,3000,2500,2800,Uttarakhand,Other
09/04/2026,Peas Wet,174,Dehradoon,FAQ,Dehradoon APMC,3500,2500,3000,Uttarakhand,Other
17/04/2026,Apple,17,Dehradoon,Grade B,Dehradoon APMC,9800,6000,8500,Uttarakhand,Other
25/04/2026,Apple,17,Dehradoon,Grade B,Dehradoon APMC,10000,6000,8500,Uttarakhand,Other
02/04/2026,Orange,18,Dehradoon,Grade B,Dehradoon APMC,5000,3000,4500,Uttarakhand,Orange
17/04/2026,Orange,18,Dehradoon,Grade B,Dehradoon APMC,4000,2500,3500,Uttarakhand,Orange
22/04/2026,Orange,18,Dehradoon,Grade B,Dehradoon APMC,3250,2500,2800,Uttarakhand,Orange
06/05/2026,Cucumbar(Kheera),159,Dehradoon,FAQ,Dehradoon APMC,1200,800,1000,Uttarakhand,Other
11/05/2026,Cucumbar(Kheera),159,Dehradoon,FAQ,Dehradoon APMC,1200,800,1000,Uttarakhand,Other
30/04/2026,Raddish,161,Dehradoon,FAQ,Dehradoon APMC,600,350,500,Uttarakhand,Other
02/04/2026,Papaya,72,Dehradoon,Grade B,Dehradoon APMC,2000,1500,1800,Uttarakhand,Other
06/04/2026,Papaya,72,Dehradoon,Grade B,Dehradoon APMC,2000,1400,1800,Uttarakhand,Other
22/04/2026,Papaya,72,Dehradoon,Grade B,Dehradoon APMC,2500,1500,2000,Uttarakhand,Other
20/04/2026,Papaya,72,Dehradoon,Grade B,Dehradoon APMC,2500,1600,2200,Uttarakhand,Other
25/04/2026,Papaya,72,Dehradoon,Grade B,Dehradoon APMC,2200,1500,2000,Uttarakhand,Other
23/04/2026,Papaya,72,Dehradoon,Grade B,Dehradoon APMC,2500,1500,2000,Uttarakhand,Other
20/04/2026,Cabbage,154,Dehradoon,FAQ,Dehradoon APMC,700,500,600,Uttarakhand,Cabbage
21/04/2026,Cabbage,154,Dehradoon,FAQ,Dehradoon APMC,700,400,560,Uttarakhand,Cabbage
09/04/2026,Cabbage,154,Dehradoon,FAQ,Dehradoon APMC,1050,850,950,Uttarakhand,Cabbage
29/04/2026,Cabbage,154,Dehradoon,FAQ,Dehradoon APMC,600,400,500,Uttarakhand,Cabbage
27/04/2026,Cabbage,154,Dehradoon,FAQ,Dehradoon APMC,700,500,600,Uttarakhand,Cabbage
28/04/2026,Cabbage,154,Dehradoon,FAQ,Dehradoon APMC,500,300,450,Uttarakhand,Cabbage
30/04/2026,Cabbage,154,Dehradoon,FAQ,Dehradoon APMC,700,500,600,Uttarakhand,Cabbage
09/04/2026,Onion,23,Dehradoon,FAQ,Dehradoon APMC,1600,1250,1500,Uttarakhand,Nasik
30/04/2026,Onion,23,Dehradoon,FAQ,Dehradoon APMC,1500,950,1250,Uttarakhand,Nasik
19/05/2026,Onion,23,Dehradoon,FAQ,Dehradoon APMC,1500,850,1050,Uttarakhand,Nasik
17/04/2026,Potato,24,Dehradoon,FAQ,Dehradoon APMC,600,400,500,Uttarakhand,Other
13/04/2026,Brinjal,35,Dehradoon,FAQ,Dehradoon APMC,700,450,600,Uttarakhand,Other
11/05/2026,Cauliflower,34,Dehradoon,Grade B,Dehradoon APMC,2000,1500,1800,Uttarakhand,Other
08/04/2026,Grapes,22,Dehradoon,Grade B,Dehradoon APMC,9500,5500,6500,Uttarakhand,Green
11/04/2026,Grapes,22,Dehradoon,Grade B,Dehradoon APMC,8500,5500,7500,Uttarakhand,Green
18/04/2026,Grapes,22,Dehradoon,Grade B,Dehradoon APMC,6500,4500,5000,Uttarakhand,Green
10/04/2026,Cauliflower,34,Dehradoon,FAQ,Dehradoon APMC,2000,1150,1500,Uttarakhand,Other
06/04/2026,Brinjal,35,Dehradoon,Grade B,Dehradoon APMC,1000,500,800,Uttarakhand,Other
18/04/2026,Cauliflower,34,Dehradoon,Grade A,Dehradoon APMC,5500,4000,5000,Uttarakhand,Other
22/04/2026,Cauliflower,34,Dehradoon,FAQ,Dehradoon APMC,3500,2000,3000,Uttarakhand,Other
21/04/2026,Cauliflower,34,Dehradoon,FAQ,Dehradoon APMC,3500,2000,2500,Uttarakhand,Other
23/04/2026,Cauliflower,34,Dehradoon,FAQ,Dehradoon APMC,3000,2000,2500,Uttarakhand,Other
14/05/2026,Carrot,153,Dehradoon,FAQ,Dehradoon APMC,1800,1250,1500,Uttarakhand,Other
21/04/2026,Brinjal,35,Dehradoon,FAQ,Dehradoon APMC,2000,1500,1800,Uttarakhand,Other
22/04/2026,Brinjal,35,Dehradoon,FAQ,Dehradoon APMC,1600,1200,1400,Uttarakhand,Other
29/04/2026,Brinjal,35,Dehradoon,FAQ,Dehradoon APMC,1200,800,1000,Uttarakhand,Other
08/05/2026,Potato,24,Dehradoon,FAQ,Dehradoon APMC,800,500,600,Uttarakhand,Desi
25/04/2026,Potato,24,Dehradoon,FAQ,Dehradoon APMC,600,350,500,Uttarakhand,Local
16/04/2026,Potato,24,Dehradoon,FAQ,Dehradoon APMC,600,400,500,Uttarakhand,Desi
13/05/2026,Brinjal,35,Dehradoon,Grade B,Dehradoon APMC,800,500,600,Uttarakhand,Other
15/05/2026,Brinjal,35,Dehradoon,FAQ,Dehradoon APMC,1200,800,1000,Uttarakhand,Other
04/04/2026,Carrot,153,Dehradoon,FAQ,Dehradoon APMC,2200,1500,1800,Uttarakhand,Other
11/04/2026,Carrot,153,Dehradoon,FAQ,Dehradoon APMC,2000,1250,1500,Uttarakhand,Other
13/04/2026,Carrot,153,Dehradoon,FAQ,Dehradoon APMC,2000,1500,1800,Uttarakhand,Other
21/04/2026,Pomegranate,190,Dehradoon,Grade B,Dehradoon APMC,11000,6000,8500,Uttarakhand,Other
29/04/2026,Pomegranate,190,Dehradoon,Grade B,Dehradoon APMC,8500,6500,7500,Uttarakhand,Other
27/04/2026,Pomegranate,190,Dehradoon,Grade B,Dehradoon APMC,8000,5000,6000,Uttarakhand,Other
04/05/2026,Pomegranate,190,Dehradoon,Grade B,Dehradoon APMC,9500,6500,8500,Uttarakhand,Other
14/05/2026,Pomegranate,190,Dehradoon,Grade B,Dehradoon APMC,8500,5500,6500,Uttarakhand,Other
12/05/2026,Garlic,25,Dehradoon,FAQ,Dehradoon APMC,6800,4500,5500,Uttarakhand,Garlic
09/05/2026,Brinjal,35,Dehradoon,FAQ,Dehradoon APMC,1200,800,1000,Uttarakhand,Round
12/05/2026,Potato,24,Dehradoon,Grade B,Dehradoon APMC,750,400,600,Uttarakhand,Other
08/04/2026,Mashrooms,340,Dehradoon,FAQ,Dehradoon APMC,6500,5500,6000,Uttarakhand,Mashrooms
15/05/2026,Potato,24,Dehradoon,Grade B,Dehradoon APMC,800,450,600,Uttarakhand,Other
28/04/2026,French Beans(Frasbean),298,Dehradoon,FAQ,Dehradoon APMC,2500,1800,2000,Uttarakhand,Other
02/05/2026,Kinnow,336,Dehradoon,Grade B,Dehradoon APMC,4500,3000,3500,Uttarakhand,Other
02/02/2026,Papaya,72,Dehradoon,Grade B,Dehradoon APMC,2000,1250,1500,Uttarakhand,Other
03/02/2026,Papaya,72,Dehradoon,Grade B,Dehradoon APMC,2000,1450,1800,Uttarakhand,Other
09/02/2026,Papaya,72,Dehradoon,Grade B,Dehradoon APMC,1200,850,1050,Uttarakhand,Other
16/02/2026,Papaya,72,Dehradoon,Grade C,Dehradoon APMC,2000,1200,1500,Uttarakhand,Other
27/02/2026,Papaya,72,Dehradoon,Grade B,Dehradoon APMC,2000,1200,1800,Uttarakhand,Other
11/02/2026,Chikoos(Sapota),71,Dehradoon,Grade B,Dehradoon APMC,3250,2000,3000,Uttarakhand,Other
06/02/2026,Brinjal,35,Dehradoon,FAQ,Dehradoon APMC,1200,800,1000,Uttarakhand,Other
08/02/2026,Brinjal,35,Dehradoon,FAQ,Dehradoon APMC,1000,600,800,Uttarakhand,Other
13/02/2026,Brinjal,35,Dehradoon,FAQ,Dehradoon APMC,950,500,800,Uttarakhand,Other
11/02/2026,Cucumbar(Kheera),159,Dehradoon,FAQ,Dehradoon APMC,1200,850,1050,Uttarakhand,Other
20/02/2026,Cucumbar(Kheera),159,Dehradoon,FAQ,Dehradoon APMC,1500,1000,1200,Uttarakhand,Other
23/02/2026,Cucumbar(Kheera),159,Dehradoon,Grade B,Dehradoon APMC,1200,800,1000,Uttarakhand,Other
10/02/2026,Mousambi(Sweet Lime),77,Dehradoon,Grade B,Dehradoon APMC,3500,2500,3000,Uttarakhand,Other
08/02/2026,Mousambi(Sweet Lime),77,Dehradoon,Grade B,Dehradoon APMC,4200,2500,2800,Uttarakhand,Other
17/02/2026,Mousambi(Sweet Lime),77,Dehradoon,Grade B,Dehradoon APMC,4500,3050,4000,Uttarakhand,Other
10/02/2026,Pumpkin,84,Dehradoon,FAQ,Dehradoon APMC,1200,800,1000,Uttarakhand,Other
13/02/2026,Pumpkin,84,Dehradoon,FAQ,Dehradoon APMC,1000,600,800,Uttarakhand,Other
18/02/2026,Grapes,22,Dehradoon,Grade B,Dehradoon APMC,6500,3500,4500,Uttarakhand,Green
12/02/2026,Potato,24,Dehradoon,FAQ,Dehradoon APMC,600,450,550,Uttarakhand,Desi
18/02/2026,Potato,24,Dehradoon,Grade B,Dehradoon APMC,650,450,550,Uttarakhand,Local
16/02/2026,Potato,24,Dehradoon,FAQ,Dehradoon APMC,700,500,600,Uttarakhand,Desi
05/02/2026,Onion,23,Dehradoon,FAQ,Dehradoon APMC,2200,1800,2000,Uttarakhand,Nasik
10/02/2026,Onion,23,Dehradoon,FAQ,Dehradoon APMC,1600,1350,1500,Uttarakhand,Nasik
12/02/2026,Onion,23,Dehradoon,FAQ,Dehradoon APMC,1800,1250,1500,Uttarakhand,Nasik
20/02/2026,Onion,23,Dehradoon,FAQ,Dehradoon APMC,2000,1500,1800,Uttarakhand,Nasik
08/02/2026,Banana,19,Dehradoon,Grade C,Dehradoon APMC,1800,1450,1600,Uttarakhand,Banana - Ripe
03/02/2026,Cabbage,154,Dehradoon,FAQ,Dehradoon APMC,1200,800,1000,Uttarakhand,Cabbage
02/02/2026,Cabbage,154,Dehradoon,FAQ,Dehradoon APMC,1400,800,1200,Uttarakhand,Cabbage
16/02/2026,Onion,23,Dehradoon,FAQ,Dehradoon APMC,1800,1200,1500,Uttarakhand,Nasik
17/02/2026,Brinjal,35,Dehradoon,FAQ,Dehradoon APMC,1000,600,800,Uttarakhand,Other
24/02/2026,Onion,23,Dehradoon,Grade B,Dehradoon APMC,1500,950,1050,Uttarakhand,Nasik
25/02/2026,Banana,19,Dehradoon,Grade B,Dehradoon APMC,1800,1250,1500,Uttarakhand,Banana - Ripe
27/02/2026,Banana,19,Dehradoon,Grade B,Dehradoon APMC,1800,1200,1500,Uttarakhand,Banana - Ripe
04/02/2026,Potato,24,Dehradoon,FAQ,Dehradoon APMC,800,450,600,Uttarakhand,Other
02/02/2026,Pineapple,21,Dehradoon,Grade B,Dehradoon APMC,3000,2000,2500,Uttarakhand,Other
13/02/2026,Pineapple,21,Dehradoon,Grade B,Dehradoon APMC,3000,2000,2500,Uttarakhand,Other
21/02/2026,Pineapple,21,Dehradoon,Grade B,Dehradoon APMC,3500,2000,2500,Uttarakhand,Other
27/02/2026,Pineapple,21,Dehradoon,Grade B,Dehradoon APMC,4000,2500,3500,Uttarakhand,Other
16/02/2026,Tomato,78,Dehradoon,Grade B,Dehradoon APMC,2000,800,1500,Uttarakhand,Other
06/02/2026,Tomato,78,Dehradoon,FAQ,Dehradoon APMC,1250,950,1050,Uttarakhand,Other
21/02/2026,Carrot,153,Dehradoon,FAQ,Dehradoon APMC,1000,650,800,Uttarakhand,Other
03/02/2026,Carrot,153,Dehradoon,FAQ,Dehradoon APMC,1400,1000,1200,Uttarakhand,Other
09/02/2026,Carrot,153,Dehradoon,FAQ,Dehradoon APMC,1250,800,1000,Uttarakhand,Other
12/02/2026,Bitter gourd,81,Dehradoon,FAQ,Dehradoon APMC,2500,1800,2200,Uttarakhand,Bitter Gourd
15/02/2026,Bitter gourd,81,Dehradoon,Grade B,Dehradoon APMC,2800,2000,2500,Uttarakhand,Bitter Gourd
16/02/2026,Bitter gourd,81,Dehradoon,Grade B,Dehradoon APMC,2000,1400,1800,Uttarakhand,Bitter Gourd
25/02/2026,Mousambi(Sweet Lime),77,Dehradoon,Grade B,Dehradoon APMC,4800,3800,4500,Uttarakhand,Other
03/02/2026,French Beans(Frasbean),298,Dehradoon,FAQ,Dehradoon APMC,2200,1450,2000,Uttarakhand,Other
08/02/2026,Bitter gourd,81,Dehradoon,Grade B,Dehradoon APMC,1800,1250,1500,Uttarakhand,Bitter Gourd
10/02/2026,Bitter gourd,81,Dehradoon,FAQ,Dehradoon APMC,2800,2000,2500,Uttarakhand,Bitter Gourd
21/02/2026,Bitter gourd,81,Dehradoon,FAQ,Dehradoon APMC,2000,1050,1500,Uttarakhand,Bitter Gourd
23/02/2026,Bitter gourd,81,Dehradoon,Grade C,Dehradoon APMC,2200,1600,1800,Uttarakhand,Bitter Gourd
24/02/2026,Bitter gourd,81,Dehradoon,Grade B,Dehradoon APMC,2000,1200,1600,Uttarakhand,Bitter Gourd
02/02/2026,Bhindi(Ladies Finger),85,Dehradoon,FAQ,Dehradoon APMC,2500,1600,2200,Uttarakhand,Other
09/02/2026,Bhindi(Ladies Finger),85,Dehradoon,FAQ,Dehradoon APMC,2000,1600,1800,Uttarakhand,Other
05/02/2026,Kinnow,336,Dehradoon,Grade B,Dehradoon APMC,2500,1850,2200,Uttarakhand,Other
11/02/2026,Kinnow,336,Dehradoon,Grade B,Dehradoon APMC,3000,2000,2500,Uttarakhand,Other
10/02/2026,Kinnow,336,Dehradoon,Grade B,Dehradoon APMC,4200,3250,4000,Uttarakhand,Other
12/02/2026,Kinnow,336,Dehradoon,Grade B,Dehradoon APMC,2500,1900,2200,Uttarakhand,Other
05/02/2026,Orange,18,Dehradoon,Grade B,Dehradoon APMC,3000,1850,2500,Uttarakhand,Orange
10/02/2026,Orange,18,Dehradoon,Grade B,Dehradoon APMC,3500,2800,3200,Uttarakhand,Orange
12/02/2026,Orange,18,Dehradoon,Grade C,Dehradoon APMC,3500,2500,3000,Uttarakhand,Orange
06/02/2026,Lemon,310,Dehradoon,Grade B,Dehradoon APMC,5500,4000,5000,Uttarakhand,Other
21/02/2026,Lemon,310,Dehradoon,FAQ,Dehradoon APMC,6500,4500,5500,Uttarakhand,Other
03/02/2026,Pomegranate,190,Dehradoon,Grade B,Dehradoon APMC,5500,4500,5000,Uttarakhand,Other
17/02/2026,Pomegranate,190,Dehradoon,Grade B,Dehradoon APMC,6500,4500,5600,Uttarakhand,Other
16/02/2026,Orange,18,Dehradoon,Grade B,Dehradoon APMC,4500,2000,3500,Uttarakhand,Orange
21/02/2026,Orange,18,Dehradoon,Grade B,Dehradoon APMC,4500,2500,3500,Uttarakhand,Orange
19/02/2026,Orange,18,Dehradoon,Grade B,Dehradoon APMC,5500,3500,4500,Uttarakhand,Orange
06/02/2026,Guava,185,Dehradoon,Grade B,Dehradoon APMC,3000,2000,2500,Uttarakhand,Other
10/02/2026,Guava,185,Dehradoon,Grade B,Dehradoon APMC,3000,2000,2500,Uttarakhand,Other
05/02/2026,Apple,17,Dehradoon,Grade B,Dehradoon APMC,7000,4500,6500,Uttarakhand,Apple
16/02/2026,Apple,17,Dehradoon,Grade B,Dehradoon APMC,6500,4500,5500,Uttarakhand,Apple
20/02/2026,Apple,17,Dehradoon,Grade B,Dehradoon APMC,6500,4500,5500,Uttarakhand,Apple
27/02/2026,Apple,17,Dehradoon,Grade B,Dehradoon APMC,6500,4500,5500,Uttarakhand,Apple
06/02/2026,Bottle gourd,82,Dehradoon,FAQ,Dehradoon APMC,1000,650,800,Uttarakhand,Other
19/02/2026,Bottle gourd,82,Dehradoon,Grade B,Dehradoon APMC,1000,650,800,Uttarakhand,Other
24/02/2026,Bottle gourd,82,Dehradoon,Grade B,Dehradoon APMC,1000,600,800,Uttarakhand,Other
27/02/2026,Bottle gourd,82,Dehradoon,Grade B,Dehradoon APMC,1200,800,1000,Uttarakhand,Other
24/03/2026,Pomegranate,190,Dehradoon,Grade B,Dehradoon APMC,9500,6500,8500,Uttarakhand,Other
27/03/2026,Pomegranate,190,Dehradoon,Grade B,Dehradoon APMC,7500,5500,6500,Uttarakhand,Other
28/03/2026,Pomegranate,190,Dehradoon,Grade B,Dehradoon APMC,10100,6500,8500,Uttarakhand,Other
18/03/2026,Grapes,22,Dehradoon,Grade B,Dehradoon APMC,7500,5500,6500,Uttarakhand,Black
23/03/2026,Grapes,22,Dehradoon,Grade B,Dehradoon APMC,8800,5500,6500,Uttarakhand,Green
27/03/2026,Grapes,22,Dehradoon,Grade B,Dehradoon APMC,7500,5500,6500,Uttarakhand,Green
06/03/2026,Garlic,25,Dehradoon,FAQ,Dehradoon APMC,6500,4800,5200,Uttarakhand,Garlic
10/03/2026,Orange,18,Dehradoon,Grade B,Dehradoon APMC,4500,2500,3500,Uttarakhand,Orange
13/03/2026,Banana,19,Dehradoon,Grade B,Dehradoon APMC,1800,1250,1500,Uttarakhand,Banana - Ripe
16/03/2026,Banana,19,Dehradoon,Grade B,Dehradoon APMC,1800,1200,1500,Uttarakhand,Banana - Ripe
20/03/2026,Banana,19,Dehradoon,Grade B,Dehradoon APMC,2200,1800,2000,Uttarakhand,Banana - Ripe
28/03/2026,Banana,19,Dehradoon,Grade B,Dehradoon APMC,2500,1800,2200,Uttarakhand,Banana - Ripe
13/03/2026,Onion,23,Dehradoon,FAQ,Dehradoon APMC,1250,900,1050,Uttarakhand,Nasik
09/03/2026,Grapes,22,Dehradoon,Grade B,Dehradoon APMC,5500,4000,4500,Uttarakhand,Green
18/03/2026,Grapes,22,Dehradoon,Grade B,Dehradoon APMC,7500,5400,6500,Uttarakhand,Green
24/03/2026,Peas Wet,174,Dehradoon,FAQ,Dehradoon APMC,2800,2000,2500,Uttarakhand,Peas Wet
27/03/2026,Karbuja(Musk Melon),187,Dehradoon,Grade B,Dehradoon APMC,4000,2500,3500,Uttarakhand,Karbhuja
06/03/2026,Mousambi(Sweet Lime),77,Dehradoon,Grade B,Dehradoon APMC,4800,3800,4500,Uttarakhand,Other
10/03/2026,Mousambi(Sweet Lime),77,Dehradoon,Grade B,Dehradoon APMC,5500,3250,4500,Uttarakhand,Other
12/03/2026,Mousambi(Sweet Lime),77,Dehradoon,Grade B,Dehradoon APMC,4500,3500,4050,Uttarakhand,Other
11/03/2026,Cauliflower,34,Dehradoon,FAQ,Dehradoon APMC,1150,850,1000,Uttarakhand,Other
20/03/2026,Orange,18,Dehradoon,Grade B,Dehradoon APMC,6500,4000,5000,Uttarakhand,Orange
23/03/2026,Orange,18,Dehradoon,Grade B,Dehradoon APMC,5500,3250,4500,Uttarakhand,Orange
04/03/2026,Pineapple,21,Dehradoon,Grade B,Dehradoon APMC,3500,2500,3000,Uttarakhand,Other
24/03/2026,Pineapple,21,Dehradoon,Grade B,Dehradoon APMC,3500,2200,3000,Uttarakhand,Other
28/03/2026,Apple,17,Dehradoon,Grade B,Dehradoon APMC,6500,4500,5500,Uttarakhand,Apple
13/03/2026,French Beans(Frasbean),298,Dehradoon,FAQ,Dehradoon APMC,2000,1600,1800,Uttarakhand,Other
15/03/2026,Pumpkin,84,Dehradoon,FAQ,Dehradoon APMC,1200,800,1000,Uttarakhand,Other
23/03/2026,Pumpkin,84,Dehradoon,FAQ,Dehradoon APMC,1200,800,1000,Uttarakhand,Other
11/03/2026,Bitter gourd,81,Dehradoon,Grade B,Dehradoon APMC,2000,1450,1800,Uttarakhand,Bitter Gourd
13/03/2026,Papaya,72,Dehradoon,Grade B,Dehradoon APMC,2500,1250,2000,Uttarakhand,Other
17/03/2026,Papaya,72,Dehradoon,Grade B,Dehradoon APMC,1800,1200,1500,Uttarakhand,Other
18/03/2026,Papaya,72,Dehradoon,Grade B,Dehradoon APMC,2000,1500,1800,Uttarakhand,Other
10/03/2026,Bitter gourd,81,Dehradoon,Grade B,Dehradoon APMC,1500,1000,1200,Uttarakhand,Other
06/03/2026,Potato,24,Dehradoon,FAQ,Dehradoon APMC,600,450,550,Uttarakhand,Desi
20/03/2026,Kinnow,336,Dehradoon,Grade B,Dehradoon APMC,5500,3500,4500,Uttarakhand,Other
05/03/2026,Lemon,310,Dehradoon,FAQ,Dehradoon APMC,4500,3000,3500,Uttarakhand,Other
15/03/2026,Lemon,310,Dehradoon,FAQ,Dehradoon APMC,5500,3500,5000,Uttarakhand,Other
16/03/2026,Cabbage,154,Dehradoon,FAQ,Dehradoon APMC,1200,850,1050,Uttarakhand,Cabbage
09/03/2026,Carrot,153,Dehradoon,Grade B,Dehradoon APMC,1000,650,800,Uttarakhand,Other
11/03/2026,Carrot,153,Dehradoon,Grade B,Dehradoon APMC,1200,650,1000,Uttarakhand,Other
31/03/2026,Carrot,153,Dehradoon,Grade B,Dehradoon APMC,2200,1800,2000,Uttarakhand,Other
17/03/2026,Cabbage,154,Dehradoon,FAQ,Dehradoon APMC,1200,850,1050,Uttarakhand,Cabbage
13/03/2026,Cabbage,154,Dehradoon,FAQ,Dehradoon APMC,1400,850,1200,Uttarakhand,Cabbage
04/03/2026,Bhindi(Ladies Finger),85,Dehradoon,FAQ,Dehradoon APMC,3800,2500,3500,Uttarakhand,Other
06/03/2026,Bhindi(Ladies Finger),85,Dehradoon,FAQ,Dehradoon APMC,2500,1800,2200,Uttarakhand,Other
12/03/2026,Bhindi(Ladies Finger),85,Dehradoon,Grade B,Dehradoon APMC,2500,1500,2000,Uttarakhand,Other
24/03/2026,Bhindi(Ladies Finger),85,Dehradoon,FAQ,Dehradoon APMC,2200,1450,2000,Uttarakhand,Other
20/03/2026,Bhindi(Ladies Finger),85,Dehradoon,FAQ,Dehradoon APMC,3000,1800,2500,Uttarakhand,Other
25/03/2026,Bhindi(Ladies Finger),85,Dehradoon,Grade B,Dehradoon APMC,3500,2000,2500,Uttarakhand,Other
31/03/2026,Bhindi(Ladies Finger),85,Dehradoon,FAQ,Dehradoon APMC,2800,1800,2500,Uttarakhand,Other
16/03/2026,Bitter gourd,81,Dehradoon,FAQ,Dehradoon APMC,2200,1800,2000,Uttarakhand,Other
10/03/2026,Bottle gourd,82,Dehradoon,Grade B,Dehradoon APMC,1200,850,1050,Uttarakhand,Other
27/03/2026,Bottle gourd,82,Dehradoon,Grade B,Dehradoon APMC,1200,800,1000,Uttarakhand,Other
05/03/2026,Cucumbar(Kheera),159,Dehradoon,Grade B,Dehradoon APMC,1000,650,800,Uttarakhand,Other
06/03/2026,Cucumbar(Kheera),159,Dehradoon,FAQ,Dehradoon APMC,1500,850,1050,Uttarakhand,Other
17/03/2026,Cucumbar(Kheera),159,Dehradoon,FAQ,Dehradoon APMC,1400,800,1200,Uttarakhand,Other
24/03/2026,Cucumbar(Kheera),159,Dehradoon,FAQ,Dehradoon APMC,1200,850,1050,Uttarakhand,Other
02/04/2026,Lemon,310,Dehradoon,FAQ,Dehradoon APMC,7500,5500,6500,Uttarakhand,Other
13/04/2026,Lemon,310,Dehradoon,FAQ,Dehradoon APMC,6500,4000,5000,Uttarakhand,Other
02/05/2026,Lemon,310,Dehradoon,FAQ,Dehradoon APMC,9500,3500,4500,Uttarakhand,Other
15/05/2026,Lemon,310,Dehradoon,Grade B,Dehradoon APMC,8200,4500,6500,Uttarakhand,Other
19/05/2026,Lemon,310,Dehradoon,FAQ,Dehradoon APMC,8200,5500,6500,Uttarakhand,Other
12/05/2026,Mango,20,Dehradoon,Grade B,Dehradoon APMC,4500,2500,3500,Uttarakhand,Other
06/04/2026,Banana,19,Dehradoon,Grade B,Dehradoon APMC,2000,1500,1800,Uttarakhand,Banana - Ripe
09/04/2026,Banana,19,Dehradoon,Grade B,Dehradoon APMC,2200,1800,2000,Uttarakhand,Banana - Ripe
10/04/2026,Banana,19,Dehradoon,Grade B,Dehradoon APMC,2000,1500,1800,Uttarakhand,Banana - Ripe
29/04/2026,Banana,19,Dehradoon,Grade B,Dehradoon APMC,1800,1450,1600,Uttarakhand,Banana - Ripe
12/05/2026,Banana,19,Dehradoon,Grade B,Dehradoon APMC,2000,1500,1800,Uttarakhand,Banana - Ripe
08/05/2026,Banana,19,Dehradoon,Grade B,Dehradoon APMC,1500,1000,1200,Uttarakhand,Banana - Ripe
16/05/2026,Banana,19,Dehradoon,Grade B,Dehradoon APMC,1800,1400,1600,Uttarakhand,Banana - Ripe
01/04/2026,Cucumbar(Kheera),159,Dehradoon,FAQ,Dehradoon APMC,1200,800,1000,Uttarakhand,Other
06/04/2026,Cucumbar(Kheera),159,Dehradoon,FAQ,Dehradoon APMC,1400,800,1200,Uttarakhand,Other
08/04/2026,Cucumbar(Kheera),159,Dehradoon,FAQ,Dehradoon APMC,2000,1500,1800,Uttarakhand,Other
06/04/2026,Raddish,161,Dehradoon,FAQ,Dehradoon APMC,600,400,500,Uttarakhand,Other
09/04/2026,Raddish,161,Dehradoon,FAQ,Dehradoon APMC,700,500,600,Uttarakhand,Other
16/04/2026,Raddish,161,Dehradoon,FAQ,Dehradoon APMC,1000,600,800,Uttarakhand,Other
28/04/2026,Raddish,161,Dehradoon,FAQ,Dehradoon APMC,800,300,560,Uttarakhand,Other
15/05/2026,Raddish,161,Dehradoon,FAQ,Dehradoon APMC,700,500,600,Uttarakhand,Other
02/05/2026,Cucumbar(Kheera),159,Dehradoon,FAQ,Dehradoon APMC,1000,600,800,Uttarakhand,Other
05/05/2026,Brinjal,35,Dehradoon,FAQ,Dehradoon APMC,1000,600,800,Uttarakhand,Other
11/05/2026,Brinjal,35,Dehradoon,FAQ,Dehradoon APMC,800,500,600,Uttarakhand,Other
06/04/2026,Brinjal,35,Dehradoon,FAQ,Dehradoon APMC,1200,800,1000,Uttarakhand,Other
09/04/2026,Cauliflower,34,Dehradoon,FAQ,Dehradoon APMC,1800,1250,1550,Uttarakhand,Other
06/05/2026,Cauliflower,34,Dehradoon,FAQ,Dehradoon APMC,1800,1200,1500,Uttarakhand,Other
16/04/2026,Brinjal,35,Dehradoon,FAQ,Dehradoon APMC,1800,1200,1500,Uttarakhand,Other
18/04/2026,Water Melon,73,Dehradoon,Grade B,Dehradoon APMC,1500,1000,1250,Uttarakhand,Water Melon
20/04/2026,Water Melon,73,Dehradoon,Grade B,Dehradoon APMC,1500,1000,1200,Uttarakhand,Water Melon
24/04/2026,Water Melon,73,Dehradoon,Grade B,Dehradoon APMC,1200,800,1000,Uttarakhand,Water Melon
01/05/2026,Water Melon,73,Dehradoon,Grade B,Dehradoon APMC,1000,650,900,Uttarakhand,Water Melon
16/05/2026,Water Melon,73,Dehradoon,Grade C,Dehradoon APMC,1400,800,1200,Uttarakhand,Water Melon
19/05/2026,Tomato,78,Dehradoon,FAQ,Dehradoon APMC,1200,850,1050,Uttarakhand,Other
08/05/2026,Tomato,78,Dehradoon,FAQ,Dehradoon APMC,1600,850,1500,Uttarakhand,Other
18/05/2026,Bitter gourd,81,Dehradoon,FAQ,Dehradoon APMC,1400,1050,1200,Uttarakhand,Bitter Gourd
19/05/2026,Bitter gourd,81,Dehradoon,Grade B,Dehradoon APMC,1400,800,1200,Uttarakhand,Bitter Gourd
13/05/2026,Tomato,78,Dehradoon,FAQ,Dehradoon APMC,1600,1050,1400,Uttarakhand,Other
20/04/2026,Bitter gourd,81,Dehradoon,FAQ,Dehradoon APMC,2500,2000,2200,Uttarakhand,Bitter Gourd
29/04/2026,Bitter gourd,81,Dehradoon,FAQ,Dehradoon APMC,2500,1800,2200,Uttarakhand,Bitter Gourd
27/04/2026,Bitter gourd,81,Dehradoon,FAQ,Dehradoon APMC,1500,1000,1200,Uttarakhand,Bitter Gourd
04/05/2026,Bitter gourd,81,Dehradoon,Grade A,Dehradoon APMC,3000,2000,2500,Uttarakhand,Bitter Gourd
06/05/2026,Bitter gourd,81,Dehradoon,FAQ,Dehradoon APMC,2200,1500,1800,Uttarakhand,Bitter Gourd
02/04/2026,Bhindi(Ladies Finger),85,Dehradoon,FAQ,Dehradoon APMC,2200,1800,2000,Uttarakhand,Other
04/05/2026,Bhindi(Ladies Finger),85,Dehradoon,Grade B,Dehradoon APMC,2500,1500,2000,Uttarakhand,Other
06/04/2026,Tomato,78,Dehradoon,FAQ,Dehradoon APMC,1200,850,1050,Uttarakhand,Other
10/04/2026,Bitter gourd,81,Dehradoon,FAQ,Dehradoon APMC,1800,1250,1500,Uttarakhand,Bitter Gourd
18/04/2026,Bhindi(Ladies Finger),85,Dehradoon,Grade B,Dehradoon APMC,3000,2000,2500,Uttarakhand,Other
30/04/2026,Bitter gourd,81,Dehradoon,FAQ,Dehradoon APMC,1800,1200,1500,Uttarakhand,Bitter Gourd
07/04/2026,Karbuja(Musk Melon),187,Dehradoon,Grade B,Dehradoon APMC,2000,1500,1800,Uttarakhand,Karbhuja
17/04/2026,Karbuja(Musk Melon),187,Dehradoon,Grade B,Dehradoon APMC,2000,1000,1500,Uttarakhand,Karbhuja
04/04/2026,Water Melon,73,Dehradoon,Grade B,Dehradoon APMC,1400,800,1200,Uttarakhand,Water Melon
08/04/2026,Water Melon,73,Dehradoon,Grade B,Dehradoon APMC,1800,850,1050,Uttarakhand,Water Melon
06/04/2026,Green Chilli,87,Dehradoon,FAQ,Dehradoon APMC,2500,1800,2200,Uttarakhand,Other
20/04/2026,Green Chilli,87,Dehradoon,FAQ,Dehradoon APMC,2500,2000,2200,Uttarakhand,Other
01/04/2026,Green Chilli,87,Dehradoon,FAQ,Dehradoon APMC,2500,1800,2200,Uttarakhand,Other
02/04/2026,Mousambi(Sweet Lime),77,Dehradoon,Grade B,Dehradoon APMC,6000,3500,5500,Uttarakhand,Other
07/04/2026,Mousambi(Sweet Lime),77,Dehradoon,Grade B,Dehradoon APMC,6500,3550,5000,Uttarakhand,Other
10/04/2026,Mousambi(Sweet Lime),77,Dehradoon,Grade B,Dehradoon APMC,5000,3800,4500,Uttarakhand,Other
11/04/2026,Mousambi(Sweet Lime),77,Dehradoon,Grade B,Dehradoon APMC,5000,3000,4500,Uttarakhand,Other
24/04/2026,Mousambi(Sweet Lime),77,Dehradoon,Grade B,Dehradoon APMC,5000,3000,4500,Uttarakhand,Other
29/04/2026,Mousambi(Sweet Lime),77,Dehradoon,Grade B,Dehradoon APMC,4000,3000,3500,Uttarakhand,Other
28/04/2026,Mousambi(Sweet Lime),77,Dehradoon,Grade B,Dehradoon APMC,4500,3000,4000,Uttarakhand,Other
09/05/2026,Green Chilli,87,Dehradoon,FAQ,Dehradoon APMC,2500,1800,2200,Uttarakhand,Other
13/05/2026,Green Chilli,87,Dehradoon,Grade B,Dehradoon APMC,3500,2500,3000,Uttarakhand,Other
04/05/2026,Mousambi(Sweet Lime),77,Dehradoon,Grade B,Dehradoon APMC,7500,5500,6500,Uttarakhand,Other
07/05/2026,Mousambi(Sweet Lime),77,Dehradoon,Grade B,Dehradoon APMC,5000,3000,4000,Uttarakhand,Other
13/05/2026,Mousambi(Sweet Lime),77,Dehradoon,Grade B,Dehradoon APMC,5000,2200,4500,Uttarakhand,Other
18/05/2026,Mousambi(Sweet Lime),77,Dehradoon,Grade B,Dehradoon APMC,6000,4500,5500,Uttarakhand,Other
07/04/2026,Pumpkin,84,Dehradoon,FAQ,Dehradoon APMC,1000,650,900,Uttarakhand,Other
09/04/2026,Pumpkin,84,Dehradoon,FAQ,Dehradoon APMC,1000,600,800,Uttarakhand,Other
15/05/2026,Pumpkin,84,Dehradoon,Grade B,Dehradoon APMC,900,650,800,Uttarakhand,Other
12/12/2025,Orange,18,Dehradoon,Grade B,Dehradoon APMC,3050,1850,2050,Uttarakhand,Nagpuri
16/12/2025,Grapes,22,Dehradoon,Grade B,Dehradoon APMC,3500,2500,3000,Uttarakhand,Black
08/12/2025,Grapes,22,Dehradoon,Grade B,Dehradoon APMC,5500,3500,4500,Uttarakhand,Green
11/12/2025,Grapes,22,Dehradoon,Grade B,Dehradoon APMC,6000,3450,5000,Uttarakhand,Green
16/12/2025,Grapes,22,Dehradoon,Grade B,Dehradoon APMC,5000,4000,4500,Uttarakhand,Green
10/12/2025,Pineapple,21,Dehradoon,Grade B,Dehradoon APMC,4500,1850,2050,Uttarakhand,Other
07/01/2026,Green Chilli,87,Dehradoon,FAQ,Dehradoon APMC,1000,600,800,Uttarakhand,Other
27/12/2025,Potato,24,Dehradoon,FAQ,Dehradoon APMC,1000,650,850,Uttarakhand,Chips
06/11/2025,Peas Wet,174,Dehradoon,FAQ,Dehradoon APMC,2500,1500,2000,Uttarakhand,Other
03/11/2025,Raddish,161,Dehradoon,FAQ,Dehradoon APMC,600,400,500,Uttarakhand,Other
08/12/2025,Peas Wet,174,Dehradoon,Grade B,Dehradoon APMC,3500,2000,2500,Uttarakhand,Peas Wet
17/12/2025,Tomato,78,Dehradoon,FAQ,Dehradoon APMC,1250,900,1050,Uttarakhand,Hybrid
18/12/2025,Amla(Nelli Kai),355,Dehradoon,Grade B,Dehradoon APMC,1250,950,1050,Uttarakhand,Other
01/01/2026,Tomato,78,Dehradoon,Grade B,Dehradoon APMC,1300,950,1100,Uttarakhand,Other
30/12/2025,Amla(Nelli Kai),355,Dehradoon,Grade C,Dehradoon APMC,1400,800,1200,Uttarakhand,Other
26/12/2025,Amla(Nelli Kai),355,Dehradoon,Grade B,Dehradoon APMC,1500,950,1050,Uttarakhand,Other
07/01/2026,Amla(Nelli Kai),355,Dehradoon,Grade B,Dehradoon APMC,1500,850,1050,Uttarakhand,Other
07/01/2026,Mashrooms,340,Dehradoon,FAQ,Dehradoon APMC,7500,5000,6000,Uttarakhand,Mashrooms
11/01/2026,Amla(Nelli Kai),355,Dehradoon,Grade B,Dehradoon APMC,1500,950,1150,Uttarakhand,Other
06/12/2025,Raddish,161,Dehradoon,Grade B,Dehradoon APMC,800,600,750,Uttarakhand,Raddish
23/12/2025,Brinjal,35,Dehradoon,FAQ,Dehradoon APMC,1250,850,1050,Uttarakhand,Other
19/12/2025,Brinjal,35,Dehradoon,FAQ,Dehradoon APMC,1000,650,820,Uttarakhand,Other
29/12/2025,Brinjal,35,Dehradoon,FAQ,Dehradoon APMC,1200,850,1050,Uttarakhand,Other
30/12/2025,Cauliflower,34,Dehradoon,FAQ,Dehradoon APMC,1250,800,1000,Uttarakhand,Other
06/12/2025,Brinjal,35,Dehradoon,Grade B,Dehradoon APMC,900,650,750,Uttarakhand,Round
08/12/2025,Brinjal,35,Dehradoon,FAQ,Dehradoon APMC,1200,800,1000,Uttarakhand,Round
31/12/2025,Cauliflower,34,Dehradoon,FAQ,Dehradoon APMC,1500,1000,1200,Uttarakhand,Other
22/12/2025,Onion,23,Dehradoon,FAQ,Dehradoon APMC,2800,1600,2500,Uttarakhand,Nasik
02/12/2025,Apple,17,Dehradoon,Grade B,Dehradoon APMC,5500,4000,5000,Uttarakhand,Apple
03/12/2025,Apple,17,Dehradoon,Grade B,Dehradoon APMC,6500,4500,5500,Uttarakhand,Apple
30/12/2025,Potato,24,Dehradoon,FAQ,Dehradoon APMC,1000,650,800,Uttarakhand,Desi
02/12/2025,Bottle gourd,82,Dehradoon,FAQ,Dehradoon APMC,1000,650,800,Uttarakhand,Other
03/12/2025,Papaya,72,Dehradoon,Grade B,Dehradoon APMC,3000,2000,2500,Uttarakhand,Other
29/12/2025,Bhindi(Ladies Finger),85,Dehradoon,FAQ,Dehradoon APMC,2500,1850,2050,Uttarakhand,Other
31/12/2025,Bottle gourd,82,Dehradoon,FAQ,Dehradoon APMC,1500,1000,1200,Uttarakhand,Other
22/12/2025,Bitter gourd,81,Dehradoon,Grade B,Dehradoon APMC,2050,1500,1850,Uttarakhand,Bitter Gourd
29/12/2025,Bitter gourd,81,Dehradoon,Grade B,Dehradoon APMC,2000,1250,1450,Uttarakhand,Bitter Gourd
30/12/2025,Bitter gourd,81,Dehradoon,FAQ,Dehradoon APMC,2500,1500,2000,Uttarakhand,Bitter Gourd
23/12/2025,Bitter gourd,81,Dehradoon,Grade B,Dehradoon APMC,3500,2000,2500,Uttarakhand,Bitter Gourd
19/12/2025,Pomegranate,190,Dehradoon,Grade B,Dehradoon APMC,6000,3500,5500,Uttarakhand,Other
18/12/2025,Pomegranate,190,Dehradoon,Grade B,Dehradoon APMC,6500,4000,5500,Uttarakhand,Other
24/12/2025,Pomegranate,190,Dehradoon,Grade B,Dehradoon APMC,5500,3500,4500,Uttarakhand,Other
06/12/2025,Pomegranate,190,Dehradoon,Grade B,Dehradoon APMC,5000,3500,4500,Uttarakhand,Other
19/12/2025,Guava,185,Dehradoon,Grade B,Dehradoon APMC,2850,1950,2500,Uttarakhand,Other
05/12/2025,Mousambi(Sweet Lime),77,Dehradoon,Grade B,Dehradoon APMC,3500,2200,2500,Uttarakhand,Other
24/12/2025,Mousambi(Sweet Lime),77,Dehradoon,Grade B,Dehradoon APMC,4500,2050,3500,Uttarakhand,Other
26/12/2025,Mousambi(Sweet Lime),77,Dehradoon,Grade B,Dehradoon APMC,4800,3500,4500,Uttarakhand,Other
27/12/2025,Mousambi(Sweet Lime),77,Dehradoon,Grade B,Dehradoon APMC,4250,3850,4050,Uttarakhand,Other
08/12/2025,Bhindi(Ladies Finger),85,Dehradoon,Grade B,Dehradoon APMC,2000,1050,1800,Uttarakhand,Other
10/12/2025,Papaya,72,Dehradoon,Grade B,Dehradoon APMC,2050,1250,1550,Uttarakhand,Other
15/12/2025,Bhindi(Ladies Finger),85,Dehradoon,Grade B,Dehradoon APMC,1450,950,1150,Uttarakhand,Other
18/12/2025,Bhindi(Ladies Finger),85,Dehradoon,Grade B,Dehradoon APMC,1800,1050,1250,Uttarakhand,Other
23/12/2025,Papaya,72,Dehradoon,Grade B,Dehradoon APMC,2200,1450,2000,Uttarakhand,Other
27/12/2025,Potato,24,Dehradoon,FAQ,Dehradoon APMC,1000,650,800,Uttarakhand,Desi
26/12/2025,Cabbage,154,Dehradoon,FAQ,Dehradoon APMC,1250,950,1050,Uttarakhand,Cabbage
29/12/2025,Cabbage,154,Dehradoon,FAQ,Dehradoon APMC,1300,1050,1250,Uttarakhand,Cabbage
31/12/2025,Cabbage,154,Dehradoon,FAQ,Dehradoon APMC,1200,950,1050,Uttarakhand,Cabbage
30/12/2025,Cucumbar(Kheera),159,Dehradoon,FAQ,Dehradoon APMC,1250,950,1150,Uttarakhand,Other
17/12/2025,Cucumbar(Kheera),159,Dehradoon,Grade B,Dehradoon APMC,1200,800,1000,Uttarakhand,Other
20/12/2025,Cucumbar(Kheera),159,Dehradoon,FAQ,Dehradoon APMC,1000,600,800,Uttarakhand,Other
26/12/2025,Cucumbar(Kheera),159,Dehradoon,FAQ,Dehradoon APMC,1250,850,1050,Uttarakhand,Other
04/12/2025,Cucumbar(Kheera),159,Dehradoon,FAQ,Dehradoon APMC,900,600,750,Uttarakhand,Other
30/12/2025,Mousambi(Sweet Lime),77,Dehradoon,Grade B,Dehradoon APMC,2500,1950,2200,Uttarakhand,Other
18/12/2025,Mousambi(Sweet Lime),77,Dehradoon,Grade B,Dehradoon APMC,3500,2050,3000,Uttarakhand,Other
26/12/2025,Papaya,72,Dehradoon,Grade B,Dehradoon APMC,1800,1200,1500,Uttarakhand,Other
15/12/2025,Bottle gourd,82,Dehradoon,Grade B,Dehradoon APMC,950,650,850,Uttarakhand,Other
19/12/2025,Bottle gourd,82,Dehradoon,FAQ,Dehradoon APMC,900,600,750,Uttarakhand,Other
27/12/2025,Bottle gourd,82,Dehradoon,FAQ,Dehradoon APMC,1500,1000,1200,Uttarakhand,Other
30/12/2025,Green Chilli,87,Dehradoon,FAQ,Dehradoon APMC,2500,1950,2050,Uttarakhand,Other
22/12/2025,Green Chilli,87,Dehradoon,Grade B,Dehradoon APMC,2800,2000,2500,Uttarakhand,Other
03/12/2025,Bhindi(Ladies Finger),85,Dehradoon,FAQ,Dehradoon APMC,2000,1450,1800,Uttarakhand,Other
18/12/2025,Apple,17,Dehradoon,Grade B,Dehradoon APMC,5500,4500,5000,Uttarakhand,Other
17/12/2025,Orange,18,Dehradoon,Grade B,Dehradoon APMC,2350,1950,2200,Uttarakhand,Orange
09/12/2025,Orange,18,Dehradoon,Grade B,Dehradoon APMC,3250,2000,2800,Uttarakhand,Orange
12/12/2025,Apple,17,Dehradoon,Grade B,Dehradoon APMC,6500,4500,5500,Uttarakhand,Other
16/12/2025,Apple,17,Dehradoon,Grade B,Dehradoon APMC,6500,4500,5500,Uttarakhand,Other
27/12/2025,Banana,19,Dehradoon,Grade B,Dehradoon APMC,2000,1250,1500,Uttarakhand,Banana - Ripe
09/12/2025,Cabbage,154,Dehradoon,Grade B,Dehradoon APMC,1000,850,980,Uttarakhand,Cabbage
04/12/2025,Cabbage,154,Dehradoon,FAQ,Dehradoon APMC,1200,850,1050,Uttarakhand,Cabbage
11/12/2025,Apple,17,Dehradoon,Grade B,Dehradoon APMC,5500,3550,4500,Uttarakhand,Apple
05/12/2025,Banana,19,Dehradoon,Grade B,Dehradoon APMC,2000,1200,1800,Uttarakhand,Banana - Ripe
08/12/2025,Banana,19,Dehradoon,Grade B,Dehradoon APMC,2500,1800,2000,Uttarakhand,Banana - Ripe
30/12/2025,Banana,19,Dehradoon,Grade B,Dehradoon APMC,1800,1250,1500,Uttarakhand,Banana - Ripe
03/12/2025,Kinnow,336,Dehradoon,Grade B,Dehradoon APMC,2500,1850,2050,Uttarakhand,Other
04/12/2025,Kinnow,336,Dehradoon,Grade B,Dehradoon APMC,2200,1850,2000,Uttarakhand,Other
30/12/2025,Kinnow,336,Dehradoon,Grade B,Dehradoon APMC,3500,2000,2500,Uttarakhand,Other
29/12/2025,Kinnow,336,Dehradoon,Grade B,Dehradoon APMC,2800,2200,2500,Uttarakhand,Other
31/12/2025,Kinnow,336,Dehradoon,Grade B,Dehradoon APMC,2000,1250,1800,Uttarakhand,Other
12/12/2025,Brinjal,35,Dehradoon,Grade B,Dehradoon APMC,1000,600,800,Uttarakhand,Other
15/12/2025,Grapes,22,Dehradoon,Grade B,Dehradoon APMC,5800,4500,4950,Uttarakhand,Black
29/12/2025,Brinjal,35,Dehradoon,FAQ,Dehradoon APMC,1200,800,1000,Uttarakhand,Round
18/12/2025,Brinjal,35,Dehradoon,FAQ,Dehradoon APMC,900,650,800,Uttarakhand,Round
16/12/2025,Pineapple,21,Dehradoon,Grade B,Dehradoon APMC,3000,2050,2500,Uttarakhand,Other
09/12/2025,French Beans(Frasbean),298,Dehradoon,Grade B,Dehradoon APMC,2200,1500,1800,Uttarakhand,Other
17/12/2025,French Beans(Frasbean),298,Dehradoon,Grade B,Dehradoon APMC,2500,1750,2050,Uttarakhand,Other
24/12/2025,French Beans(Frasbean),298,Dehradoon,FAQ,Dehradoon APMC,2200,1550,2000,Uttarakhand,Other
15/12/2025,Lemon,310,Dehradoon,FAQ,Dehradoon APMC,4000,3000,3500,Uttarakhand,Other
22/12/2025,Lemon,310,Dehradoon,FAQ,Dehradoon APMC,5000,3250,4000,Uttarakhand,Other
10/12/2025,Colacasia,318,Dehradoon,FAQ,Dehradoon APMC,1400,850,1050,Uttarakhand,Other
30/12/2025,Colacasia,318,Dehradoon,FAQ,Dehradoon APMC,1200,850,1050,Uttarakhand,Other
23/12/2025,Colacasia,318,Dehradoon,Grade B,Dehradoon APMC,1500,1000,1200,Uttarakhand,Other
18/12/2025,Colacasia,318,Dehradoon,FAQ,Dehradoon APMC,1200,800,1000,Uttarakhand,Other
27/12/2025,Amla(Nelli Kai),355,Dehradoon,Grade A,Dehradoon APMC,2000,1450,1800,Uttarakhand,Other
24/12/2025,Grapes,22,Dehradoon,Grade B,Dehradoon APMC,4000,2850,3250,Uttarakhand,Black
11/11/2025,Pomegranate,190,Dehradoon,Grade C,Dehradoon APMC,6500,3250,4500,Uttarakhand,Other
21/11/2025,Pomegranate,190,Dehradoon,Grade B,Dehradoon APMC,5000,3250,4500,Uttarakhand,Other
26/11/2025,Pomegranate,190,Dehradoon,Grade B,Dehradoon APMC,6500,4500,5500,Uttarakhand,Other
24/11/2025,Guava,185,Dehradoon,Grade C,Dehradoon APMC,2600,1600,2500,Uttarakhand,Other
26/11/2025,Guava,185,Dehradoon,Grade B,Dehradoon APMC,4000,2800,3250,Uttarakhand,Other
12/11/2025,Peas Wet,174,Dehradoon,Grade A,Dehradoon APMC,4500,2800,3200,Uttarakhand,Peas Wet
06/11/2025,Colacasia,318,Dehradoon,FAQ,Dehradoon APMC,1400,800,1200,Uttarakhand,Other
18/11/2025,Colacasia,318,Dehradoon,FAQ,Dehradoon APMC,1100,800,1000,Uttarakhand,Other
17/11/2025,Colacasia,318,Dehradoon,Grade B,Dehradoon APMC,1050,800,950,Uttarakhand,Other
26/11/2025,Colacasia,318,Dehradoon,FAQ,Dehradoon APMC,1200,800,1000,Uttarakhand,Other
28/11/2025,Kinnow,336,Dehradoon,Grade B,Dehradoon APMC,2200,1850,2000,Uttarakhand,Other
10/11/2025,Brinjal,35,Dehradoon,Grade B,Dehradoon APMC,1400,800,1200,Uttarakhand,Other
10/11/2025,Orange,18,Dehradoon,Grade C,Dehradoon APMC,2500,1500,2000,Uttarakhand,Other
19/11/2025,Orange,18,Dehradoon,Grade B,Dehradoon APMC,3450,2000,2500,Uttarakhand,Medium
17/11/2025,Orange,18,Dehradoon,Grade B,Dehradoon APMC,3000,2000,2500,Uttarakhand,Nagpuri
14/11/2025,French Beans(Frasbean),298,Dehradoon,FAQ,Dehradoon APMC,2500,1600,2000,Uttarakhand,Other
11/11/2025,Cabbage,154,Dehradoon,Grade B,Dehradoon APMC,1200,800,1000,Uttarakhand,Other
06/11/2025,Green Chilli,87,Dehradoon,FAQ,Dehradoon APMC,2200,1800,2000,Uttarakhand,Other
28/11/2025,Orange,18,Dehradoon,Grade B,Dehradoon APMC,2500,1850,2050,Uttarakhand,Orange
26/11/2025,Cauliflower,34,Dehradoon,FAQ,Dehradoon APMC,1200,850,1050,Uttarakhand,Other
12/11/2025,Pineapple,21,Dehradoon,Grade C,Dehradoon APMC,4500,2800,3200,Uttarakhand,Other
26/11/2025,Pineapple,21,Dehradoon,Grade B,Dehradoon APMC,3250,2200,2800,Uttarakhand,Other
17/11/2025,Cauliflower,34,Dehradoon,Grade A,Dehradoon APMC,1300,1000,1200,Uttarakhand,Other
29/11/2025,Banana,19,Dehradoon,Grade B,Dehradoon APMC,1800,1200,1500,Uttarakhand,Banana - Ripe
21/11/2025,Pineapple,21,Dehradoon,Grade B,Dehradoon APMC,3000,1650,2500,Uttarakhand,Other
12/11/2025,Apple,17,Dehradoon,Grade B,Dehradoon APMC,6500,4500,5500,Uttarakhand,Other
14/11/2025,Apple,17,Dehradoon,Grade B,Dehradoon APMC,7000,5500,6500,Uttarakhand,Other
27/11/2025,Mashrooms,340,Dehradoon,FAQ,Dehradoon APMC,6500,4500,5500,Uttarakhand,Mashrooms
24/11/2025,Amla(Nelli Kai),355,Dehradoon,Grade B,Dehradoon APMC,1150,860,1000,Uttarakhand,Other
03/11/2025,Onion,23,Dehradoon,FAQ,Dehradoon APMC,1600,1250,1500,Uttarakhand,Nasik
06/11/2025,Tomato,78,Dehradoon,FAQ,Dehradoon APMC,1200,800,1000,Uttarakhand,Deshi
27/11/2025,Bhindi(Ladies Finger),85,Dehradoon,Grade B,Dehradoon APMC,1800,1250,1500,Uttarakhand,Other
06/11/2025,Bhindi(Ladies Finger),85,Dehradoon,FAQ,Dehradoon APMC,2000,1200,1500,Uttarakhand,Other
20/11/2025,Bhindi(Ladies Finger),85,Dehradoon,FAQ,Dehradoon APMC,2000,1500,1800,Uttarakhand,Other
28/11/2025,Bitter gourd,81,Dehradoon,Grade A,Dehradoon APMC,1600,950,1200,Uttarakhand,Bitter Gourd
10/11/2025,Apple,17,Dehradoon,Grade B,Dehradoon APMC,6500,4500,5500,Uttarakhand,Apple
17/11/2025,Apple,17,Dehradoon,Grade A,Dehradoon APMC,6500,4500,5000,Uttarakhand,Apple
19/11/2025,Apple,17,Dehradoon,Grade A,Dehradoon APMC,6000,4000,5000,Uttarakhand,Apple
20/11/2025,Apple,17,Dehradoon,Grade A,Dehradoon APMC,5500,3850,4500,Uttarakhand,Apple
04/11/2025,Tomato,78,Dehradoon,FAQ,Dehradoon APMC,1800,1000,1500,Uttarakhand,Deshi
10/11/2025,Bitter gourd,81,Dehradoon,Grade B,Dehradoon APMC,2200,1800,2000,Uttarakhand,Other
22/11/2025,Apple,17,Dehradoon,Grade B,Dehradoon APMC,6000,4500,5000,Uttarakhand,Apple
12/11/2025,Bottle gourd,82,Dehradoon,Grade B,Dehradoon APMC,1200,800,1000,Uttarakhand,Other
19/11/2025,Ginger(Green),103,Dehradoon,FAQ,Dehradoon APMC,3000,1800,2500,Uttarakhand,Green Ginger
24/11/2025,Cabbage,154,Dehradoon,FAQ,Dehradoon APMC,1000,650,800,Uttarakhand,Cabbage
18/11/2025,Carrot,153,Dehradoon,FAQ,Dehradoon APMC,1200,950,1050,Uttarakhand,Other
24/11/2025,Carrot,153,Dehradoon,FAQ,Dehradoon APMC,1500,1000,1200,Uttarakhand,Other
03/11/2025,Bottle gourd,82,Dehradoon,FAQ,Dehradoon APMC,900,600,800,Uttarakhand,Other
26/11/2025,Bottle gourd,82,Dehradoon,FAQ,Dehradoon APMC,1000,600,800,Uttarakhand,Other
27/11/2025,Bottle gourd,82,Dehradoon,FAQ,Dehradoon APMC,1000,650,850,Uttarakhand,Other
11/11/2025,Papaya,72,Dehradoon,Grade B,Dehradoon APMC,2000,1200,1800,Uttarakhand,Other
12/11/2025,Papaya,72,Dehradoon,Grade B,Dehradoon APMC,2000,1500,1800,Uttarakhand,Other
18/11/2025,Papaya,72,Dehradoon,Grade B,Dehradoon APMC,2500,1500,2000,Uttarakhand,Other
20/11/2025,Papaya,72,Dehradoon,Grade A,Dehradoon APMC,2050,1500,1850,Uttarakhand,Other
10/11/2025,Green Chilli,87,Dehradoon,Grade B,Dehradoon APMC,2500,1700,2000,Uttarakhand,Other
11/11/2025,Green Chilli,87,Dehradoon,Grade B,Dehradoon APMC,2500,1750,2000,Uttarakhand,Other
06/11/2025,Tomato,78,Dehradoon,FAQ,Dehradoon APMC,1250,950,1050,Uttarakhand,Hybrid
19/11/2025,Bitter gourd,81,Dehradoon,FAQ,Dehradoon APMC,1250,950,1050,Uttarakhand,Other
15/01/2026,Mousambi(Sweet Lime),77,Dehradoon,Grade B,Dehradoon APMC,5500,4000,4500,Uttarakhand,Other
19/01/2026,Mousambi(Sweet Lime),77,Dehradoon,Grade B,Dehradoon APMC,4500,2500,3500,Uttarakhand,Other
22/01/2026,Mousambi(Sweet Lime),77,Dehradoon,Grade B,Dehradoon APMC,4800,3500,4500,Uttarakhand,Other
28/01/2026,Banana,19,Dehradoon,Grade B,Dehradoon APMC,1900,1250,1800,Uttarakhand,Banana - Ripe
01/01/2026,Banana,19,Dehradoon,Grade B,Dehradoon APMC,2000,1500,1800,Uttarakhand,Banana - Ripe
03/01/2026,Banana,19,Dehradoon,Grade B,Dehradoon APMC,1800,1250,1500,Uttarakhand,Banana - Ripe
05/01/2026,Banana,19,Dehradoon,Grade B,Dehradoon APMC,1800,1250,1500,Uttarakhand,Banana - Ripe
09/01/2026,Banana,19,Dehradoon,Grade B,Dehradoon APMC,1800,1250,1500,Uttarakhand,Banana - Ripe
24/01/2026,Garlic,25,Dehradoon,FAQ,Dehradoon APMC,5500,3500,4500,Uttarakhand,Garlic
24/01/2026,Apple,17,Dehradoon,Grade B,Dehradoon APMC,7500,5500,6500,Uttarakhand,Other
06/01/2026,Potato,24,Dehradoon,Grade B,Dehradoon APMC,1000,500,800,Uttarakhand,Desi
05/01/2026,Potato,24,Dehradoon,FAQ,Dehradoon APMC,1000,600,800,Uttarakhand,Desi
07/01/2026,Onion,23,Dehradoon,FAQ,Dehradoon APMC,2000,1400,1600,Uttarakhand,Nasik
20/01/2026,Onion,23,Dehradoon,FAQ,Dehradoon APMC,1200,850,1050,Uttarakhand,Nasik
29/01/2026,Onion,23,Dehradoon,FAQ,Dehradoon APMC,1750,1250,1600,Uttarakhand,Nasik
23/01/2026,Potato,24,Dehradoon,FAQ,Dehradoon APMC,600,400,500,Uttarakhand,Other
29/01/2026,Potato,24,Dehradoon,FAQ,Dehradoon APMC,500,350,400,Uttarakhand,Other
01/01/2026,Brinjal,35,Dehradoon,FAQ,Dehradoon APMC,1200,800,1000,Uttarakhand,Other
23/01/2026,Cauliflower,34,Dehradoon,FAQ,Dehradoon APMC,1500,850,1000,Uttarakhand,Other
08/01/2026,Orange,18,Dehradoon,Grade B,Dehradoon APMC,2200,1800,2000,Uttarakhand,Orange
24/01/2026,Orange,18,Dehradoon,Grade B,Dehradoon APMC,3800,3000,3500,Uttarakhand,Orange
30/01/2026,Pineapple,21,Dehradoon,Grade B,Dehradoon APMC,2450,1950,2200,Uttarakhand,Other
29/01/2026,Apple,17,Dehradoon,Grade B,Dehradoon APMC,7500,5500,6500,Uttarakhand,Apple
27/01/2026,Apple,17,Dehradoon,Grade B,Dehradoon APMC,6500,4500,5500,Uttarakhand,Apple
20/01/2026,Apple,17,Dehradoon,Grade B,Dehradoon APMC,6500,4500,5500,Uttarakhand,Apple
03/01/2026,Pineapple,21,Dehradoon,Grade B,Dehradoon APMC,3500,2000,2500,Uttarakhand,Other
21/01/2026,Apple,17,Dehradoon,Grade B,Dehradoon APMC,6500,4500,5500,Uttarakhand,Apple
21/01/2026,Green Chilli,87,Dehradoon,Grade B,Dehradoon APMC,2500,1900,2200,Uttarakhand,Other
01/01/2026,Colacasia,318,Dehradoon,FAQ,Dehradoon APMC,1300,950,1100,Uttarakhand,Other
09/01/2026,Colacasia,318,Dehradoon,FAQ,Dehradoon APMC,1400,800,1200,Uttarakhand,Other
13/01/2026,Papaya,72,Dehradoon,Grade B,Dehradoon APMC,2200,1150,2000,Uttarakhand,Other
11/01/2026,Papaya,72,Dehradoon,Grade B,Dehradoon APMC,2500,1800,2200,Uttarakhand,Other
24/01/2026,Papaya,72,Dehradoon,Grade C,Dehradoon APMC,1600,1250,1500,Uttarakhand,Other
05/01/2026,Cabbage,154,Dehradoon,FAQ,Dehradoon APMC,1200,850,1050,Uttarakhand,Other
12/01/2026,Cabbage,154,Dehradoon,FAQ,Dehradoon APMC,1000,600,800,Uttarakhand,Other
22/01/2026,Cabbage,154,Dehradoon,Grade B,Dehradoon APMC,1500,1000,1200,Uttarakhand,Cabbage
21/01/2026,Raddish,161,Dehradoon,Grade B,Dehradoon APMC,600,300,450,Uttarakhand,Raddish
09/01/2026,French Beans(Frasbean),298,Dehradoon,FAQ,Dehradoon APMC,2000,1250,1600,Uttarakhand,Other
08/01/2026,Bitter gourd,81,Dehradoon,FAQ,Dehradoon APMC,2300,1250,1500,Uttarakhand,Bitter Gourd
29/01/2026,Tomato,78,Dehradoon,FAQ,Dehradoon APMC,2000,800,1280,Uttarakhand,Other
19/01/2026,Tomato,78,Dehradoon,FAQ,Dehradoon APMC,2000,1000,1300,Uttarakhand,Other
31/01/2026,Mashrooms,340,Dehradoon,FAQ,Dehradoon APMC,4500,3250,4000,Uttarakhand,Mashrooms
20/01/2026,Kinnow,336,Dehradoon,Grade B,Dehradoon APMC,2500,1800,2000,Uttarakhand,Other
28/01/2026,Kinnow,336,Dehradoon,Grade B,Dehradoon APMC,3000,2200,2500,Uttarakhand,Other
19/01/2026,Pumpkin,84,Dehradoon,FAQ,Dehradoon APMC,1350,800,1000,Uttarakhand,Other
29/01/2026,Pumpkin,84,Dehradoon,FAQ,Dehradoon APMC,1500,800,1250,Uttarakhand,Other
03/01/2026,Pumpkin,84,Dehradoon,FAQ,Dehradoon APMC,1200,800,1000,Uttarakhand,Other
08/01/2026,Pumpkin,84,Dehradoon,FAQ,Dehradoon APMC,1200,800,1000,Uttarakhand,Other
08/01/2026,Guava,185,Dehradoon,Grade B,Dehradoon APMC,2000,1500,1800,Uttarakhand,Other
12/01/2026,Guava,185,Dehradoon,Grade B,Dehradoon APMC,3000,2050,2500,Uttarakhand,Other
20/01/2026,Guava,185,Dehradoon,Grade B,Dehradoon APMC,2800,2000,2500,Uttarakhand,Other
19/01/2026,Guava,185,Dehradoon,Grade B,Dehradoon APMC,4000,2800,3500,Uttarakhand,Other
22/01/2026,Guava,185,Dehradoon,Grade B,Dehradoon APMC,2500,1250,2200,Uttarakhand,Other
24/01/2026,Guava,185,Dehradoon,Grade B,Dehradoon APMC,2500,1800,2000,Uttarakhand,Other
07/01/2026,Banana,19,Dehradoon,Grade B,Dehradoon APMC,1800,1200,1500,Uttarakhand,Banana - Ripe
19/01/2026,Banana,19,Dehradoon,Grade B,Dehradoon APMC,2000,1500,1800,Uttarakhand,Banana - Ripe
13/01/2026,Banana,19,Dehradoon,Grade B,Dehradoon APMC,1800,1250,1500,Uttarakhand,Banana - Ripe
29/01/2026,Bitter gourd,81,Dehradoon,Grade B,Dehradoon APMC,3000,2200,2500,Uttarakhand,Bitter Gourd
28/01/2026,Bitter gourd,81,Dehradoon,FAQ,Dehradoon APMC,3200,1800,2200,Uttarakhand,Bitter Gourd
30/01/2026,Bitter gourd,81,Dehradoon,FAQ,Dehradoon APMC,2500,1850,2050,Uttarakhand,Bitter Gourd
03/01/2026,Bottle gourd,82,Dehradoon,FAQ,Dehradoon APMC,1000,650,800,Uttarakhand,Other
11/01/2026,Bottle gourd,82,Dehradoon,FAQ,Dehradoon APMC,1200,800,1000,Uttarakhand,Other
20/01/2026,Bottle gourd,82,Dehradoon,FAQ,Dehradoon APMC,1200,800,1000,Uttarakhand,Other
21/01/2026,Bottle gourd,82,Dehradoon,Grade B,Dehradoon APMC,1000,600,800,Uttarakhand,Other
23/01/2026,Bottle gourd,82,Dehradoon,Grade B,Dehradoon APMC,1200,800,1000,Uttarakhand,Other
27/01/2026,Cucumbar(Kheera),159,Dehradoon,FAQ,Dehradoon APMC,1800,1250,1500,Uttarakhand,Other
05/01/2026,Cucumbar(Kheera),159,Dehradoon,Grade B,Dehradoon APMC,1500,1000,1200,Uttarakhand,Other
08/01/2026,Cucumbar(Kheera),159,Dehradoon,FAQ,Dehradoon APMC,1400,800,1200,Uttarakhand,Other
15/01/2026,Cucumbar(Kheera),159,Dehradoon,Grade B,Dehradoon APMC,1000,650,800,Uttarakhand,Other
19/01/2026,Cucumbar(Kheera),159,Dehradoon,FAQ,Dehradoon APMC,1500,1000,1200,Uttarakhand,Other
31/01/2026,Lemon,310,Dehradoon,FAQ,Dehradoon APMC,2500,2000,2200,Uttarakhand,Other
31/01/2026,Carrot,153,Dehradoon,FAQ,Dehradoon APMC,1000,600,800,Uttarakhand,Other
19/01/2026,Carrot,153,Dehradoon,FAQ,Dehradoon APMC,1550,750,1200,Uttarakhand,Other
07/01/2026,Pomegranate,190,Dehradoon,Grade B,Dehradoon APMC,7500,5500,6500,Uttarakhand,Other
28/01/2026,Pomegranate,190,Dehradoon,Grade B,Dehradoon APMC,6000,3500,5500,Uttarakhand,Other
19/01/2026,Cabbage,154,Dehradoon,FAQ,Dehradoon APMC,1800,1250,1500,Uttarakhand,Cabbage
03/01/2026,Bitter gourd,81,Dehradoon,FAQ,Dehradoon APMC,2500,1500,2000,Uttarakhand,Bitter Gourd
04/05/2026,Mango,20,Dehradoon,Grade B,Dehradoon APMC,8500,2200,3500,Uttarakhand,Other
20/04/2026,Orange,18,Dehradoon,Grade B,Dehradoon APMC,3500,2500,3000,Uttarakhand,Orange
11/04/2026,Orange,18,Dehradoon,Grade B,Dehradoon APMC,6500,3000,4500,Uttarakhand,Other
12/05/2026,Guava,185,Dehradoon,Grade B,Dehradoon APMC,4500,2500,3500,Uttarakhand,Other
08/05/2026,Apple,17,Dehradoon,Grade B,Dehradoon APMC,10000,6000,8000,Uttarakhand,Delicious
04/04/2026,Apple,17,Dehradoon,Grade B,Dehradoon APMC,8200,6500,7500,Uttarakhand,Other
08/05/2026,Apple,17,Dehradoon,Grade B,Dehradoon APMC,9500,5500,6500,Uttarakhand,Other
25/04/2026,Banana,19,Dehradoon,Grade B,Dehradoon APMC,2000,1500,1800,Uttarakhand,Banana - Ripe
24/04/2026,Banana,19,Dehradoon,Grade B,Dehradoon APMC,2000,1500,1800,Uttarakhand,Banana - Ripe
28/04/2026,Banana,19,Dehradoon,Grade B,Dehradoon APMC,2000,1500,1600,Uttarakhand,Banana - Ripe
01/05/2026,Karbuja(Musk Melon),187,Dehradoon,Grade B,Dehradoon APMC,1800,1200,1500,Uttarakhand,Karbhuja
04/05/2026,Karbuja(Musk Melon),187,Dehradoon,Grade B,Dehradoon APMC,1800,1200,1500,Uttarakhand,Karbhuja
13/05/2026,Karbuja(Musk Melon),187,Dehradoon,Grade C,Dehradoon APMC,1200,800,1000,Uttarakhand,Karbhuja
19/05/2026,Karbuja(Musk Melon),187,Dehradoon,Grade B,Dehradoon APMC,1400,950,1200,Uttarakhand,Karbhuja
07/04/2026,Apple,17,Dehradoon,Grade B,Dehradoon APMC,7500,5500,6500,Uttarakhand,Apple
23/04/2026,Apple,17,Dehradoon,Grade B,Dehradoon APMC,10000,7000,8500,Uttarakhand,Apple
29/04/2026,Apple,17,Dehradoon,Grade B,Dehradoon APMC,9500,7500,8500,Uttarakhand,Apple
28/04/2026,Apple,17,Dehradoon,Grade B,Dehradoon APMC,9500,6000,8500,Uttarakhand,Apple
16/05/2026,Apple,17,Dehradoon,Grade B,Dehradoon APMC,10500,6500,8500,Uttarakhand,Apple
07/04/2026,Pineapple,21,Dehradoon,Grade B,Dehradoon APMC,4500,3500,4000,Uttarakhand,Other
17/04/2026,Pineapple,21,Dehradoon,Grade B,Dehradoon APMC,3500,2800,3000,Uttarakhand,Other
25/04/2026,Pineapple,21,Dehradoon,Grade B,Dehradoon APMC,5500,3000,4000,Uttarakhand,Other
30/04/2026,Pineapple,21,Dehradoon,Grade B,Dehradoon APMC,4000,2500,3500,Uttarakhand,Other
23/04/2026,Peas Wet,174,Dehradoon,Grade B,Dehradoon APMC,4500,3000,4000,Uttarakhand,Other
11/05/2026,Peas Wet,174,Dehradoon,FAQ,Dehradoon APMC,5000,2500,3500,Uttarakhand,Other
10/04/2026,Papaya,72,Dehradoon,Grade B,Dehradoon APMC,2000,1500,1800,Uttarakhand,Other
27/04/2026,Papaya,72,Dehradoon,Grade B,Dehradoon APMC,2000,1500,1800,Uttarakhand,Other
30/04/2026,Papaya,72,Dehradoon,Grade B,Dehradoon APMC,1800,1250,1500,Uttarakhand,Other
01/05/2026,Papaya,72,Dehradoon,Grade B,Dehradoon APMC,1800,1200,1500,Uttarakhand,Other
02/05/2026,Papaya,72,Dehradoon,Grade B,Dehradoon APMC,1800,1250,1500,Uttarakhand,Other
14/05/2026,Papaya,72,Dehradoon,Grade B,Dehradoon APMC,1600,1400,1500,Uttarakhand,Other
18/04/2026,Ridgeguard(Tori),160,Dehradoon,FAQ,Dehradoon APMC,2500,2000,2200,Uttarakhand,Other
07/05/2026,Bottle gourd,82,Dehradoon,Grade B,Dehradoon APMC,1000,600,800,Uttarakhand,Other
18/04/2026,Onion,23,Dehradoon,FAQ,Dehradoon APMC,1400,900,1200,Uttarakhand,Other
20/04/2026,Grapes,22,Dehradoon,Grade B,Dehradoon APMC,6000,4000,5500,Uttarakhand,Green
23/04/2026,Grapes,22,Dehradoon,Grade B,Dehradoon APMC,7000,4000,5000,Uttarakhand,Green
24/04/2026,Grapes,22,Dehradoon,Grade B,Dehradoon APMC,7500,4500,6500,Uttarakhand,Green
29/04/2026,Grapes,22,Dehradoon,Grade B,Dehradoon APMC,6500,4500,5500,Uttarakhand,Green
10/04/2026,Grapes,22,Dehradoon,Grade B,Dehradoon APMC,8500,5500,7500,Uttarakhand,Black
04/04/2026,Grapes,22,Dehradoon,Grade B,Dehradoon APMC,7500,5500,6500,Uttarakhand,Green
07/04/2026,Grapes,22,Dehradoon,Grade B,Dehradoon APMC,7500,5500,6500,Uttarakhand,Green
19/05/2026,Brinjal,35,Dehradoon,Grade B,Dehradoon APMC,1200,800,1000,Uttarakhand,Other
02/04/2026,Carrot,153,Dehradoon,FAQ,Dehradoon APMC,2500,1800,2200,Uttarakhand,Other
06/04/2026,Carrot,153,Dehradoon,FAQ,Dehradoon APMC,1200,950,1050,Uttarakhand,Other
07/04/2026,Carrot,153,Dehradoon,FAQ,Dehradoon APMC,1400,1000,1200,Uttarakhand,Other
18/04/2026,Carrot,153,Dehradoon,FAQ,Dehradoon APMC,2000,1500,1800,Uttarakhand,Other
22/04/2026,Carrot,153,Dehradoon,FAQ,Dehradoon APMC,2000,1500,1800,Uttarakhand,Other
25/04/2026,Carrot,153,Dehradoon,FAQ,Dehradoon APMC,2200,1800,2000,Uttarakhand,Other
23/04/2026,Carrot,153,Dehradoon,FAQ,Dehradoon APMC,1800,1500,1600,Uttarakhand,Other
24/04/2026,Carrot,153,Dehradoon,FAQ,Dehradoon APMC,2000,1500,1800,Uttarakhand,Other
12/05/2026,Carrot,153,Dehradoon,FAQ,Dehradoon APMC,2000,1450,1800,Uttarakhand,Other
15/05/2026,Carrot,153,Dehradoon,FAQ,Dehradoon APMC,2000,1200,1600,Uttarakhand,Other
20/04/2026,Potato,24,Dehradoon,FAQ,Dehradoon APMC,650,400,500,Uttarakhand,Other
24/04/2026,Potato,24,Dehradoon,FAQ,Dehradoon APMC,600,350,500,Uttarakhand,Other
13/04/2026,Potato,24,Dehradoon,FAQ,Dehradoon APMC,800,450,600,Uttarakhand,Local
24/04/2026,Potato,24,Dehradoon,FAQ,Dehradoon APMC,600,350,450,Uttarakhand,Local
10/04/2026,Potato,24,Dehradoon,Grade B,Dehradoon APMC,600,400,500,Uttarakhand,Local
22/04/2026,Onion,23,Dehradoon,FAQ,Dehradoon APMC,1300,800,1050,Uttarakhand,Nasik
24/04/2026,Onion,23,Dehradoon,FAQ,Dehradoon APMC,1200,700,950,Uttarakhand,Nasik
28/04/2026,Onion,23,Dehradoon,FAQ,Dehradoon APMC,1200,700,1100,Uttarakhand,Nasik
11/05/2026,Onion,23,Dehradoon,FAQ,Dehradoon APMC,1200,850,1050,Uttarakhand,Nasik
13/05/2026,Onion,23,Dehradoon,FAQ,Dehradoon APMC,1200,850,1050,Uttarakhand,Nasik
06/04/2026,Mashrooms,340,Dehradoon,FAQ,Dehradoon APMC,6500,5500,6000,Uttarakhand,Mashrooms
06/04/2026,Kinnow,336,Dehradoon,Grade B,Dehradoon APMC,5000,3500,4500,Uttarakhand,Other
07/04/2026,Pomegranate,190,Dehradoon,Grade B,Dehradoon APMC,9500,5500,8000,Uttarakhand,Other
17/04/2026,Pomegranate,190,Dehradoon,Grade B,Dehradoon APMC,8000,6000,7250,Uttarakhand,Other
12/05/2026,Pomegranate,190,Dehradoon,Grade B,Dehradoon APMC,7500,5500,6500,Uttarakhand,Other
02/04/2026,Potato,24,Dehradoon,FAQ,Dehradoon APMC,600,450,550,Uttarakhand,Desi
04/04/2026,Potato,24,Dehradoon,FAQ,Dehradoon APMC,800,400,600,Uttarakhand,Desi
01/04/2026,French Beans(Frasbean),298,Dehradoon,FAQ,Dehradoon APMC,2000,1650,1800,Uttarakhand,Other
08/05/2026,French Beans(Frasbean),298,Dehradoon,FAQ,Dehradoon APMC,2200,1450,1800,Uttarakhand,Other
11/05/2026,French Beans(Frasbean),298,Dehradoon,FAQ,Dehradoon APMC,2500,1750,2000,Uttarakhand,Other
10/04/2026,Cabbage,154,Dehradoon,FAQ,Dehradoon APMC,1200,800,1000,Uttarakhand,Cabbage
17/04/2026,Cabbage,154,Dehradoon,FAQ,Dehradoon APMC,800,500,650,Uttarakhand,Cabbage
02/05/2026,Cabbage,154,Dehradoon,FAQ,Dehradoon APMC,1000,600,800,Uttarakhand,Cabbage
10/12/2025,Tomato,78,Dehradoon,FAQ,Dehradoon APMC,1250,950,1050,Uttarakhand,Other
06/12/2025,Tomato,78,Dehradoon,FAQ,Dehradoon APMC,2000,1000,1500,Uttarakhand,Other
23/12/2025,Cucumbar(Kheera),159,Dehradoon,FAQ,Dehradoon APMC,1500,850,920,Uttarakhand,Other
17/12/2025,Cabbage,154,Dehradoon,Grade B,Dehradoon APMC,1400,850,1150,Uttarakhand,Cabbage
17/12/2025,Banana,19,Dehradoon,Grade B,Dehradoon APMC,2200,1800,2000,Uttarakhand,Banana - Ripe
24/12/2025,Apple,17,Dehradoon,Grade B,Dehradoon APMC,6500,4500,5500,Uttarakhand,Apple
22/12/2025,Banana,19,Dehradoon,Grade B,Dehradoon APMC,2000,1250,1800,Uttarakhand,Banana - Ripe
04/12/2025,Guava,185,Dehradoon,Grade B,Dehradoon APMC,2200,1850,2000,Uttarakhand,Other
12/12/2025,Guava,185,Dehradoon,Grade B,Dehradoon APMC,2500,1950,2050,Uttarakhand,Other
15/12/2025,Guava,185,Dehradoon,Grade B,Dehradoon APMC,3000,1850,2200,Uttarakhand,Other
17/12/2025,Guava,185,Dehradoon,Grade B,Dehradoon APMC,2200,1850,2050,Uttarakhand,Other
18/12/2025,Guava,185,Dehradoon,Grade B,Dehradoon APMC,3000,1850,2050,Uttarakhand,Other
10/12/2025,Carrot,153,Dehradoon,FAQ,Dehradoon APMC,1250,950,1050,Uttarakhand,Other
08/12/2025,Carrot,153,Dehradoon,Grade B,Dehradoon APMC,1800,900,1350,Uttarakhand,Other
30/12/2025,Raddish,161,Dehradoon,FAQ,Dehradoon APMC,800,600,700,Uttarakhand,Raddish
16/12/2025,Orange,18,Dehradoon,Grade B,Dehradoon APMC,4050,3000,3540,Uttarakhand,Medium
10/12/2025,Potato,24,Dehradoon,FAQ,Dehradoon APMC,1050,650,900,Uttarakhand,Local
17/12/2025,Potato,24,Dehradoon,Grade B,Dehradoon APMC,1200,800,1000,Uttarakhand,Local
02/12/2025,Banana,19,Dehradoon,Grade B,Dehradoon APMC,1800,1250,1500,Uttarakhand,Banana - Ripe
10/12/2025,Banana,19,Dehradoon,Grade B,Dehradoon APMC,1820,1250,1550,Uttarakhand,Banana - Ripe
11/12/2025,Banana,19,Dehradoon,Grade B,Dehradoon APMC,2000,1250,1600,Uttarakhand,Banana - Ripe
23/12/2025,Apple,17,Dehradoon,Grade B,Dehradoon APMC,6500,4500,5500,Uttarakhand,Other
20/12/2025,Apple,17,Dehradoon,Grade B,Dehradoon APMC,5000,3550,4500,Uttarakhand,Other
23/12/2025,Potato,24,Dehradoon,FAQ,Dehradoon APMC,1250,800,1000,Uttarakhand,Desi
08/12/2025,Orange,18,Dehradoon,Grade C,Dehradoon APMC,3000,2000,2500,Uttarakhand,Orange
30/12/2025,Orange,18,Dehradoon,Grade B,Dehradoon APMC,3000,2050,2500,Uttarakhand,Orange
20/12/2025,Orange,18,Dehradoon,Grade B,Dehradoon APMC,3000,1850,2500,Uttarakhand,Orange
22/12/2025,Orange,18,Dehradoon,Grade B,Dehradoon APMC,3000,2050,2500,Uttarakhand,Orange
26/12/2025,Orange,18,Dehradoon,Grade B,Dehradoon APMC,4800,3500,4000,Uttarakhand,Orange
02/12/2025,Apple,17,Dehradoon,Grade B,Dehradoon APMC,6500,4500,5000,Uttarakhand,Other
06/12/2025,Apple,17,Dehradoon,Grade B,Dehradoon APMC,5000,2800,4000,Uttarakhand,Other
08/12/2025,Potato,24,Dehradoon,FAQ,Dehradoon APMC,1400,800,1200,Uttarakhand,Desi
31/12/2025,Carrot,153,Dehradoon,FAQ,Dehradoon APMC,1450,800,1200,Uttarakhand,Other
23/12/2025,Cabbage,154,Dehradoon,FAQ,Dehradoon APMC,1200,800,1000,Uttarakhand,Cabbage
15/12/2025,Bitter gourd,81,Dehradoon,Grade B,Dehradoon APMC,1500,1050,1250,Uttarakhand,Bitter Gourd
20/12/2025,Bitter gourd,81,Dehradoon,FAQ,Dehradoon APMC,1500,950,1450,Uttarakhand,Bitter Gourd
19/11/2025,Cabbage,154,Dehradoon,FAQ,Dehradoon APMC,1000,800,900,Uttarakhand,Cabbage
11/12/2025,Orange,18,Dehradoon,Grade B,Dehradoon APMC,4000,2350,3500,Uttarakhand,Nagpuri
05/12/2025,Grapes,22,Dehradoon,Grade B,Dehradoon APMC,6500,4000,5500,Uttarakhand,Green
15/12/2025,Grapes,22,Dehradoon,Grade B,Dehradoon APMC,5000,3850,4050,Uttarakhand,Green
20/12/2025,Grapes,22,Dehradoon,Grade B,Dehradoon APMC,5000,3550,4000,Uttarakhand,Green
20/12/2025,Sponge gourd,311,Dehradoon,FAQ,Dehradoon APMC,1000,650,800,Uttarakhand,Other
06/01/2026,Tomato,78,Dehradoon,Grade B,Dehradoon APMC,1500,800,1000,Uttarakhand,Other
07/01/2026,Tomato,78,Dehradoon,FAQ,Dehradoon APMC,1400,800,1200,Uttarakhand,Other
02/12/2025,Amla(Nelli Kai),355,Dehradoon,Grade B,Dehradoon APMC,1300,900,1250,Uttarakhand,Other
05/12/2025,Amla(Nelli Kai),355,Dehradoon,Grade C,Dehradoon APMC,1500,800,1000,Uttarakhand,Other
15/12/2025,Amla(Nelli Kai),355,Dehradoon,Grade B,Dehradoon APMC,1500,800,1000,Uttarakhand,Other
23/12/2025,Amla(Nelli Kai),355,Dehradoon,Grade B,Dehradoon APMC,1250,850,1050,Uttarakhand,Other
24/12/2025,Amla(Nelli Kai),355,Dehradoon,Grade B,Dehradoon APMC,2000,1250,1500,Uttarakhand,Other
15/01/2026,Amla(Nelli Kai),355,Dehradoon,Grade B,Dehradoon APMC,1600,800,1200,Uttarakhand,Other
15/12/2025,French Beans(Frasbean),298,Dehradoon,FAQ,Dehradoon APMC,2250,1550,2050,Uttarakhand,Other
18/12/2025,French Beans(Frasbean),298,Dehradoon,FAQ,Dehradoon APMC,2200,1550,2050,Uttarakhand,Other
22/12/2025,French Beans(Frasbean),298,Dehradoon,Grade B,Dehradoon APMC,3000,1650,2050,Uttarakhand,Other
10/12/2025,Lemon,310,Dehradoon,FAQ,Dehradoon APMC,4000,3000,3500,Uttarakhand,Other
05/12/2025,Kinnow,336,Dehradoon,Grade B,Dehradoon APMC,2200,1850,2050,Uttarakhand,Other
16/12/2025,Kinnow,336,Dehradoon,Grade B,Dehradoon APMC,2500,1850,2050,Uttarakhand,Other
23/12/2025,Kinnow,336,Dehradoon,Grade B,Dehradoon APMC,3000,1850,2050,Uttarakhand,Other
19/12/2025,Grapes,22,Dehradoon,Grade B,Dehradoon APMC,4500,3200,4000,Uttarakhand,Black
05/12/2025,Pineapple,21,Dehradoon,Grade B,Dehradoon APMC,3250,2200,3000,Uttarakhand,Other
12/12/2025,Pineapple,21,Dehradoon,Grade B,Dehradoon APMC,3250,2500,2800,Uttarakhand,Other
17/12/2025,Pineapple,21,Dehradoon,Grade B,Dehradoon APMC,3000,2050,2500,Uttarakhand,Other
18/12/2025,Pineapple,21,Dehradoon,Grade B,Dehradoon APMC,3000,2200,2500,Uttarakhand,Other
10/12/2025,Cauliflower,34,Dehradoon,FAQ,Dehradoon APMC,1800,1050,1500,Uttarakhand,Other
12/12/2025,Onion,23,Dehradoon,FAQ,Dehradoon APMC,2050,1450,1800,Uttarakhand,Nasik
17/12/2025,Brinjal,35,Dehradoon,Grade B,Dehradoon APMC,1050,650,950,Uttarakhand,Round
09/12/2025,Onion,23,Dehradoon,Grade B,Dehradoon APMC,1800,1400,1600,Uttarakhand,Nasik
31/12/2025,Onion,23,Dehradoon,FAQ,Dehradoon APMC,2000,1050,1800,Uttarakhand,Nasik
12/12/2025,Pumpkin,84,Dehradoon,FAQ,Dehradoon APMC,1200,800,1000,Uttarakhand,Other
15/12/2025,Pumpkin,84,Dehradoon,FAQ,Dehradoon APMC,1230,800,1000,Uttarakhand,Other
26/12/2025,Pumpkin,84,Dehradoon,FAQ,Dehradoon APMC,1250,800,1000,Uttarakhand,Other
08/12/2025,Raddish,161,Dehradoon,Grade B,Dehradoon APMC,600,350,500,Uttarakhand,Raddish
15/12/2025,Mousambi(Sweet Lime),77,Dehradoon,Grade B,Dehradoon APMC,3000,1950,2080,Uttarakhand,Other
06/12/2025,Bhindi(Ladies Finger),85,Dehradoon,Grade A,Dehradoon APMC,2200,1500,2000,Uttarakhand,Other
04/12/2025,Mousambi(Sweet Lime),77,Dehradoon,Grade B,Dehradoon APMC,2500,1850,2050,Uttarakhand,Other
17/12/2025,Mousambi(Sweet Lime),77,Dehradoon,Grade B,Dehradoon APMC,2500,1950,2050,Uttarakhand,Other
20/12/2025,Mousambi(Sweet Lime),77,Dehradoon,Grade B,Dehradoon APMC,3000,2050,2500,Uttarakhand,Other
10/12/2025,Bhindi(Ladies Finger),85,Dehradoon,FAQ,Dehradoon APMC,1250,950,1050,Uttarakhand,Other
16/12/2025,Papaya,72,Dehradoon,Grade B,Dehradoon APMC,1900,1250,1450,Uttarakhand,Other
20/12/2025,Papaya,72,Dehradoon,Grade B,Dehradoon APMC,2000,1250,1500,Uttarakhand,Other
22/12/2025,Papaya,72,Dehradoon,Grade B,Dehradoon APMC,2000,1500,1800,Uttarakhand,Other
08/12/2025,Bottle gourd,82,Dehradoon,Grade B,Dehradoon APMC,1200,600,1000,Uttarakhand,Other
09/12/2025,Bottle gourd,82,Dehradoon,Grade B,Dehradoon APMC,1000,600,800,Uttarakhand,Other
04/12/2025,Papaya,72,Dehradoon,Grade B,Dehradoon APMC,2000,1450,1800,Uttarakhand,Other
20/12/2025,Colacasia,318,Dehradoon,FAQ,Dehradoon APMC,1500,800,1000,Uttarakhand,Other
24/12/2025,Peas Wet,174,Dehradoon,FAQ,Dehradoon APMC,3800,3250,3500,Uttarakhand,Other
26/12/2025,Bottle gourd,82,Dehradoon,FAQ,Dehradoon APMC,1050,650,850,Uttarakhand,Other
15/12/2025,Green Chilli,87,Dehradoon,FAQ,Dehradoon APMC,2500,1750,2050,Uttarakhand,Other
06/11/2025,Mashrooms,340,Dehradoon,FAQ,Dehradoon APMC,5500,4000,5000,Uttarakhand,Other
14/11/2025,Mashrooms,340,Dehradoon,Grade B,Dehradoon APMC,4500,4000,4200,Uttarakhand,Other
17/11/2025,Mashrooms,340,Dehradoon,Grade A,Dehradoon APMC,6500,4500,5500,Uttarakhand,Mashrooms
12/11/2025,Peach,331,Dehradoon,Grade B,Dehradoon APMC,2800,1800,2000,Uttarakhand,Other
26/11/2025,Kinnow,336,Dehradoon,Grade B,Dehradoon APMC,3000,2000,2500,Uttarakhand,Other
24/11/2025,Brinjal,35,Dehradoon,FAQ,Dehradoon APMC,1000,800,900,Uttarakhand,Other
14/11/2025,Banana,19,Dehradoon,Grade C,Dehradoon APMC,1800,1500,1600,Uttarakhand,Banana - Ripe
12/11/2025,Grapes,22,Dehradoon,Grade B,Dehradoon APMC,7000,5500,6000,Uttarakhand,Other
14/11/2025,Grapes,22,Dehradoon,Grade B,Dehradoon APMC,5650,4250,5000,Uttarakhand,Other
15/11/2025,Cabbage,154,Dehradoon,Grade B,Dehradoon APMC,1200,850,1000,Uttarakhand,Cabbage
20/11/2025,Bitter gourd,81,Dehradoon,FAQ,Dehradoon APMC,1200,800,1000,Uttarakhand,Bitter Gourd
20/11/2025,Tomato,78,Dehradoon,FAQ,Dehradoon APMC,1250,850,1050,Uttarakhand,Deshi
18/11/2025,Banana,19,Dehradoon,Grade B,Dehradoon APMC,1600,1200,1400,Uttarakhand,Banana - Ripe
24/11/2025,Banana,19,Dehradoon,Grade B,Dehradoon APMC,1800,1000,1200,Uttarakhand,Banana - Ripe
11/11/2025,Pineapple,21,Dehradoon,Grade C,Dehradoon APMC,2500,2000,2200,Uttarakhand,Other
28/11/2025,Pineapple,21,Dehradoon,Grade B,Dehradoon APMC,3500,2000,2500,Uttarakhand,Other
12/11/2025,Mousambi(Sweet Lime),77,Dehradoon,Grade B,Dehradoon APMC,3000,2050,2500,Uttarakhand,Other
24/11/2025,Orange,18,Dehradoon,Grade B,Dehradoon APMC,3000,2200,2600,Uttarakhand,Orange
18/11/2025,Orange,18,Dehradoon,Grade B,Dehradoon APMC,3500,2000,2500,Uttarakhand,Medium
13/11/2025,Orange,18,Dehradoon,Grade B,Dehradoon APMC,3500,1800,2000,Uttarakhand,Nagpuri
20/11/2025,Orange,18,Dehradoon,Grade A,Dehradoon APMC,3000,2200,2500,Uttarakhand,Nagpuri
03/11/2025,Orange,18,Dehradoon,Medium,Dehradoon APMC,3000,1800,2500,Uttarakhand,Medium
19/11/2025,Papaya,72,Dehradoon,Grade A,Dehradoon APMC,2000,1500,1800,Uttarakhand,Other
26/11/2025,Papaya,72,Dehradoon,Grade B,Dehradoon APMC,2200,1450,1800,Uttarakhand,Other
14/11/2025,Bhindi(Ladies Finger),85,Dehradoon,FAQ,Dehradoon APMC,2000,1500,1800,Uttarakhand,Other
18/11/2025,Bhindi(Ladies Finger),85,Dehradoon,FAQ,Dehradoon APMC,1600,1000,1200,Uttarakhand,Other
17/11/2025,Bhindi(Ladies Finger),85,Dehradoon,FAQ,Dehradoon APMC,1600,1200,1500,Uttarakhand,Other
19/11/2025,Bhindi(Ladies Finger),85,Dehradoon,FAQ,Dehradoon APMC,1400,850,1250,Uttarakhand,Other
11/11/2025,Bhindi(Ladies Finger),85,Dehradoon,Grade B,Dehradoon APMC,1600,850,1400,Uttarakhand,Other
13/11/2025,Bhindi(Ladies Finger),85,Dehradoon,Grade B,Dehradoon APMC,1800,1250,1500,Uttarakhand,Other
12/11/2025,Bhindi(Ladies Finger),85,Dehradoon,Grade B,Dehradoon APMC,2800,1850,2050,Uttarakhand,Other
27/11/2025,Green Chilli,87,Dehradoon,FAQ,Dehradoon APMC,2200,1600,2000,Uttarakhand,Other
24/11/2025,Bhindi(Ladies Finger),85,Dehradoon,Grade A,Dehradoon APMC,1500,970,1140,Uttarakhand,Other
27/11/2025,Bitter gourd,81,Dehradoon,Grade A,Dehradoon APMC,1800,1250,1500,Uttarakhand,Bitter Gourd
06/11/2025,Brinjal,35,Dehradoon,FAQ,Dehradoon APMC,1150,800,1000,Uttarakhand,Round
18/11/2025,Brinjal,35,Dehradoon,FAQ,Dehradoon APMC,800,650,750,Uttarakhand,Round
17/11/2025,Brinjal,35,Dehradoon,Grade A,Dehradoon APMC,900,650,800,Uttarakhand,Round
07/11/2025,Brinjal,35,Dehradoon,Grade A,Dehradoon APMC,1200,800,950,Uttarakhand,Round
03/11/2025,Brinjal,35,Dehradoon,FAQ,Dehradoon APMC,800,500,600,Uttarakhand,Round
13/11/2025,Capsicum,164,Dehradoon,Grade A,Dehradoon APMC,3000,1500,2500,Uttarakhand,Other
15/11/2025,Bitter gourd,81,Dehradoon,FAQ,Dehradoon APMC,2000,1500,1800,Uttarakhand,Other
06/11/2025,Apple,17,Dehradoon,Medium,Dehradoon APMC,6500,4500,5500,Uttarakhand,Apple
15/11/2025,Bottle gourd,82,Dehradoon,FAQ,Dehradoon APMC,1000,600,800,Uttarakhand,Other
04/11/2025,Bottle gourd,82,Dehradoon,FAQ,Dehradoon APMC,1200,800,1000,Uttarakhand,Other
06/11/2025,Tomato,78,Dehradoon,FAQ,Dehradoon APMC,1300,1000,1250,Uttarakhand,Sankar
24/11/2025,Bottle gourd,82,Dehradoon,FAQ,Dehradoon APMC,900,600,800,Uttarakhand,Other
27/11/2025,Lemon,310,Dehradoon,FAQ,Dehradoon APMC,5500,3500,4500,Uttarakhand,Other
04/11/2025,Colacasia,318,Dehradoon,FAQ,Dehradoon APMC,1200,850,1050,Uttarakhand,Other
21/11/2025,Colacasia,318,Dehradoon,FAQ,Dehradoon APMC,1200,800,1000,Uttarakhand,Other
06/11/2025,Raddish,161,Dehradoon,FAQ,Dehradoon APMC,500,350,450,Uttarakhand,Other
07/11/2025,Peas Wet,174,Dehradoon,Grade B,Dehradoon APMC,4800,3500,4500,Uttarakhand,Peas Wet
27/11/2025,Carrot,153,Dehradoon,Grade A,Dehradoon APMC,1500,1000,1200,Uttarakhand,Other
20/11/2025,Raddish,161,Dehradoon,FAQ,Dehradoon APMC,600,450,550,Uttarakhand,Other
14/11/2025,Guava,185,Dehradoon,Grade B,Dehradoon APMC,2350,1800,2000,Uttarakhand,Other
18/11/2025,French Beans(Frasbean),298,Dehradoon,FAQ,Dehradoon APMC,2500,1400,1600,Uttarakhand,Other
17/11/2025,French Beans(Frasbean),298,Dehradoon,Grade A,Dehradoon APMC,2200,1600,2000,Uttarakhand,Other
06/11/2025,French Beans(Frasbean),298,Dehradoon,FAQ,Dehradoon APMC,2200,1800,2000,Uttarakhand,Other
18/11/2025,Pomegranate,190,Dehradoon,Grade B,Dehradoon APMC,6500,4500,5500,Uttarakhand,Other
18/11/2025,Cucumbar(Kheera),159,Dehradoon,FAQ,Dehradoon APMC,1000,800,900,Uttarakhand,Other
19/11/2025,Cucumbar(Kheera),159,Dehradoon,FAQ,Dehradoon APMC,1000,800,900,Uttarakhand,Other
26/11/2025,Cucumbar(Kheera),159,Dehradoon,FAQ,Dehradoon APMC,1200,850,1000,Uttarakhand,Other
13/11/2025,Carrot,153,Dehradoon,Grade B,Dehradoon APMC,1800,1400,1600,Uttarakhand,Other
03/11/2025,Carrot,153,Dehradoon,FAQ,Dehradoon APMC,1500,1000,1200,Uttarakhand,Other
15/11/2025,Carrot,153,Dehradoon,Grade B,Dehradoon APMC,1450,950,1050,Uttarakhand,Other
27/11/2025,Cabbage,154,Dehradoon,FAQ,Dehradoon APMC,1200,850,1050,Uttarakhand,Cabbage
10/11/2025,Onion,23,Dehradoon,Grade C,Dehradoon APMC,2000,1450,1550,Uttarakhand,Nasik
03/11/2025,Potato,24,Dehradoon,FAQ,Dehradoon APMC,1000,600,800,Uttarakhand,Chips
04/11/2025,Potato,24,Dehradoon,FAQ,Dehradoon APMC,1050,750,950,Uttarakhand,Local
24/11/2025,Mousambi(Sweet Lime),77,Dehradoon,Grade B,Dehradoon APMC,3500,2000,3000,Uttarakhand,Other
10/02/2026,Raddish,161,Dehradoon,FAQ,Dehradoon APMC,500,350,400,Uttarakhand,Raddish
13/02/2026,Tomato,78,Dehradoon,FAQ,Dehradoon APMC,1600,800,1200,Uttarakhand,Other
15/02/2026,Tomato,78,Dehradoon,Grade B,Dehradoon APMC,1800,1000,1200,Uttarakhand,Other
02/02/2026,Bottle gourd,82,Dehradoon,FAQ,Dehradoon APMC,1000,600,800,Uttarakhand,Other
04/02/2026,Bottle gourd,82,Dehradoon,FAQ,Dehradoon APMC,1000,650,800,Uttarakhand,Other
09/02/2026,Bottle gourd,82,Dehradoon,FAQ,Dehradoon APMC,1000,600,800,Uttarakhand,Other
13/02/2026,Bottle gourd,82,Dehradoon,Grade B,Dehradoon APMC,1000,650,800,Uttarakhand,Other
20/02/2026,Bottle gourd,82,Dehradoon,FAQ,Dehradoon APMC,1000,600,800,Uttarakhand,Other
02/02/2026,Bitter gourd,81,Dehradoon,FAQ,Dehradoon APMC,2500,2000,2200,Uttarakhand,Bitter Gourd
08/02/2026,Bitter gourd,81,Dehradoon,FAQ,Dehradoon APMC,1600,850,1450,Uttarakhand,Bitter Gourd
02/02/2026,Brinjal,35,Dehradoon,FAQ,Dehradoon APMC,1000,650,800,Uttarakhand,Other
05/02/2026,Brinjal,35,Dehradoon,Grade B,Dehradoon APMC,1200,850,1050,Uttarakhand,Other
20/02/2026,Potato,24,Dehradoon,FAQ,Dehradoon APMC,800,400,560,Uttarakhand,Desi
25/02/2026,Bitter gourd,81,Dehradoon,FAQ,Dehradoon APMC,2500,1800,2200,Uttarakhand,Bitter Gourd
11/02/2026,Bitter gourd,81,Dehradoon,FAQ,Dehradoon APMC,3000,1800,2250,Uttarakhand,Bitter Gourd
13/02/2026,Carrot,153,Dehradoon,Grade B,Dehradoon APMC,1400,800,1200,Uttarakhand,Other
13/02/2026,Grapes,22,Dehradoon,Grade B,Dehradoon APMC,5500,4000,5000,Uttarakhand,Black
23/02/2026,Grapes,22,Dehradoon,Grade B,Dehradoon APMC,6400,3800,4900,Uttarakhand,Black
05/02/2026,Grapes,22,Dehradoon,Grade B,Dehradoon APMC,6500,4500,5500,Uttarakhand,Green
16/02/2026,Grapes,22,Dehradoon,Grade B,Dehradoon APMC,5500,3500,4500,Uttarakhand,Green
26/02/2026,Grapes,22,Dehradoon,Grade C,Dehradoon APMC,6500,4000,5500,Uttarakhand,Green
12/02/2026,Mousambi(Sweet Lime),77,Dehradoon,Grade B,Dehradoon APMC,3250,2500,2800,Uttarakhand,Other
02/02/2026,Banana,19,Dehradoon,Grade B,Dehradoon APMC,1800,1250,1500,Uttarakhand,Banana - Ripe
03/02/2026,Banana,19,Dehradoon,Grade B,Dehradoon APMC,2200,1450,1800,Uttarakhand,Banana - Ripe
08/02/2026,Banana,19,Dehradoon,Grade B,Dehradoon APMC,2200,1800,2000,Uttarakhand,Banana - Ripe
11/02/2026,Banana,19,Dehradoon,Grade B,Dehradoon APMC,1800,1250,1500,Uttarakhand,Banana - Ripe
17/02/2026,Banana,19,Dehradoon,Grade B,Dehradoon APMC,1800,1250,1560,Uttarakhand,Banana - Ripe
21/02/2026,Banana,19,Dehradoon,Grade B,Dehradoon APMC,1400,1000,1200,Uttarakhand,Banana - Ripe
02/02/2026,Onion,23,Dehradoon,FAQ,Dehradoon APMC,2000,1450,1800,Uttarakhand,Nasik
12/02/2026,Grapes,22,Dehradoon,Grade B,Dehradoon APMC,5800,4200,5000,Uttarakhand,Black
19/02/2026,Grapes,22,Dehradoon,Grade B,Dehradoon APMC,6500,3500,5500,Uttarakhand,Black
03/02/2026,Cucumbar(Kheera),159,Dehradoon,FAQ,Dehradoon APMC,1200,800,1000,Uttarakhand,Other
04/02/2026,Cucumbar(Kheera),159,Dehradoon,FAQ,Dehradoon APMC,1400,1000,1200,Uttarakhand,Other
23/02/2026,Carrot,153,Dehradoon,Grade B,Dehradoon APMC,1200,800,1000,Uttarakhand,Other
02/02/2026,French Beans(Frasbean),298,Dehradoon,FAQ,Dehradoon APMC,2200,1450,1800,Uttarakhand,Other
03/02/2026,Apple,17,Dehradoon,Grade C,Dehradoon APMC,6500,4500,5500,Uttarakhand,Apple
02/02/2026,Orange,18,Dehradoon,Grade B,Dehradoon APMC,3000,2000,2500,Uttarakhand,Orange
06/02/2026,Orange,18,Dehradoon,Grade B,Dehradoon APMC,2500,2000,2200,Uttarakhand,Orange
25/02/2026,Pumpkin,84,Dehradoon,FAQ,Dehradoon APMC,1000,650,800,Uttarakhand,Other
11/02/2026,Pumpkin,84,Dehradoon,FAQ,Dehradoon APMC,1200,800,1000,Uttarakhand,Other
05/02/2026,Papaya,72,Dehradoon,Grade B,Dehradoon APMC,2200,1450,1800,Uttarakhand,Other
20/02/2026,Papaya,72,Dehradoon,Grade B,Dehradoon APMC,2000,1200,1500,Uttarakhand,Other
25/02/2026,Papaya,72,Dehradoon,Grade B,Dehradoon APMC,2200,1200,1800,Uttarakhand,Other
12/02/2026,Guava,185,Dehradoon,Grade B,Dehradoon APMC,3000,1850,2050,Uttarakhand,Other
17/02/2026,Guava,185,Dehradoon,Grade B,Dehradoon APMC,3000,2200,2500,Uttarakhand,Other
15/02/2026,Guava,185,Dehradoon,Grade B,Dehradoon APMC,2200,1800,2000,Uttarakhand,Other
02/02/2026,Tomato,78,Dehradoon,FAQ,Dehradoon APMC,1250,850,1050,Uttarakhand,Other
15/02/2026,Bhindi(Ladies Finger),85,Dehradoon,Grade B,Dehradoon APMC,2500,1800,2200,Uttarakhand,Other
21/02/2026,Bhindi(Ladies Finger),85,Dehradoon,Grade B,Dehradoon APMC,3200,2500,2800,Uttarakhand,Other
25/02/2026,Tomato,78,Dehradoon,FAQ,Dehradoon APMC,1400,1050,1200,Uttarakhand,Other
05/02/2026,Colacasia,318,Dehradoon,Grade B,Dehradoon APMC,1400,800,1200,Uttarakhand,Other
06/02/2026,Kinnow,336,Dehradoon,Grade B,Dehradoon APMC,2500,1250,2000,Uttarakhand,Other
21/02/2026,Kinnow,336,Dehradoon,Grade B,Dehradoon APMC,2800,2000,2500,Uttarakhand,Other
12/02/2026,Apple,17,Dehradoon,Grade B,Dehradoon APMC,6500,4500,5500,Uttarakhand,Apple
23/02/2026,Banana,19,Dehradoon,Grade B,Dehradoon APMC,1600,1200,1400,Uttarakhand,Banana - Ripe
06/02/2026,Cabbage,154,Dehradoon,FAQ,Dehradoon APMC,1200,850,1050,Uttarakhand,Cabbage
26/02/2026,Banana,19,Dehradoon,Grade B,Dehradoon APMC,2000,1500,1800,Uttarakhand,Banana - Ripe
17/02/2026,Cauliflower,34,Dehradoon,FAQ,Dehradoon APMC,2500,1000,1500,Uttarakhand,Other
20/02/2026,Cauliflower,34,Dehradoon,FAQ,Dehradoon APMC,1800,1200,1500,Uttarakhand,Other
23/02/2026,Brinjal,35,Dehradoon,Grade C,Dehradoon APMC,1300,800,1000,Uttarakhand,Other
11/02/2026,Orange,18,Dehradoon,Grade B,Dehradoon APMC,3000,2000,2500,Uttarakhand,Orange
23/02/2026,Orange,18,Dehradoon,Grade B,Dehradoon APMC,4000,3100,3500,Uttarakhand,Orange
27/02/2026,Orange,18,Dehradoon,Grade B,Dehradoon APMC,2500,1800,2200,Uttarakhand,Orange
11/01/2026,Orange,18,Dehradoon,Grade B,Dehradoon APMC,2500,1850,2050,Uttarakhand,Orange
22/01/2026,Orange,18,Dehradoon,Grade B,Dehradoon APMC,3250,2200,2800,Uttarakhand,Orange
29/01/2026,Orange,18,Dehradoon,Grade B,Dehradoon APMC,2500,1850,2250,Uttarakhand,Orange
30/01/2026,Orange,18,Dehradoon,Grade B,Dehradoon APMC,2500,1800,2200,Uttarakhand,Orange
20/01/2026,Banana,19,Dehradoon,Grade B,Dehradoon APMC,1200,800,1000,Uttarakhand,Banana - Ripe
09/01/2026,Onion,23,Dehradoon,FAQ,Dehradoon APMC,2200,1440,1800,Uttarakhand,Nasik
15/01/2026,Potato,24,Dehradoon,FAQ,Dehradoon APMC,1000,650,800,Uttarakhand,Desi
08/01/2026,Brinjal,35,Dehradoon,FAQ,Dehradoon APMC,1000,600,800,Uttarakhand,Other
06/01/2026,Pineapple,21,Dehradoon,Grade B,Dehradoon APMC,4500,2000,3000,Uttarakhand,Other
13/01/2026,Pineapple,21,Dehradoon,Grade B,Dehradoon APMC,4500,2500,3500,Uttarakhand,Other
12/01/2026,Apple,17,Dehradoon,Grade B,Dehradoon APMC,6500,4000,5500,Uttarakhand,Apple
01/01/2026,Pineapple,21,Dehradoon,Grade B,Dehradoon APMC,3500,2500,3000,Uttarakhand,Other
28/01/2026,Apple,17,Dehradoon,Grade B,Dehradoon APMC,7500,5500,6500,Uttarakhand,Apple
30/01/2026,Apple,17,Dehradoon,Grade B,Dehradoon APMC,6500,4500,5500,Uttarakhand,Apple
08/01/2026,Papaya,72,Dehradoon,Grade B,Dehradoon APMC,2000,1450,1600,Uttarakhand,Other
21/01/2026,Papaya,72,Dehradoon,Grade B,Dehradoon APMC,2500,2000,2200,Uttarakhand,Other
19/01/2026,Papaya,72,Dehradoon,Grade B,Dehradoon APMC,2500,2000,2200,Uttarakhand,Other
23/01/2026,Papaya,72,Dehradoon,Grade B,Dehradoon APMC,2200,1200,2000,Uttarakhand,Other
29/01/2026,Papaya,72,Dehradoon,Grade B,Dehradoon APMC,2000,1500,1800,Uttarakhand,Other
27/01/2026,Papaya,72,Dehradoon,Grade B,Dehradoon APMC,2200,1500,1800,Uttarakhand,Other
15/01/2026,Bitter gourd,81,Dehradoon,FAQ,Dehradoon APMC,2200,1500,2000,Uttarakhand,Bitter Gourd
07/01/2026,Bitter gourd,81,Dehradoon,FAQ,Dehradoon APMC,1400,800,1200,Uttarakhand,Bitter Gourd
29/01/2026,Bottle gourd,82,Dehradoon,Grade B,Dehradoon APMC,1250,800,1000,Uttarakhand,Other
21/01/2026,Potato,24,Dehradoon,Grade B,Dehradoon APMC,700,450,600,Uttarakhand,Other
31/01/2026,Potato,24,Dehradoon,FAQ,Dehradoon APMC,600,400,500,Uttarakhand,Other
09/01/2026,Brinjal,35,Dehradoon,FAQ,Dehradoon APMC,1400,800,1200,Uttarakhand,Other
03/01/2026,Brinjal,35,Dehradoon,FAQ,Dehradoon APMC,800,550,650,Uttarakhand,Other
05/01/2026,Cauliflower,34,Dehradoon,FAQ,Dehradoon APMC,1400,800,1200,Uttarakhand,Other
15/01/2026,Brinjal,35,Dehradoon,FAQ,Dehradoon APMC,1200,850,1050,Uttarakhand,Other
19/01/2026,Brinjal,35,Dehradoon,FAQ,Dehradoon APMC,2000,800,1000,Uttarakhand,Other
11/01/2026,Green Chilli,87,Dehradoon,FAQ,Dehradoon APMC,2500,1500,2000,Uttarakhand,Other
16/01/2026,Cabbage,154,Dehradoon,FAQ,Dehradoon APMC,1500,800,1200,Uttarakhand,Cabbage
23/01/2026,Cabbage,154,Dehradoon,FAQ,Dehradoon APMC,1200,800,1000,Uttarakhand,Cabbage
07/01/2026,Cabbage,154,Dehradoon,FAQ,Dehradoon APMC,1000,750,900,Uttarakhand,Cabbage
28/01/2026,Cabbage,154,Dehradoon,FAQ,Dehradoon APMC,1300,950,1100,Uttarakhand,Cabbage
20/01/2026,Carrot,153,Dehradoon,FAQ,Dehradoon APMC,1500,850,1250,Uttarakhand,Other
24/01/2026,Carrot,153,Dehradoon,FAQ,Dehradoon APMC,1200,850,1050,Uttarakhand,Other
01/01/2026,Carrot,153,Dehradoon,FAQ,Dehradoon APMC,1500,1000,1200,Uttarakhand,Other
13/01/2026,Carrot,153,Dehradoon,Grade B,Dehradoon APMC,1250,850,1050,Uttarakhand,Other
03/01/2026,Cabbage,154,Dehradoon,FAQ,Dehradoon APMC,1400,800,1200,Uttarakhand,Cabbage
05/01/2026,Cabbage,154,Dehradoon,FAQ,Dehradoon APMC,1050,800,950,Uttarakhand,Cabbage
30/01/2026,Pomegranate,190,Dehradoon,Grade B,Dehradoon APMC,6500,4500,5500,Uttarakhand,Other
09/01/2026,Peas Wet,174,Dehradoon,FAQ,Dehradoon APMC,2600,1850,2200,Uttarakhand,Other
01/01/2026,Pomegranate,190,Dehradoon,Grade B,Dehradoon APMC,5800,4500,5500,Uttarakhand,Other
06/01/2026,Pomegranate,190,Dehradoon,Grade B,Dehradoon APMC,7000,5000,6000,Uttarakhand,Other
12/01/2026,Pomegranate,190,Dehradoon,Grade B,Dehradoon APMC,6500,4500,5500,Uttarakhand,Other
27/01/2026,Pomegranate,190,Dehradoon,Grade B,Dehradoon APMC,6500,4500,5500,Uttarakhand,Other
13/01/2026,Cucumbar(Kheera),159,Dehradoon,Grade B,Dehradoon APMC,1200,950,1050,Uttarakhand,Other
31/01/2026,Cucumbar(Kheera),159,Dehradoon,FAQ,Dehradoon APMC,1250,850,1050,Uttarakhand,Other
03/01/2026,French Beans(Frasbean),298,Dehradoon,FAQ,Dehradoon APMC,2250,1800,2000,Uttarakhand,Other
16/01/2026,Green Chilli,87,Dehradoon,FAQ,Dehradoon APMC,2500,1800,2000,Uttarakhand,Other
24/01/2026,Bitter gourd,81,Dehradoon,FAQ,Dehradoon APMC,2200,1750,2050,Uttarakhand,Bitter Gourd
07/01/2026,Raddish,161,Dehradoon,FAQ,Dehradoon APMC,600,400,550,Uttarakhand,Other
08/01/2026,Raddish,161,Dehradoon,FAQ,Dehradoon APMC,700,500,600,Uttarakhand,Other
01/01/2026,Guava,185,Dehradoon,Grade B,Dehradoon APMC,2500,2000,2200,Uttarakhand,Other
03/01/2026,Guava,185,Dehradoon,Grade B,Dehradoon APMC,3000,2500,2800,Uttarakhand,Other
05/01/2026,Guava,185,Dehradoon,Grade B,Dehradoon APMC,2000,1450,1800,Uttarakhand,Other
21/01/2026,Kinnow,336,Dehradoon,Grade B,Dehradoon APMC,2500,1250,1800,Uttarakhand,Other
03/01/2026,Colacasia,318,Dehradoon,FAQ,Dehradoon APMC,1200,800,1000,Uttarakhand,Other
06/01/2026,Colacasia,318,Dehradoon,Grade B,Dehradoon APMC,1400,1000,1200,Uttarakhand,Other
11/01/2026,Colacasia,318,Dehradoon,FAQ,Dehradoon APMC,1400,800,1200,Uttarakhand,Other
12/01/2026,Colacasia,318,Dehradoon,FAQ,Dehradoon APMC,1050,850,950,Uttarakhand,Other
30/01/2026,Colacasia,318,Dehradoon,FAQ,Dehradoon APMC,1200,800,1000,Uttarakhand,Other
02/01/2026,Bhindi(Ladies Finger),85,Dehradoon,FAQ,Dehradoon APMC,2500,1250,2000,Uttarakhand,Other
03/01/2026,Bhindi(Ladies Finger),85,Dehradoon,FAQ,Dehradoon APMC,2800,1850,2500,Uttarakhand,Other
05/01/2026,Bhindi(Ladies Finger),85,Dehradoon,FAQ,Dehradoon APMC,2500,2000,2200,Uttarakhand,Other
28/03/2026,Potato,24,Dehradoon,FAQ,Dehradoon APMC,650,450,550,Uttarakhand,Desi
17/03/2026,French Beans(Frasbean),298,Dehradoon,FAQ,Dehradoon APMC,2500,1600,2000,Uttarakhand,Other
16/03/2026,French Beans(Frasbean),298,Dehradoon,FAQ,Dehradoon APMC,2200,1450,2050,Uttarakhand,Other
06/03/2026,Grapes,22,Dehradoon,Grade B,Dehradoon APMC,6500,4500,5500,Uttarakhand,Black
27/03/2026,Grapes,22,Dehradoon,Grade B,Dehradoon APMC,6500,4500,5500,Uttarakhand,Black
28/03/2026,Lemon,310,Dehradoon,Grade B,Dehradoon APMC,6500,4500,5500,Uttarakhand,Other
04/03/2026,Grapes,22,Dehradoon,Grade B,Dehradoon APMC,6500,4000,5500,Uttarakhand,Black
28/03/2026,Grapes,22,Dehradoon,Grade B,Dehradoon APMC,6500,4000,5000,Uttarakhand,Black
11/03/2026,Potato,24,Dehradoon,Grade B,Dehradoon APMC,700,500,600,Uttarakhand,Other
23/03/2026,Kinnow,336,Dehradoon,Grade B,Dehradoon APMC,4500,3200,4000,Uttarakhand,Other
20/03/2026,Potato,24,Dehradoon,FAQ,Dehradoon APMC,800,450,600,Uttarakhand,Chips
05/03/2026,Potato,24,Dehradoon,FAQ,Dehradoon APMC,800,450,600,Uttarakhand,Desi
06/03/2026,Onion,23,Dehradoon,FAQ,Dehradoon APMC,1800,1400,1600,Uttarakhand,Nasik
12/03/2026,Onion,23,Dehradoon,FAQ,Dehradoon APMC,2000,1400,1600,Uttarakhand,Nasik
13/03/2026,Apple,17,Dehradoon,Grade B,Dehradoon APMC,6500,4000,5500,Uttarakhand,Apple
31/03/2026,Apple,17,Dehradoon,Grade B,Dehradoon APMC,6500,4500,5500,Uttarakhand,Apple
10/03/2026,Apple,17,Dehradoon,Grade B,Dehradoon APMC,6500,4500,5500,Uttarakhand,Other
12/03/2026,Apple,17,Dehradoon,Grade B,Dehradoon APMC,6500,4500,5500,Uttarakhand,Other
10/03/2026,Brinjal,35,Dehradoon,Grade B,Dehradoon APMC,1000,650,800,Uttarakhand,Other
23/03/2026,Brinjal,35,Dehradoon,FAQ,Dehradoon APMC,1250,950,1050,Uttarakhand,Other
25/03/2026,Brinjal,35,Dehradoon,Grade B,Dehradoon APMC,1200,850,1050,Uttarakhand,Other
06/03/2026,Mousambi(Sweet Lime),77,Dehradoon,Grade A,Dehradoon APMC,5500,4000,5000,Uttarakhand,Other
13/03/2026,Mousambi(Sweet Lime),77,Dehradoon,Grade B,Dehradoon APMC,4000,2500,3500,Uttarakhand,Other
25/03/2026,Mousambi(Sweet Lime),77,Dehradoon,Grade B,Dehradoon APMC,7500,5500,6500,Uttarakhand,Other
11/03/2026,Papaya,72,Dehradoon,Grade B,Dehradoon APMC,2000,1200,1500,Uttarakhand,Other
15/03/2026,Papaya,72,Dehradoon,Grade B,Dehradoon APMC,2000,1250,1800,Uttarakhand,Other
17/03/2026,Pineapple,21,Dehradoon,Grade B,Dehradoon APMC,4000,2050,3500,Uttarakhand,Other
13/03/2026,Pineapple,21,Dehradoon,Grade B,Dehradoon APMC,3000,2000,2500,Uttarakhand,Other
25/03/2026,Pineapple,21,Dehradoon,Grade B,Dehradoon APMC,5000,3500,4500,Uttarakhand,Other
16/03/2026,Orange,18,Dehradoon,Grade A,Dehradoon APMC,5000,3000,4000,Uttarakhand,Orange
06/03/2026,Banana,19,Dehradoon,Grade B,Dehradoon APMC,2000,1450,1800,Uttarakhand,Banana - Ripe
24/03/2026,Banana,19,Dehradoon,Grade B,Dehradoon APMC,2200,1500,1800,Uttarakhand,Banana - Ripe
27/03/2026,Banana,19,Dehradoon,Grade B,Dehradoon APMC,2200,1800,2000,Uttarakhand,Banana - Ripe
25/03/2026,Banana,19,Dehradoon,Grade B,Dehradoon APMC,2200,1800,2000,Uttarakhand,Banana - Ripe
18/03/2026,Bitter gourd,81,Dehradoon,FAQ,Dehradoon APMC,2800,2000,2500,Uttarakhand,Other
05/03/2026,Bhindi(Ladies Finger),85,Dehradoon,FAQ,Dehradoon APMC,2500,1800,2200,Uttarakhand,Other
10/03/2026,Bhindi(Ladies Finger),85,Dehradoon,Grade B,Dehradoon APMC,2200,1800,2000,Uttarakhand,Other
15/03/2026,Bhindi(Ladies Finger),85,Dehradoon,FAQ,Dehradoon APMC,2000,1500,1800,Uttarakhand,Other
18/03/2026,Bhindi(Ladies Finger),85,Dehradoon,Grade B,Dehradoon APMC,2500,1800,2200,Uttarakhand,Other
09/03/2026,Bottle gourd,82,Dehradoon,Grade B,Dehradoon APMC,1000,600,800,Uttarakhand,Other
25/03/2026,Bottle gourd,82,Dehradoon,FAQ,Dehradoon APMC,1400,800,1200,Uttarakhand,Other
27/03/2026,Bitter gourd,81,Dehradoon,FAQ,Dehradoon APMC,2500,1500,1800,Uttarakhand,Bitter Gourd
04/03/2026,Cucumbar(Kheera),159,Dehradoon,FAQ,Dehradoon APMC,1200,850,1050,Uttarakhand,Other
23/03/2026,Cucumbar(Kheera),159,Dehradoon,FAQ,Dehradoon APMC,1800,1200,1500,Uttarakhand,Other
20/03/2026,Tomato,78,Dehradoon,FAQ,Dehradoon APMC,1800,800,1200,Uttarakhand,Other
16/03/2026,Pumpkin,84,Dehradoon,FAQ,Dehradoon APMC,1300,750,1050,Uttarakhand,Other
20/03/2026,Pumpkin,84,Dehradoon,FAQ,Dehradoon APMC,1200,850,1050,Uttarakhand,Other
04/03/2026,Orange,18,Dehradoon,Grade B,Dehradoon APMC,4500,2800,3250,Uttarakhand,Orange
24/03/2026,Orange,18,Dehradoon,Grade B,Dehradoon APMC,4500,3200,4000,Uttarakhand,Orange
28/03/2026,Orange,18,Dehradoon,Grade B,Dehradoon APMC,4000,2500,3500,Uttarakhand,Orange
31/03/2026,Orange,18,Dehradoon,Grade B,Dehradoon APMC,3000,2000,2500,Uttarakhand,Orange
05/03/2026,Cauliflower,34,Dehradoon,FAQ,Dehradoon APMC,1800,1200,1500,Uttarakhand,Other
20/03/2026,Raddish,161,Dehradoon,FAQ,Dehradoon APMC,600,450,500,Uttarakhand,Other
10/03/2026,Cabbage,154,Dehradoon,Grade B,Dehradoon APMC,1500,1000,1200,Uttarakhand,Cabbage
05/03/2026,Carrot,153,Dehradoon,FAQ,Dehradoon APMC,1200,850,1050,Uttarakhand,Other
12/03/2026,Carrot,153,Dehradoon,Grade B,Dehradoon APMC,1000,750,900,Uttarakhand,Other
16/03/2026,Carrot,153,Dehradoon,Grade B,Dehradoon APMC,2000,1500,1800,Uttarakhand,Other
28/03/2026,Cabbage,154,Dehradoon,FAQ,Dehradoon APMC,2500,2000,2200,Uttarakhand,Cabbage
25/04/2026,Water Melon,73,Dehradoon,Grade B,Dehradoon APMC,1400,900,1200,Uttarakhand,Water Melon
30/04/2026,Water Melon,73,Dehradoon,Grade B,Dehradoon APMC,1200,800,1000,Uttarakhand,Water Melon
04/05/2026,Water Melon,73,Dehradoon,Grade A,Dehradoon APMC,1200,800,1000,Uttarakhand,Water Melon
14/05/2026,Water Melon,73,Dehradoon,Grade B,Dehradoon APMC,1200,800,1000,Uttarakhand,Water Melon
05/05/2026,Bottle gourd,82,Dehradoon,FAQ,Dehradoon APMC,1200,800,1000,Uttarakhand,Other
11/05/2026,Bottle gourd,82,Dehradoon,Grade A,Dehradoon APMC,1200,800,1000,Uttarakhand,Other
20/04/2026,Cucumbar(Kheera),159,Dehradoon,FAQ,Dehradoon APMC,1000,500,800,Uttarakhand,Other
01/04/2026,Pineapple,21,Dehradoon,Grade B,Dehradoon APMC,4000,2500,3500,Uttarakhand,Other
10/04/2026,Pineapple,21,Dehradoon,Grade B,Dehradoon APMC,3000,1900,2050,Uttarakhand,Other
22/04/2026,Pineapple,21,Dehradoon,Grade B,Dehradoon APMC,4000,2800,3200,Uttarakhand,Other
27/04/2026,Pineapple,21,Dehradoon,Grade B,Dehradoon APMC,4000,2500,3500,Uttarakhand,Other
08/05/2026,Pineapple,21,Dehradoon,Grade B,Dehradoon APMC,4500,2500,3500,Uttarakhand,Other
14/05/2026,Pineapple,21,Dehradoon,Grade B,Dehradoon APMC,4000,2800,3250,Uttarakhand,Other
02/04/2026,Raddish,161,Dehradoon,FAQ,Dehradoon APMC,600,400,500,Uttarakhand,Other
13/04/2026,Raddish,161,Dehradoon,FAQ,Dehradoon APMC,600,400,500,Uttarakhand,Other
12/05/2026,Raddish,161,Dehradoon,FAQ,Dehradoon APMC,650,350,500,Uttarakhand,Other
30/04/2026,Mango,20,Dehradoon,Grade B,Dehradoon APMC,3500,2250,3000,Uttarakhand,Other
14/05/2026,Mango,20,Dehradoon,Grade B,Dehradoon APMC,4500,2500,3500,Uttarakhand,Other
18/04/2026,Banana,19,Dehradoon,Grade B,Dehradoon APMC,2000,1500,1800,Uttarakhand,Banana - Ripe
18/05/2026,Mango,20,Dehradoon,Grade B,Dehradoon APMC,3500,2000,3000,Uttarakhand,Other
22/04/2026,Banana,19,Dehradoon,Grade B,Dehradoon APMC,1800,1500,1600,Uttarakhand,Banana - Ripe
30/04/2026,Banana,19,Dehradoon,Grade B,Dehradoon APMC,2000,1500,1800,Uttarakhand,Banana - Ripe
01/05/2026,Banana,19,Dehradoon,Grade B,Dehradoon APMC,1800,1250,1500,Uttarakhand,Banana - Ripe
13/05/2026,Banana,19,Dehradoon,Grade B,Dehradoon APMC,2200,1500,1800,Uttarakhand,Banana - Ripe
15/05/2026,Banana,19,Dehradoon,Grade B,Dehradoon APMC,1800,1200,1500,Uttarakhand,Banana - Ripe
04/04/2026,Karbuja(Musk Melon),187,Dehradoon,Grade B,Dehradoon APMC,2000,950,1500,Uttarakhand,Karbhuja
06/04/2026,Karbuja(Musk Melon),187,Dehradoon,Grade B,Dehradoon APMC,3000,1800,2200,Uttarakhand,Karbhuja
24/04/2026,Karbuja(Musk Melon),187,Dehradoon,Grade B,Dehradoon APMC,2000,1500,1800,Uttarakhand,Karbhuja
29/04/2026,Karbuja(Musk Melon),187,Dehradoon,Grade B,Dehradoon APMC,3000,2500,2800,Uttarakhand,Karbhuja
27/04/2026,Karbuja(Musk Melon),187,Dehradoon,Grade B,Dehradoon APMC,2000,1500,1800,Uttarakhand,Karbhuja
08/05/2026,Karbuja(Musk Melon),187,Dehradoon,Grade B,Dehradoon APMC,1250,800,1000,Uttarakhand,Karbhuja
07/05/2026,Karbuja(Musk Melon),187,Dehradoon,Grade B,Dehradoon APMC,1400,1150,1300,Uttarakhand,Karbhuja
12/05/2026,Karbuja(Musk Melon),187,Dehradoon,Grade B,Dehradoon APMC,1600,1400,1500,Uttarakhand,Karbhuja
09/05/2026,Karbuja(Musk Melon),187,Dehradoon,Grade B,Dehradoon APMC,2000,1150,1500,Uttarakhand,Karbhuja
02/04/2026,Apple,17,Dehradoon,Grade B,Dehradoon APMC,9500,5500,8500,Uttarakhand,Apple
04/04/2026,Apple,17,Dehradoon,Grade B,Dehradoon APMC,8500,6500,7500,Uttarakhand,Apple
06/04/2026,Apple,17,Dehradoon,Grade B,Dehradoon APMC,7500,5500,6500,Uttarakhand,Apple
14/05/2026,Karbuja(Musk Melon),187,Dehradoon,Grade B,Dehradoon APMC,1800,1200,1500,Uttarakhand,Karbhuja
18/05/2026,Karbuja(Musk Melon),187,Dehradoon,Grade B,Dehradoon APMC,1200,800,1000,Uttarakhand,Karbhuja
21/04/2026,Apple,17,Dehradoon,Grade B,Dehradoon APMC,11000,8000,10000,Uttarakhand,Apple
18/04/2026,Pea Pod/Pea Cod/हरी मटर,308,Dehradoon,FAQ,Dehradoon APMC,5000,4000,4500,Uttarakhand,Other
01/04/2026,Lemon,310,Dehradoon,FAQ,Dehradoon APMC,6500,4500,5650,Uttarakhand,Other
06/04/2026,Lemon,310,Dehradoon,FAQ,Dehradoon APMC,5500,4000,5000,Uttarakhand,Other
07/04/2026,Lemon,310,Dehradoon,Grade B,Dehradoon APMC,5000,3500,4050,Uttarakhand,Other
29/04/2026,Lemon,310,Dehradoon,FAQ,Dehradoon APMC,10500,5500,8500,Uttarakhand,Other
21/04/2026,Lemon,310,Dehradoon,FAQ,Dehradoon APMC,15000,12500,14000,Uttarakhand,Other
09/05/2026,Lemon,310,Dehradoon,FAQ,Dehradoon APMC,8000,5500,6500,Uttarakhand,Other
16/05/2026,Lemon,310,Dehradoon,FAQ,Dehradoon APMC,5500,3500,5000,Uttarakhand,Other
22/04/2026,Bitter gourd,81,Dehradoon,FAQ,Dehradoon APMC,1800,1500,1650,Uttarakhand,Bitter Gourd
13/05/2026,Bhindi(Ladies Finger),85,Dehradoon,Grade A,Dehradoon APMC,2200,1250,2000,Uttarakhand,Other
16/05/2026,Bhindi(Ladies Finger),85,Dehradoon,Grade B,Dehradoon APMC,2500,1250,2000,Uttarakhand,Other
21/04/2026,Tomato,78,Dehradoon,FAQ,Dehradoon APMC,2200,1500,2000,Uttarakhand,Other
23/04/2026,Tomato,78,Dehradoon,FAQ,Dehradoon APMC,2500,1500,2200,Uttarakhand,Other
02/04/2026,Bitter gourd,81,Dehradoon,FAQ,Dehradoon APMC,2500,1500,2000,Uttarakhand,Bitter Gourd
01/04/2026,Bhindi(Ladies Finger),85,Dehradoon,FAQ,Dehradoon APMC,1820,1200,1500,Uttarakhand,Other
04/04/2026,Bhindi(Ladies Finger),85,Dehradoon,FAQ,Dehradoon APMC,2000,1500,1800,Uttarakhand,Other
06/04/2026,Bhindi(Ladies Finger),85,Dehradoon,FAQ,Dehradoon APMC,2000,1400,1600,Uttarakhand,Other
20/04/2026,Bhindi(Ladies Finger),85,Dehradoon,FAQ,Dehradoon APMC,2500,2000,2200,Uttarakhand,Other
23/04/2026,Bhindi(Ladies Finger),85,Dehradoon,FAQ,Dehradoon APMC,2500,2000,2200,Uttarakhand,Other
08/04/2026,Papaya,72,Dehradoon,Grade B,Dehradoon APMC,2000,1500,1800,Uttarakhand,Other
16/04/2026,Papaya,72,Dehradoon,Grade A,Dehradoon APMC,3000,2000,2500,Uttarakhand,Other
24/04/2026,Papaya,72,Dehradoon,Grade B,Dehradoon APMC,2500,1500,1800,Uttarakhand,Other
05/05/2026,Papaya,72,Dehradoon,Grade B,Dehradoon APMC,2000,1450,1600,Uttarakhand,Other
09/05/2026,Papaya,72,Dehradoon,Grade B,Dehradoon APMC,2000,1500,1800,Uttarakhand,Other
15/05/2026,Papaya,72,Dehradoon,Grade B,Dehradoon APMC,1600,1250,1400,Uttarakhand,Other
19/05/2026,Papaya,72,Dehradoon,Grade B,Dehradoon APMC,1800,1400,1600,Uttarakhand,Other
10/04/2026,Green Chilli,87,Dehradoon,FAQ,Dehradoon APMC,2800,1800,2200,Uttarakhand,Other
13/04/2026,Green Chilli,87,Dehradoon,FAQ,Dehradoon APMC,3000,1500,2500,Uttarakhand,Other
13/04/2026,Green Chilli,87,Dehradoon,Grade B,Dehradoon APMC,2500,1600,2000,Uttarakhand,Other
21/04/2026,Green Chilli,87,Dehradoon,FAQ,Dehradoon APMC,2000,1600,1800,Uttarakhand,Other
24/04/2026,Green Chilli,87,Dehradoon,FAQ,Dehradoon APMC,2200,1800,2000,Uttarakhand,Other
06/05/2026,Green Chilli,87,Dehradoon,FAQ,Dehradoon APMC,2500,1800,2200,Uttarakhand,Other
17/04/2026,Mousambi(Sweet Lime),77,Dehradoon,Grade B,Dehradoon APMC,4000,2500,3000,Uttarakhand,Other
25/04/2026,Mousambi(Sweet Lime),77,Dehradoon,Grade B,Dehradoon APMC,5000,3000,4500,Uttarakhand,Other
23/04/2026,Mousambi(Sweet Lime),77,Dehradoon,Grade B,Dehradoon APMC,5000,3000,4500,Uttarakhand,Other
02/05/2026,Mousambi(Sweet Lime),77,Dehradoon,Grade B,Dehradoon APMC,6500,3500,5000,Uttarakhand,Other
05/05/2026,Mousambi(Sweet Lime),77,Dehradoon,Grade B,Dehradoon APMC,6000,3500,5000,Uttarakhand,Other
07/05/2026,Bhindi(Ladies Finger),85,Dehradoon,Grade B,Dehradoon APMC,2200,1500,1800,Uttarakhand,Other
21/04/2026,Bitter gourd,81,Dehradoon,FAQ,Dehradoon APMC,2000,1500,1800,Uttarakhand,Bitter Gourd
02/05/2026,Bitter gourd,81,Dehradoon,Grade B,Dehradoon APMC,2000,1500,1800,Uttarakhand,Bitter Gourd
08/04/2026,Bitter gourd,81,Dehradoon,FAQ,Dehradoon APMC,2500,1800,2200,Uttarakhand,Bitter Gourd
18/05/2026,Water Melon,73,Dehradoon,Grade B,Dehradoon APMC,1000,600,800,Uttarakhand,Water Melon
19/05/2026,Water Melon,73,Dehradoon,Grade B,Dehradoon APMC,1350,600,1000,Uttarakhand,Water Melon
06/04/2026,Pumpkin,84,Dehradoon,FAQ,Dehradoon APMC,1200,800,1000,Uttarakhand,Other
13/04/2026,Pumpkin,84,Dehradoon,FAQ,Dehradoon APMC,1200,850,1050,Uttarakhand,Other
23/04/2026,Pumpkin,84,Dehradoon,FAQ,Dehradoon APMC,800,600,650,Uttarakhand,Other
19/05/2026,Colacasia,318,Dehradoon,Grade B,Dehradoon APMC,1500,800,1000,Uttarakhand,Other
18/05/2026,Tomato,78,Dehradoon,FAQ,Dehradoon APMC,1400,800,1200,Uttarakhand,Other
13/05/2026,Bitter gourd,81,Dehradoon,Grade B,Dehradoon APMC,2000,1200,1800,Uttarakhand,Bitter Gourd
05/05/2026,Tomato,78,Dehradoon,FAQ,Dehradoon APMC,2000,800,1500,Uttarakhand,Other
09/05/2026,Tomato,78,Dehradoon,FAQ,Dehradoon APMC,1200,850,1050,Uttarakhand,Other
28/04/2026,Tomato,78,Dehradoon,FAQ,Dehradoon APMC,2000,1400,1600,Uttarakhand,Other
08/04/2026,Orange,18,Dehradoon,Grade B,Dehradoon APMC,4500,3000,3500,Uttarakhand,Orange
25/04/2026,Orange,18,Dehradoon,Grade B,Dehradoon APMC,4000,3000,3500,Uttarakhand,Orange
23/04/2026,Orange,18,Dehradoon,Grade B,Dehradoon APMC,4000,2500,3500,Uttarakhand,Orange
29/04/2026,Orange,18,Dehradoon,Grade B,Dehradoon APMC,4000,2500,3500,Uttarakhand,Orange
27/04/2026,Orange,18,Dehradoon,Grade C,Dehradoon APMC,4000,2500,3450,Uttarakhand,Orange
09/05/2026,Orange,18,Dehradoon,Grade B,Dehradoon APMC,5800,3500,5000,Uttarakhand,Orange
02/05/2026,Apple,17,Dehradoon,Grade C,Dehradoon APMC,10500,6500,9500,Uttarakhand,Apple
04/05/2026,Apple,17,Dehradoon,Grade B,Dehradoon APMC,10500,6500,8500,Uttarakhand,Apple
07/05/2026,Apple,17,Dehradoon,Grade B,Dehradoon APMC,10500,6500,9500,Uttarakhand,Apple
04/04/2026,Apple,17,Dehradoon,Grade B,Dehradoon APMC,7500,5500,6500,Uttarakhand,Delicious
14/05/2026,Apple,17,Dehradoon,Grade B,Dehradoon APMC,10500,6500,8500,Uttarakhand,Other
18/04/2026,Bottle gourd,82,Dehradoon,FAQ,Dehradoon APMC,800,500,600,Uttarakhand,Other
21/04/2026,Bottle gourd,82,Dehradoon,Grade B,Dehradoon APMC,800,500,650,Uttarakhand,Other
28/04/2026,Bottle gourd,82,Dehradoon,FAQ,Dehradoon APMC,1000,800,900,Uttarakhand,Other
01/05/2026,Bottle gourd,82,Dehradoon,FAQ,Dehradoon APMC,1000,600,800,Uttarakhand,Other
04/04/2026,Cauliflower,34,Dehradoon,FAQ,Dehradoon APMC,2500,1800,2200,Uttarakhand,Other
01/04/2026,Brinjal,35,Dehradoon,Grade B,Dehradoon APMC,1000,750,900,Uttarakhand,Other
07/05/2026,Cabbage,154,Dehradoon,FAQ,Dehradoon APMC,740,550,600,Uttarakhand,Cabbage
05/05/2026,Cabbage,154,Dehradoon,FAQ,Dehradoon APMC,900,600,800,Uttarakhand,Cabbage
07/04/2026,Cabbage,154,Dehradoon,FAQ,Dehradoon APMC,1500,850,1050,Uttarakhand,Cabbage
24/04/2026,Cabbage,154,Dehradoon,FAQ,Dehradoon APMC,600,400,500,Uttarakhand,Cabbage
01/04/2026,Onion,23,Dehradoon,FAQ,Dehradoon APMC,2050,1650,1800,Uttarakhand,Nasik
01/05/2026,Onion,23,Dehradoon,FAQ,Dehradoon APMC,1400,950,1050,Uttarakhand,Nasik
09/05/2026,Onion,23,Dehradoon,Grade B,Dehradoon APMC,1500,950,1150,Uttarakhand,Nasik
15/05/2026,Onion,23,Dehradoon,FAQ,Dehradoon APMC,1450,850,1050,Uttarakhand,Nasik
04/04/2026,Grapes,22,Dehradoon,Grade B,Dehradoon APMC,6500,4000,5000,Uttarakhand,Black
08/04/2026,Grapes,22,Dehradoon,Grade B,Dehradoon APMC,8500,6500,7500,Uttarakhand,Black
21/04/2026,Grapes,22,Dehradoon,Grade B,Dehradoon APMC,7000,4500,5500,Uttarakhand,Green
30/04/2026,Grapes,22,Dehradoon,Grade B,Dehradoon APMC,7500,5500,6500,Uttarakhand,Green
22/04/2026,Potato,24,Dehradoon,FAQ,Dehradoon APMC,600,400,500,Uttarakhand,Other
23/04/2026,Potato,24,Dehradoon,FAQ,Dehradoon APMC,680,400,550,Uttarakhand,Desi
06/05/2026,Potato,24,Dehradoon,FAQ,Dehradoon APMC,800,450,600,Uttarakhand,Desi
17/04/2026,Brinjal,35,Dehradoon,FAQ,Dehradoon APMC,2500,2000,2200,Uttarakhand,Other
19/05/2026,Cauliflower,34,Dehradoon,FAQ,Dehradoon APMC,2200,1500,2000,Uttarakhand,Other
16/04/2026,Carrot,153,Dehradoon,FAQ,Dehradoon APMC,1500,1000,1200,Uttarakhand,Other
25/04/2026,Pomegranate,190,Dehradoon,Grade B,Dehradoon APMC,8500,5000,6500,Uttarakhand,Other
01/05/2026,Pomegranate,190,Dehradoon,Grade B,Dehradoon APMC,9500,6500,7800,Uttarakhand,Other
09/05/2026,Pomegranate,190,Dehradoon,Grade B,Dehradoon APMC,9000,5000,6500,Uttarakhand,Other
02/05/2026,Brinjal,35,Dehradoon,Grade B,Dehradoon APMC,1000,800,900,Uttarakhand,Other
06/05/2026,Brinjal,35,Dehradoon,FAQ,Dehradoon APMC,1400,800,1200,Uttarakhand,Other
02/04/2026,Mashrooms,340,Dehradoon,FAQ,Dehradoon APMC,6500,4500,5500,Uttarakhand,Mashrooms
06/04/2026,French Beans(Frasbean),298,Dehradoon,FAQ,Dehradoon APMC,2200,1600,1800,Uttarakhand,Other
13/04/2026,French Beans(Frasbean),298,Dehradoon,FAQ,Dehradoon APMC,2500,1400,2000,Uttarakhand,Other
20/04/2026,French Beans(Frasbean),298,Dehradoon,FAQ,Dehradoon APMC,4000,3000,3500,Uttarakhand,Other
02/05/2026,French Beans(Frasbean),298,Dehradoon,FAQ,Dehradoon APMC,4500,2000,2500,Uttarakhand,Other
13/05/2026,Carrot,153,Dehradoon,Grade B,Dehradoon APMC,3000,2000,2500,Uttarakhand,Other
18/05/2026,Carrot,153,Dehradoon,FAQ,Dehradoon APMC,2000,1500,1800,Uttarakhand,Other
11/05/2026,Cabbage,154,Dehradoon,FAQ,Dehradoon APMC,700,500,600,Uttarakhand,Cabbage
20/11/2025,Lemon,310,Dehradoon,FAQ,Dehradoon APMC,5000,3250,4000,Uttarakhand,Other
17/11/2025,Guava,185,Dehradoon,Grade B,Dehradoon APMC,2000,1250,1500,Uttarakhand,Other
11/11/2025,Carrot,153,Dehradoon,Grade B,Dehradoon APMC,1800,1000,1500,Uttarakhand,Other
14/11/2025,Carrot,153,Dehradoon,FAQ,Dehradoon APMC,1250,950,1050,Uttarakhand,Other
19/11/2025,Carrot,153,Dehradoon,FAQ,Dehradoon APMC,1500,950,1050,Uttarakhand,Other
24/11/2025,Pomegranate,190,Dehradoon,Grade B,Dehradoon APMC,6500,4000,6000,Uttarakhand,Other
03/11/2025,Pomegranate,190,Dehradoon,Medium,Dehradoon APMC,8500,5500,6500,Uttarakhand,Other
26/11/2025,Chakotha,188,Dehradoon,Grade C,Dehradoon APMC,3000,1950,2200,Uttarakhand,Other
20/11/2025,Cucumbar(Kheera),159,Dehradoon,FAQ,Dehradoon APMC,1200,800,1000,Uttarakhand,Other
21/11/2025,Cucumbar(Kheera),159,Dehradoon,FAQ,Dehradoon APMC,1000,850,900,Uttarakhand,Other
24/11/2025,Cucumbar(Kheera),159,Dehradoon,FAQ,Dehradoon APMC,1000,600,800,Uttarakhand,Other
10/11/2025,Cucumbar(Kheera),159,Dehradoon,Grade B,Dehradoon APMC,1050,850,1000,Uttarakhand,Other
11/11/2025,Cucumbar(Kheera),159,Dehradoon,Grade B,Dehradoon APMC,1200,800,1000,Uttarakhand,Other
14/11/2025,Cucumbar(Kheera),159,Dehradoon,FAQ,Dehradoon APMC,1200,800,1000,Uttarakhand,Other
12/11/2025,Raddish,161,Dehradoon,Grade B,Dehradoon APMC,600,400,500,Uttarakhand,Other
06/11/2025,Sponge gourd,311,Dehradoon,FAQ,Dehradoon APMC,1500,800,1200,Uttarakhand,Other
19/11/2025,Amla(Nelli Kai),355,Dehradoon,Grade A,Dehradoon APMC,1800,1000,1500,Uttarakhand,Other
28/11/2025,Amla(Nelli Kai),355,Dehradoon,Grade B,Dehradoon APMC,1500,950,1050,Uttarakhand,Other
26/11/2025,French Beans(Frasbean),298,Dehradoon,FAQ,Dehradoon APMC,2000,1450,1800,Uttarakhand,Other
17/11/2025,Tomato,78,Dehradoon,Grade A,Dehradoon APMC,1200,800,1000,Uttarakhand,Deshi
29/11/2025,Tomato,78,Dehradoon,Grade B,Dehradoon APMC,1500,850,1250,Uttarakhand,Deshi
29/11/2025,Bitter gourd,81,Dehradoon,FAQ,Dehradoon APMC,1800,1200,1500,Uttarakhand,Bitter Gourd
24/11/2025,Bitter gourd,81,Dehradoon,FAQ,Dehradoon APMC,1600,1200,1500,Uttarakhand,Bitter Gourd
26/11/2025,Bitter gourd,81,Dehradoon,FAQ,Dehradoon APMC,1500,950,1050,Uttarakhand,Bitter Gourd
14/11/2025,Bottle gourd,82,Dehradoon,FAQ,Dehradoon APMC,1000,650,800,Uttarakhand,Other
19/11/2025,Bottle gourd,82,Dehradoon,Grade A,Dehradoon APMC,1000,600,800,Uttarakhand,Other
10/11/2025,Bottle gourd,82,Dehradoon,Grade B,Dehradoon APMC,1200,800,1000,Uttarakhand,Other
07/11/2025,Potato,24,Dehradoon,Grade B,Dehradoon APMC,1500,800,1000,Uttarakhand,Chips
04/11/2025,Potato,24,Dehradoon,FAQ,Dehradoon APMC,1000,650,850,Uttarakhand,Chips
12/11/2025,Banana,19,Dehradoon,Grade B,Dehradoon APMC,2200,1800,2000,Uttarakhand,Other
04/11/2025,Banana,19,Dehradoon,Medium,Dehradoon APMC,2000,1500,1800,Uttarakhand,Other
04/11/2025,Onion,23,Dehradoon,FAQ,Dehradoon APMC,1600,1250,1500,Uttarakhand,Nasik
12/11/2025,Onion,23,Dehradoon,Grade B,Dehradoon APMC,1750,1150,1250,Uttarakhand,Nasik
06/11/2025,Onion,23,Dehradoon,FAQ,Dehradoon APMC,2000,1600,1800,Uttarakhand,Nasik
17/11/2025,Onion,23,Dehradoon,FAQ,Dehradoon APMC,1500,1000,1200,Uttarakhand,Nasik
15/11/2025,Banana,19,Dehradoon,Grade A,Dehradoon APMC,1700,1500,1600,Uttarakhand,Banana - Ripe
04/11/2025,Bhindi(Ladies Finger),85,Dehradoon,FAQ,Dehradoon APMC,1500,1000,1200,Uttarakhand,Other
04/11/2025,Pumpkin,84,Dehradoon,FAQ,Dehradoon APMC,1000,650,850,Uttarakhand,Other
15/11/2025,Bhindi(Ladies Finger),85,Dehradoon,FAQ,Dehradoon APMC,2000,1400,1800,Uttarakhand,Other
28/11/2025,Banana,19,Dehradoon,Grade B,Dehradoon APMC,2000,1500,1800,Uttarakhand,Banana - Ripe
21/11/2025,Banana,19,Dehradoon,Grade B,Dehradoon APMC,2000,1500,1800,Uttarakhand,Banana - Ripe
08/12/2025,Cauliflower,34,Dehradoon,FAQ,Dehradoon APMC,1850,1000,1500,Uttarakhand,Other
10/12/2025,Brinjal,35,Dehradoon,Grade B,Dehradoon APMC,1000,550,800,Uttarakhand,Round
30/12/2025,Pumpkin,84,Dehradoon,FAQ,Dehradoon APMC,1400,800,1200,Uttarakhand,Other
24/12/2025,Onion,23,Dehradoon,FAQ,Dehradoon APMC,2200,1650,2000,Uttarakhand,Nasik
15/12/2025,Pineapple,21,Dehradoon,Grade B,Dehradoon APMC,3250,2050,3000,Uttarakhand,Other
19/12/2025,Pineapple,21,Dehradoon,Grade B,Dehradoon APMC,3250,2050,3000,Uttarakhand,Other
23/12/2025,Pineapple,21,Dehradoon,Grade B,Dehradoon APMC,3000,2000,2500,Uttarakhand,Other
31/12/2025,Pineapple,21,Dehradoon,Grade B,Dehradoon APMC,4000,2800,3500,Uttarakhand,Other
08/12/2025,Amla(Nelli Kai),355,Dehradoon,Grade B,Dehradoon APMC,1300,850,1050,Uttarakhand,Other
17/12/2025,Amla(Nelli Kai),355,Dehradoon,Grade B,Dehradoon APMC,1500,950,1050,Uttarakhand,Other
20/12/2025,Amla(Nelli Kai),355,Dehradoon,Grade B,Dehradoon APMC,1200,850,1050,Uttarakhand,Other
22/12/2025,Tomato,78,Dehradoon,FAQ,Dehradoon APMC,5000,3500,4000,Uttarakhand,Deshi
24/12/2025,Mashrooms,340,Dehradoon,FAQ,Dehradoon APMC,5000,4200,4500,Uttarakhand,Mashrooms
31/12/2025,Amla(Nelli Kai),355,Dehradoon,Grade B,Dehradoon APMC,1400,800,1200,Uttarakhand,Other
06/01/2026,Amla(Nelli Kai),355,Dehradoon,Grade B,Dehradoon APMC,1400,1000,1200,Uttarakhand,Other
08/01/2026,Garlic,25,Dehradoon,FAQ,Dehradoon APMC,5500,4250,5000,Uttarakhand,Garlic
09/01/2026,Orange,18,Dehradoon,Grade B,Dehradoon APMC,3000,2000,2500,Uttarakhand,Medium
13/01/2026,Amla(Nelli Kai),355,Dehradoon,Grade B,Dehradoon APMC,1500,1000,1200,Uttarakhand,Other
13/11/2025,Papaya,72,Dehradoon,Grade C,Dehradoon APMC,1800,1200,1500,Uttarakhand,Other
06/11/2025,Papaya,72,Dehradoon,Medium,Dehradoon APMC,1800,1000,1500,Uttarakhand,Other
04/11/2025,Tomato,78,Dehradoon,FAQ,Dehradoon APMC,1200,850,1050,Uttarakhand,Sankar
26/11/2025,Bhindi(Ladies Finger),85,Dehradoon,FAQ,Dehradoon APMC,1800,1000,1500,Uttarakhand,Other
03/11/2025,Apple,17,Dehradoon,Medium,Dehradoon APMC,7800,5600,6500,Uttarakhand,Apple
07/11/2025,Apple,17,Dehradoon,Grade B,Dehradoon APMC,7500,4500,5500,Uttarakhand,Apple
04/11/2025,Bitter gourd,81,Dehradoon,FAQ,Dehradoon APMC,1450,950,1250,Uttarakhand,Other
14/11/2025,Bitter gourd,81,Dehradoon,Grade A,Dehradoon APMC,1200,800,1000,Uttarakhand,Other
04/11/2025,Apple,17,Dehradoon,Medium,Dehradoon APMC,8500,5500,6500,Uttarakhand,Apple
21/11/2025,Grapes,22,Dehradoon,Grade B,Dehradoon APMC,5500,4000,5000,Uttarakhand,Green
13/11/2025,Grapes,22,Dehradoon,Grade C,Dehradoon APMC,6500,3500,5500,Uttarakhand,Other
20/11/2025,Brinjal,35,Dehradoon,FAQ,Dehradoon APMC,900,700,800,Uttarakhand,Round
21/11/2025,Brinjal,35,Dehradoon,FAQ,Dehradoon APMC,1000,800,900,Uttarakhand,Round
27/11/2025,Grapes,22,Dehradoon,Grade B,Dehradoon APMC,7500,5000,6500,Uttarakhand,Green
26/11/2025,Mousambi(Sweet Lime),77,Dehradoon,Grade B,Dehradoon APMC,3500,2500,3000,Uttarakhand,Other
26/11/2025,Apple,17,Dehradoon,Grade B,Dehradoon APMC,5500,3850,4500,Uttarakhand,Delicious
29/11/2025,Apple,17,Dehradoon,Grade B,Dehradoon APMC,6500,4500,5500,Uttarakhand,Other
11/11/2025,Colacasia,318,Dehradoon,Grade B,Dehradoon APMC,1500,850,1050,Uttarakhand,Other
20/11/2025,Colacasia,318,Dehradoon,FAQ,Dehradoon APMC,1200,800,1000,Uttarakhand,Other
10/11/2025,Colacasia,318,Dehradoon,Grade B,Dehradoon APMC,1200,800,1000,Uttarakhand,Other
26/11/2025,Cabbage,154,Dehradoon,FAQ,Dehradoon APMC,1200,950,1050,Uttarakhand,Other
04/11/2025,Cabbage,154,Dehradoon,FAQ,Dehradoon APMC,1500,950,1050,Uttarakhand,Other
21/11/2025,Bitter gourd,81,Dehradoon,FAQ,Dehradoon APMC,1350,1150,1250,Uttarakhand,Bitter Gourd
14/11/2025,Orange,18,Dehradoon,Grade B,Dehradoon APMC,2500,1500,1800,Uttarakhand,Nagpuri
15/11/2025,Orange,18,Dehradoon,Grade B,Dehradoon APMC,3000,2000,2500,Uttarakhand,Nagpuri
12/11/2025,Orange,18,Dehradoon,Grade B,Dehradoon APMC,3000,2000,2500,Uttarakhand,Other
10/11/2025,Cauliflower,34,Dehradoon,Grade B,Dehradoon APMC,1800,1250,1550,Uttarakhand,Other
17/11/2025,Potato,24,Dehradoon,Grade A,Dehradoon APMC,1000,600,800,Uttarakhand,Other
03/12/2025,Orange,18,Dehradoon,Grade B,Dehradoon APMC,4500,3000,3500,Uttarakhand,Nagpuri
06/12/2025,Orange,18,Dehradoon,Grade B,Dehradoon APMC,3500,1800,2000,Uttarakhand,Nagpuri
17/12/2025,Potato,24,Dehradoon,Grade B,Dehradoon APMC,1000,600,800,Uttarakhand,Chips
19/12/2025,Grapes,22,Dehradoon,Grade B,Dehradoon APMC,4200,3850,4000,Uttarakhand,Green
09/12/2025,Grapes,22,Dehradoon,Grade B,Dehradoon APMC,5500,4000,5000,Uttarakhand,Green
06/12/2025,Grapes,22,Dehradoon,Grade B,Dehradoon APMC,4000,2500,3500,Uttarakhand,Green
17/12/2025,Grapes,22,Dehradoon,Grade B,Dehradoon APMC,5500,4250,5000,Uttarakhand,Green
16/12/2025,Mousambi(Sweet Lime),77,Dehradoon,Grade B,Dehradoon APMC,3250,2050,3000,Uttarakhand,Other
12/12/2025,Bhindi(Ladies Finger),85,Dehradoon,Grade B,Dehradoon APMC,1850,1250,1550,Uttarakhand,Other
06/12/2025,Papaya,72,Dehradoon,Grade B,Dehradoon APMC,2000,1250,1500,Uttarakhand,Other
19/12/2025,Papaya,72,Dehradoon,Grade B,Dehradoon APMC,2000,1450,1850,Uttarakhand,Other
26/12/2025,Bhindi(Ladies Finger),85,Dehradoon,FAQ,Dehradoon APMC,2000,1400,1800,Uttarakhand,Other
04/12/2025,Apple,17,Dehradoon,Grade C,Dehradoon APMC,6000,4500,5800,Uttarakhand,Apple
04/12/2025,Pomegranate,190,Dehradoon,Grade B,Dehradoon APMC,5500,3500,4500,Uttarakhand,Other
17/12/2025,Pomegranate,190,Dehradoon,Grade B,Dehradoon APMC,5500,4000,5000,Uttarakhand,Other
09/12/2025,Pomegranate,190,Dehradoon,Grade B,Dehradoon APMC,5500,3850,5000,Uttarakhand,Other
12/12/2025,Pomegranate,190,Dehradoon,Grade B,Dehradoon APMC,6500,4500,6000,Uttarakhand,Other
31/12/2025,Orange,18,Dehradoon,Grade B,Dehradoon APMC,2500,1850,2050,Uttarakhand,Other
26/12/2025,Banana,19,Dehradoon,Grade B,Dehradoon APMC,1250,850,1000,Uttarakhand,Banana - Ripe
27/12/2025,Orange,18,Dehradoon,Grade B,Dehradoon APMC,3500,2500,3000,Uttarakhand,Orange
23/12/2025,Grapes,22,Dehradoon,Grade B,Dehradoon APMC,3850,2050,3000,Uttarakhand,Black
15/12/2025,Kinnow,336,Dehradoon,Grade B,Dehradoon APMC,2050,1100,1850,Uttarakhand,Other
22/12/2025,Kinnow,336,Dehradoon,Grade B,Dehradoon APMC,2500,1850,2050,Uttarakhand,Other
30/12/2025,French Beans(Frasbean),298,Dehradoon,Grade B,Dehradoon APMC,2500,1800,2200,Uttarakhand,Other
26/12/2025,French Beans(Frasbean),298,Dehradoon,FAQ,Dehradoon APMC,2200,1850,2050,Uttarakhand,Other
30/12/2025,Lemon,310,Dehradoon,FAQ,Dehradoon APMC,5500,4500,5000,Uttarakhand,Other
27/12/2025,Lemon,310,Dehradoon,FAQ,Dehradoon APMC,5500,4250,5000,Uttarakhand,Other
12/12/2025,Colacasia,318,Dehradoon,FAQ,Dehradoon APMC,1200,800,1000,Uttarakhand,Other
15/12/2025,Colacasia,318,Dehradoon,FAQ,Dehradoon APMC,1400,950,1200,Uttarakhand,Other
17/12/2025,Colacasia,318,Dehradoon,Grade B,Dehradoon APMC,1250,800,1000,Uttarakhand,Other
27/12/2025,Colacasia,318,Dehradoon,FAQ,Dehradoon APMC,1500,1000,1200,Uttarakhand,Other
02/12/2025,Colacasia,318,Dehradoon,FAQ,Dehradoon APMC,1200,950,1050,Uttarakhand,Other
04/12/2025,Colacasia,318,Dehradoon,FAQ,Dehradoon APMC,1200,800,1000,Uttarakhand,Other
04/03/2026,Kinnow,336,Dehradoon,Grade B,Dehradoon APMC,2500,1500,2000,Uttarakhand,Other
15/03/2026,Kinnow,336,Dehradoon,Grade B,Dehradoon APMC,4050,2500,3500,Uttarakhand,Other
24/03/2026,Kinnow,336,Dehradoon,Grade B,Dehradoon APMC,3250,2500,2800,Uttarakhand,Other
23/03/2026,Tomato,78,Dehradoon,FAQ,Dehradoon APMC,1500,950,1050,Uttarakhand,Other
05/03/2026,Bottle gourd,82,Dehradoon,FAQ,Dehradoon APMC,1050,650,850,Uttarakhand,Other
11/03/2026,Bottle gourd,82,Dehradoon,Grade B,Dehradoon APMC,1000,600,800,Uttarakhand,Other
18/03/2026,Bottle gourd,82,Dehradoon,FAQ,Dehradoon APMC,1200,800,1000,Uttarakhand,Other
31/03/2026,Tomato,78,Dehradoon,FAQ,Dehradoon APMC,1200,850,1050,Uttarakhand,Other
18/03/2026,Mousambi(Sweet Lime),77,Dehradoon,Grade B,Dehradoon APMC,5000,3500,4500,Uttarakhand,Other
31/03/2026,Mousambi(Sweet Lime),77,Dehradoon,Grade B,Dehradoon APMC,6500,4000,5000,Uttarakhand,Other
31/03/2026,Cabbage,154,Dehradoon,FAQ,Dehradoon APMC,1500,850,1050,Uttarakhand,Cabbage
25/03/2026,Cabbage,154,Dehradoon,FAQ,Dehradoon APMC,1500,1050,1200,Uttarakhand,Cabbage
13/03/2026,Carrot,153,Dehradoon,FAQ,Dehradoon APMC,1200,800,1000,Uttarakhand,Other
18/03/2026,Carrot,153,Dehradoon,FAQ,Dehradoon APMC,1200,950,1100,Uttarakhand,Other
25/03/2026,Carrot,153,Dehradoon,FAQ,Dehradoon APMC,1500,1000,1200,Uttarakhand,Other
05/03/2026,Cabbage,154,Dehradoon,FAQ,Dehradoon APMC,1400,1050,1200,Uttarakhand,Cabbage
18/03/2026,Cabbage,154,Dehradoon,FAQ,Dehradoon APMC,1200,850,1050,Uttarakhand,Cabbage
31/12/2025,Green Chilli,87,Dehradoon,FAQ,Dehradoon APMC,2200,1800,2000,Uttarakhand,Other
02/12/2025,Chikoos(Sapota),71,Dehradoon,Grade B,Dehradoon APMC,2000,1500,1800,Uttarakhand,Other
26/12/2025,Bitter gourd,81,Dehradoon,FAQ,Dehradoon APMC,2000,1500,1800,Uttarakhand,Bitter Gourd
27/12/2025,Bitter gourd,81,Dehradoon,FAQ,Dehradoon APMC,2000,1150,1500,Uttarakhand,Bitter Gourd
31/12/2025,Bitter gourd,81,Dehradoon,FAQ,Dehradoon APMC,2000,1150,1450,Uttarakhand,Bitter Gourd
19/12/2025,Bitter gourd,81,Dehradoon,FAQ,Dehradoon APMC,2000,1050,1500,Uttarakhand,Bitter Gourd
18/12/2025,Bitter gourd,81,Dehradoon,FAQ,Dehradoon APMC,2500,1500,2000,Uttarakhand,Bitter Gourd
02/12/2025,Onion,23,Dehradoon,FAQ,Dehradoon APMC,1800,1250,1500,Uttarakhand,Nasik
06/12/2025,Onion,23,Dehradoon,Grade A,Dehradoon APMC,2000,1450,1800,Uttarakhand,Nasik
15/12/2025,Onion,23,Dehradoon,FAQ,Dehradoon APMC,2050,1550,1850,Uttarakhand,Nasik
23/12/2025,Onion,23,Dehradoon,FAQ,Dehradoon APMC,2500,1650,2000,Uttarakhand,Nasik
12/12/2025,Mousambi(Sweet Lime),77,Dehradoon,Grade B,Dehradoon APMC,3500,2050,3000,Uttarakhand,Other
22/12/2025,Bhindi(Ladies Finger),85,Dehradoon,FAQ,Dehradoon APMC,2500,1850,2050,Uttarakhand,Other
27/12/2025,Bhindi(Ladies Finger),85,Dehradoon,FAQ,Dehradoon APMC,2500,1800,2200,Uttarakhand,Other
23/12/2025,Bottle gourd,82,Dehradoon,FAQ,Dehradoon APMC,1050,650,850,Uttarakhand,Other
18/12/2025,Bottle gourd,82,Dehradoon,FAQ,Dehradoon APMC,1000,750,800,Uttarakhand,Other
11/12/2025,Mousambi(Sweet Lime),77,Dehradoon,Grade B,Dehradoon APMC,3500,2250,3000,Uttarakhand,Other
19/12/2025,Bhindi(Ladies Finger),85,Dehradoon,FAQ,Dehradoon APMC,1800,1250,1500,Uttarakhand,Other
20/12/2025,Bottle gourd,82,Dehradoon,Grade B,Dehradoon APMC,1000,650,800,Uttarakhand,Other
23/12/2025,Banana,19,Dehradoon,Grade B,Dehradoon APMC,2000,1550,1800,Uttarakhand,Banana - Ripe
06/12/2025,Banana,19,Dehradoon,Grade B,Dehradoon APMC,2200,1800,2000,Uttarakhand,Banana - Ripe
29/12/2025,Banana,19,Dehradoon,Grade B,Dehradoon APMC,1500,1000,1250,Uttarakhand,Banana - Ripe
03/12/2025,Banana,19,Dehradoon,Grade B,Dehradoon APMC,2000,1500,1800,Uttarakhand,Banana - Ripe
10/12/2025,Cucumbar(Kheera),159,Dehradoon,FAQ,Dehradoon APMC,1400,900,1200,Uttarakhand,Other
22/12/2025,Cabbage,154,Dehradoon,FAQ,Dehradoon APMC,900,500,600,Uttarakhand,Cabbage
18/12/2025,Cucumbar(Kheera),159,Dehradoon,FAQ,Dehradoon APMC,1000,650,800,Uttarakhand,Other
15/12/2025,Cabbage,154,Dehradoon,Grade B,Dehradoon APMC,1500,850,1050,Uttarakhand,Cabbage
19/12/2025,Cucumbar(Kheera),159,Dehradoon,Grade B,Dehradoon APMC,1000,600,800,Uttarakhand,Other
05/12/2025,Carrot,153,Dehradoon,FAQ,Dehradoon APMC,1250,950,1050,Uttarakhand,Other
11/12/2025,Guava,185,Dehradoon,Grade B,Dehradoon APMC,2000,1250,1500,Uttarakhand,Other
30/12/2025,Guava,185,Dehradoon,Grade B,Dehradoon APMC,2500,1950,2200,Uttarakhand,Other
16/12/2025,Guava,185,Dehradoon,Grade B,Dehradoon APMC,2200,1850,2000,Uttarakhand,Other
23/12/2025,Guava,185,Dehradoon,Grade B,Dehradoon APMC,2500,1850,2060,Uttarakhand,Other
24/12/2025,Guava,185,Dehradoon,Grade B,Dehradoon APMC,2400,1800,2200,Uttarakhand,Other
22/12/2025,Guava,185,Dehradoon,Grade B,Dehradoon APMC,2850,2050,2500,Uttarakhand,Other
20/12/2025,Guava,185,Dehradoon,Grade B,Dehradoon APMC,2500,1000,1250,Uttarakhand,Other
02/12/2025,Bhindi(Ladies Finger),85,Dehradoon,Grade A,Dehradoon APMC,1950,1750,1800,Uttarakhand,Other
04/12/2025,Bhindi(Ladies Finger),85,Dehradoon,FAQ,Dehradoon APMC,1250,980,1050,Uttarakhand,Other
24/12/2025,Garlic,25,Dehradoon,FAQ,Dehradoon APMC,5250,3550,5000,Uttarakhand,Garlic
22/12/2025,Potato,24,Dehradoon,FAQ,Dehradoon APMC,1000,600,800,Uttarakhand,Desi
13/01/2026,Colacasia,318,Dehradoon,FAQ,Dehradoon APMC,1050,850,950,Uttarakhand,Other
24/01/2026,Colacasia,318,Dehradoon,FAQ,Dehradoon APMC,1200,800,1000,Uttarakhand,Other
23/01/2026,Banana,19,Dehradoon,Grade B,Dehradoon APMC,1800,1050,1500,Uttarakhand,Banana - Ripe
19/01/2026,Indian Beans(Seam),299,Dehradoon,FAQ,Dehradoon APMC,1100,650,1000,Uttarakhand,Other
20/01/2026,Cabbage,154,Dehradoon,FAQ,Dehradoon APMC,1100,800,1000,Uttarakhand,Cabbage
31/01/2026,Cabbage,154,Dehradoon,FAQ,Dehradoon APMC,1250,850,1050,Uttarakhand,Cabbage
02/01/2026,Pomegranate,190,Dehradoon,Grade B,Dehradoon APMC,5500,4500,5000,Uttarakhand,Other
03/01/2026,Pomegranate,190,Dehradoon,Grade B,Dehradoon APMC,5500,4000,4500,Uttarakhand,Other
16/01/2026,Pomegranate,190,Dehradoon,Grade B,Dehradoon APMC,7500,5500,6500,Uttarakhand,Other
22/01/2026,Pomegranate,190,Dehradoon,Grade B,Dehradoon APMC,6500,4500,5500,Uttarakhand,Other
01/01/2026,Raddish,161,Dehradoon,FAQ,Dehradoon APMC,600,450,500,Uttarakhand,Other
29/01/2026,Raddish,161,Dehradoon,FAQ,Dehradoon APMC,600,350,500,Uttarakhand,Other
01/01/2026,French Beans(Frasbean),298,Dehradoon,FAQ,Dehradoon APMC,2200,1800,2000,Uttarakhand,Other
22/01/2026,French Beans(Frasbean),298,Dehradoon,FAQ,Dehradoon APMC,2100,1650,1900,Uttarakhand,Other
29/01/2026,French Beans(Frasbean),298,Dehradoon,FAQ,Dehradoon APMC,2500,1800,2200,Uttarakhand,Other
28/01/2026,French Beans(Frasbean),298,Dehradoon,FAQ,Dehradoon APMC,3000,2000,2500,Uttarakhand,Other
31/01/2026,French Beans(Frasbean),298,Dehradoon,FAQ,Dehradoon APMC,2200,1450,2000,Uttarakhand,Other
15/01/2026,Peas Wet,174,Dehradoon,Grade B,Dehradoon APMC,2200,1800,2000,Uttarakhand,Other
20/01/2026,Peas Wet,174,Dehradoon,FAQ,Dehradoon APMC,2200,1800,2000,Uttarakhand,Other
08/01/2026,Green Chilli,87,Dehradoon,Grade B,Dehradoon APMC,3000,2000,2500,Uttarakhand,Other
12/01/2026,Green Chilli,87,Dehradoon,FAQ,Dehradoon APMC,2500,1600,2000,Uttarakhand,Other
05/01/2026,Green Chilli,87,Dehradoon,FAQ,Dehradoon APMC,2500,1600,2000,Uttarakhand,Other
02/01/2026,Kinnow,336,Dehradoon,Grade B,Dehradoon APMC,3000,2000,2500,Uttarakhand,Other
05/01/2026,Kinnow,336,Dehradoon,Grade B,Dehradoon APMC,2500,1800,2000,Uttarakhand,Other
12/01/2026,Kinnow,336,Dehradoon,Grade B,Dehradoon APMC,2500,1850,2050,Uttarakhand,Other
18/03/2026,Pomegranate,190,Dehradoon,Grade B,Dehradoon APMC,7500,4500,6000,Uttarakhand,Other
25/03/2026,Pomegranate,190,Dehradoon,Grade B,Dehradoon APMC,7500,5500,6500,Uttarakhand,Other
31/03/2026,Pomegranate,190,Dehradoon,Grade B,Dehradoon APMC,6000,5000,5500,Uttarakhand,Other
10/03/2026,Potato,24,Dehradoon,Grade B,Dehradoon APMC,600,450,550,Uttarakhand,Other
24/03/2026,Potato,24,Dehradoon,FAQ,Dehradoon APMC,600,400,500,Uttarakhand,Other
17/03/2026,Bhindi(Ladies Finger),85,Dehradoon,FAQ,Dehradoon APMC,2000,1500,1800,Uttarakhand,Other
11/03/2026,Bhindi(Ladies Finger),85,Dehradoon,FAQ,Dehradoon APMC,1800,1250,1500,Uttarakhand,Other
23/03/2026,Bhindi(Ladies Finger),85,Dehradoon,FAQ,Dehradoon APMC,3200,2000,2500,Uttarakhand,Other
27/03/2026,Bhindi(Ladies Finger),85,Dehradoon,Grade B,Dehradoon APMC,2000,1400,1800,Uttarakhand,Other
28/03/2026,Bhindi(Ladies Finger),85,Dehradoon,FAQ,Dehradoon APMC,2500,1800,2200,Uttarakhand,Other
11/03/2026,Apple,17,Dehradoon,Grade B,Dehradoon APMC,6500,4500,5500,Uttarakhand,Apple
17/03/2026,Apple,17,Dehradoon,Grade B,Dehradoon APMC,6500,4500,5500,Uttarakhand,Apple
23/03/2026,Apple,17,Dehradoon,Grade B,Dehradoon APMC,9500,6500,8500,Uttarakhand,Apple
25/03/2026,Apple,17,Dehradoon,Grade B,Dehradoon APMC,9500,6500,8500,Uttarakhand,Apple
10/03/2026,Banana,19,Dehradoon,Grade B,Dehradoon APMC,1200,850,1050,Uttarakhand,Banana - Ripe
17/03/2026,Banana,19,Dehradoon,Grade B,Dehradoon APMC,2000,1500,1800,Uttarakhand,Banana - Ripe
09/03/2026,Orange,18,Dehradoon,Grade B,Dehradoon APMC,4500,2000,3500,Uttarakhand,Medium
18/03/2026,Orange,18,Dehradoon,Grade B,Dehradoon APMC,6500,5000,5500,Uttarakhand,Orange
27/03/2026,Orange,18,Dehradoon,Grade B,Dehradoon APMC,4000,2000,3000,Uttarakhand,Orange
15/03/2026,Apple,17,Dehradoon,Grade B,Dehradoon APMC,6500,4500,5500,Uttarakhand,Other
17/03/2026,Orange,18,Dehradoon,Grade B,Dehradoon APMC,5000,3200,4000,Uttarakhand,Orange
12/03/2026,Orange,18,Dehradoon,Grade B,Dehradoon APMC,4000,2500,3500,Uttarakhand,Orange
16/03/2026,Orange,18,Dehradoon,Grade B,Dehradoon APMC,4050,2800,3250,Uttarakhand,Orange
15/03/2026,Bitter gourd,81,Dehradoon,FAQ,Dehradoon APMC,2200,1800,2000,Uttarakhand,Bitter Gourd
31/03/2026,Papaya,72,Dehradoon,Grade B,Dehradoon APMC,3000,1800,2500,Uttarakhand,Other
24/03/2026,Bitter gourd,81,Dehradoon,FAQ,Dehradoon APMC,2200,1500,2000,Uttarakhand,Bitter Gourd
04/03/2026,Papaya,72,Dehradoon,Grade B,Dehradoon APMC,2500,1450,2000,Uttarakhand,Other
09/03/2026,Papaya,72,Dehradoon,Grade B,Dehradoon APMC,2000,1100,1500,Uttarakhand,Other
27/03/2026,Papaya,72,Dehradoon,Grade B,Dehradoon APMC,2500,1800,2200,Uttarakhand,Other
28/03/2026,Papaya,72,Dehradoon,Grade B,Dehradoon APMC,2500,1800,2200,Uttarakhand,Other
04/03/2026,Potato,24,Dehradoon,Grade B,Dehradoon APMC,800,450,600,Uttarakhand,Desi
13/03/2026,Potato,24,Dehradoon,FAQ,Dehradoon APMC,600,450,550,Uttarakhand,Desi
05/03/2026,Onion,23,Dehradoon,FAQ,Dehradoon APMC,2000,1500,1800,Uttarakhand,Nasik
31/03/2026,Onion,23,Dehradoon,FAQ,Dehradoon APMC,1800,1250,1500,Uttarakhand,Nasik
06/03/2026,Grapes,22,Dehradoon,Grade B,Dehradoon APMC,6000,4000,5000,Uttarakhand,Green
12/03/2026,Grapes,22,Dehradoon,Grade B,Dehradoon APMC,5500,3250,4500,Uttarakhand,Green
15/03/2026,Grapes,22,Dehradoon,Grade B,Dehradoon APMC,6000,4000,5000,Uttarakhand,Green
25/03/2026,Grapes,22,Dehradoon,Grade B,Dehradoon APMC,8500,5500,7500,Uttarakhand,Green
20/03/2026,Lemon,310,Dehradoon,FAQ,Dehradoon APMC,7560,5500,6500,Uttarakhand,Other
25/03/2026,Lemon,310,Dehradoon,Grade B,Dehradoon APMC,6500,4500,5500,Uttarakhand,Other
10/03/2026,Cucumbar(Kheera),159,Dehradoon,Grade B,Dehradoon APMC,1050,650,850,Uttarakhand,Other
13/03/2026,Cucumbar(Kheera),159,Dehradoon,FAQ,Dehradoon APMC,1200,800,1000,Uttarakhand,Other
06/01/2026,Guava,185,Dehradoon,Grade B,Dehradoon APMC,2500,1400,1800,Uttarakhand,Other
09/01/2026,Guava,185,Dehradoon,Grade B,Dehradoon APMC,2800,2000,2500,Uttarakhand,Other
16/01/2026,Guava,185,Dehradoon,Grade B,Dehradoon APMC,2800,2000,2500,Uttarakhand,Other
30/01/2026,Guava,185,Dehradoon,Grade B,Dehradoon APMC,2800,2200,2500,Uttarakhand,Other
07/01/2026,Carrot,153,Dehradoon,FAQ,Dehradoon APMC,1400,850,1000,Uttarakhand,Other
09/01/2026,Carrot,153,Dehradoon,FAQ,Dehradoon APMC,1250,750,1050,Uttarakhand,Other
03/01/2026,Cucumbar(Kheera),159,Dehradoon,FAQ,Dehradoon APMC,1250,800,1000,Uttarakhand,Other
30/01/2026,Lemon,310,Dehradoon,FAQ,Dehradoon APMC,4500,3250,4000,Uttarakhand,Other
28/01/2026,Carrot,153,Dehradoon,FAQ,Dehradoon APMC,1300,950,1150,Uttarakhand,Other
03/01/2026,Lemon,310,Dehradoon,FAQ,Dehradoon APMC,5500,4500,5000,Uttarakhand,Other
16/01/2026,Lemon,310,Dehradoon,FAQ,Dehradoon APMC,3500,1980,2500,Uttarakhand,Other
09/01/2026,Orange,18,Dehradoon,Grade B,Dehradoon APMC,3000,1500,2500,Uttarakhand,Orange
12/01/2026,Orange,18,Dehradoon,Grade B,Dehradoon APMC,3000,2000,2500,Uttarakhand,Orange
23/01/2026,Orange,18,Dehradoon,Grade B,Dehradoon APMC,3000,2000,2500,Uttarakhand,Orange
27/01/2026,Orange,18,Dehradoon,Grade B,Dehradoon APMC,3250,1850,2050,Uttarakhand,Orange
01/01/2026,Orange,18,Dehradoon,Grade B,Dehradoon APMC,3000,1800,2300,Uttarakhand,Orange
02/01/2026,Orange,18,Dehradoon,Grade B,Dehradoon APMC,2800,2000,2500,Uttarakhand,Orange
03/01/2026,Cauliflower,34,Dehradoon,FAQ,Dehradoon APMC,1200,850,1050,Uttarakhand,Other
12/01/2026,Cauliflower,34,Dehradoon,FAQ,Dehradoon APMC,1400,1000,1200,Uttarakhand,Other
01/01/2026,Apple,17,Dehradoon,Grade B,Dehradoon APMC,6500,4000,5000,Uttarakhand,Other
07/01/2026,Brinjal,35,Dehradoon,Grade B,Dehradoon APMC,1000,600,800,Uttarakhand,Other
21/01/2026,Brinjal,35,Dehradoon,Grade B,Dehradoon APMC,1200,800,1000,Uttarakhand,Other
29/01/2026,Brinjal,35,Dehradoon,Grade B,Dehradoon APMC,1000,650,800,Uttarakhand,Other
30/01/2026,Brinjal,35,Dehradoon,FAQ,Dehradoon APMC,1000,650,800,Uttarakhand,Other
31/01/2026,Brinjal,35,Dehradoon,FAQ,Dehradoon APMC,1000,650,800,Uttarakhand,Other
11/01/2026,Pineapple,21,Dehradoon,Grade B,Dehradoon APMC,4000,3000,3500,Uttarakhand,Other
15/01/2026,Pineapple,21,Dehradoon,Grade B,Dehradoon APMC,3500,2500,3000,Uttarakhand,Other
06/01/2026,Potato,24,Dehradoon,Grade B,Dehradoon APMC,1140,600,1000,Uttarakhand,Chips
19/01/2026,Onion,23,Dehradoon,FAQ,Dehradoon APMC,2500,1500,2000,Uttarakhand,Nasik
30/01/2026,Onion,23,Dehradoon,FAQ,Dehradoon APMC,3500,2050,2500,Uttarakhand,Nasik
22/01/2026,Potato,24,Dehradoon,FAQ,Dehradoon APMC,500,350,450,Uttarakhand,Desi
20/01/2026,Potato,24,Dehradoon,FAQ,Dehradoon APMC,600,400,550,Uttarakhand,Desi
19/01/2026,Potato,24,Dehradoon,FAQ,Dehradoon APMC,1150,650,900,Uttarakhand,Desi
05/01/2026,Apple,17,Dehradoon,Grade B,Dehradoon APMC,6000,4000,5000,Uttarakhand,Apple
03/01/2026,Mousambi(Sweet Lime),77,Dehradoon,Grade B,Dehradoon APMC,5500,4000,5000,Uttarakhand,Other
21/01/2026,Mousambi(Sweet Lime),77,Dehradoon,Grade B,Dehradoon APMC,4000,2200,3500,Uttarakhand,Other
23/01/2026,Mousambi(Sweet Lime),77,Dehradoon,Grade B,Dehradoon APMC,4000,2850,3200,Uttarakhand,Other
29/01/2026,Mousambi(Sweet Lime),77,Dehradoon,Grade B,Dehradoon APMC,4500,2250,3500,Uttarakhand,Other
28/01/2026,Mousambi(Sweet Lime),77,Dehradoon,Grade B,Dehradoon APMC,4500,2500,3500,Uttarakhand,Other
30/01/2026,Mousambi(Sweet Lime),77,Dehradoon,Grade B,Dehradoon APMC,3000,2050,2500,Uttarakhand,Other
01/01/2026,Bottle gourd,82,Dehradoon,FAQ,Dehradoon APMC,1500,1000,1200,Uttarakhand,Other
05/01/2026,Bottle gourd,82,Dehradoon,FAQ,Dehradoon APMC,1000,600,800,Uttarakhand,Other
12/01/2026,Bottle gourd,82,Dehradoon,FAQ,Dehradoon APMC,900,650,750,Uttarakhand,Other
03/01/2026,Papaya,72,Dehradoon,Grade B,Dehradoon APMC,2300,1450,1800,Uttarakhand,Other
12/01/2026,Papaya,72,Dehradoon,Grade B,Dehradoon APMC,1800,1250,1500,Uttarakhand,Other
16/01/2026,Papaya,72,Dehradoon,Grade B,Dehradoon APMC,2500,1500,1800,Uttarakhand,Other
22/01/2026,Papaya,72,Dehradoon,Grade B,Dehradoon APMC,2500,1250,2000,Uttarakhand,Other
28/01/2026,Papaya,72,Dehradoon,Grade B,Dehradoon APMC,1800,1250,1500,Uttarakhand,Other
19/01/2026,Bottle gourd,82,Dehradoon,FAQ,Dehradoon APMC,1000,600,800,Uttarakhand,Other
22/01/2026,Bottle gourd,82,Dehradoon,FAQ,Dehradoon APMC,1200,800,1000,Uttarakhand,Other
20/01/2026,Bitter gourd,81,Dehradoon,FAQ,Dehradoon APMC,3000,2000,2500,Uttarakhand,Bitter Gourd
22/01/2026,Brinjal,35,Dehradoon,FAQ,Dehradoon APMC,1250,800,1000,Uttarakhand,Other
31/01/2026,Apple,17,Dehradoon,Grade B,Dehradoon APMC,7500,5500,6500,Uttarakhand,Apple
02/01/2026,Apple,17,Dehradoon,Grade B,Dehradoon APMC,6500,3500,5500,Uttarakhand,Other
09/01/2026,Apple,17,Dehradoon,Grade B,Dehradoon APMC,6500,4500,5500,Uttarakhand,Other
27/01/2026,Apple,17,Dehradoon,Grade B,Dehradoon APMC,6500,4800,5200,Uttarakhand,Other
01/01/2026,Bitter gourd,81,Dehradoon,FAQ,Dehradoon APMC,1800,1200,1500,Uttarakhand,Bitter Gourd
02/01/2026,Banana,19,Dehradoon,Grade B,Dehradoon APMC,1800,1250,1500,Uttarakhand,Banana - Ripe
11/01/2026,Banana,19,Dehradoon,Grade B,Dehradoon APMC,1500,1000,1200,Uttarakhand,Banana - Ripe
24/01/2026,Banana,19,Dehradoon,Grade B,Dehradoon APMC,1200,800,1000,Uttarakhand,Banana - Ripe
13/01/2026,Bhindi(Ladies Finger),85,Dehradoon,Grade B,Dehradoon APMC,2000,1700,1800,Uttarakhand,Other
20/01/2026,Tomato,78,Dehradoon,FAQ,Dehradoon APMC,2000,1000,1500,Uttarakhand,Other
21/01/2026,Tomato,78,Dehradoon,Grade B,Dehradoon APMC,2200,1500,1800,Uttarakhand,Other
08/01/2026,Tomato,78,Dehradoon,FAQ,Dehradoon APMC,2500,1850,2000,Uttarakhand,Other
24/02/2026,Bhindi(Ladies Finger),85,Dehradoon,Grade B,Dehradoon APMC,4150,2500,3500,Uttarakhand,Other
27/02/2026,Bhindi(Ladies Finger),85,Dehradoon,Grade B,Dehradoon APMC,2800,2000,2500,Uttarakhand,Other
06/02/2026,Bhindi(Ladies Finger),85,Dehradoon,FAQ,Dehradoon APMC,1500,1150,1300,Uttarakhand,Other
23/02/2026,Tomato,78,Dehradoon,Grade B,Dehradoon APMC,1200,850,1050,Uttarakhand,Other
02/02/2026,Mousambi(Sweet Lime),77,Dehradoon,Grade B,Dehradoon APMC,5500,4000,5000,Uttarakhand,Other
20/02/2026,Pumpkin,84,Dehradoon,FAQ,Dehradoon APMC,800,500,600,Uttarakhand,Other
06/02/2026,Pumpkin,84,Dehradoon,Grade B,Dehradoon APMC,1000,600,800,Uttarakhand,Other
23/02/2026,Bottle gourd,82,Dehradoon,Grade C,Dehradoon APMC,1000,600,800,Uttarakhand,Other
03/02/2026,Bitter gourd,81,Dehradoon,FAQ,Dehradoon APMC,2500,1650,2050,Uttarakhand,Bitter Gourd
04/02/2026,Bitter gourd,81,Dehradoon,FAQ,Dehradoon APMC,2000,1250,1800,Uttarakhand,Bitter Gourd
09/02/2026,Bitter gourd,81,Dehradoon,FAQ,Dehradoon APMC,2200,1800,2000,Uttarakhand,Bitter Gourd
05/02/2026,Bitter gourd,81,Dehradoon,Grade B,Dehradoon APMC,2200,1850,2050,Uttarakhand,Bitter Gourd
10/02/2026,Apple,17,Dehradoon,Grade B,Dehradoon APMC,6500,4500,5500,Uttarakhand,Other
06/02/2026,Cucumbar(Kheera),159,Dehradoon,FAQ,Dehradoon APMC,1200,800,1000,Uttarakhand,Other
23/02/2026,French Beans(Frasbean),298,Dehradoon,Grade B,Dehradoon APMC,2200,1800,2000,Uttarakhand,Other
09/02/2026,Apple,17,Dehradoon,Grade B,Dehradoon APMC,7500,5500,6500,Uttarakhand,Apple
13/02/2026,Apple,17,Dehradoon,Grade B,Dehradoon APMC,6500,4500,5500,Uttarakhand,Apple
13/02/2026,Orange,18,Dehradoon,Grade B,Dehradoon APMC,3000,2000,2500,Uttarakhand,Orange
26/02/2026,Orange,18,Dehradoon,Grade B,Dehradoon APMC,5500,3250,4000,Uttarakhand,Orange
27/02/2026,Orange,18,Dehradoon,Grade B,Dehradoon APMC,5000,4200,4500,Uttarakhand,Other
02/02/2026,Apple,17,Dehradoon,Grade B,Dehradoon APMC,5000,3850,4250,Uttarakhand,Apple
05/02/2026,Pomegranate,190,Dehradoon,Grade B,Dehradoon APMC,7500,5500,6500,Uttarakhand,Other
13/02/2026,Guava,185,Dehradoon,Grade B,Dehradoon APMC,2200,1800,2000,Uttarakhand,Other
25/02/2026,Guava,185,Dehradoon,Grade B,Dehradoon APMC,3800,2500,3500,Uttarakhand,Other
11/02/2026,Lemon,310,Dehradoon,FAQ,Dehradoon APMC,4500,3250,4000,Uttarakhand,Other
25/02/2026,Lemon,310,Dehradoon,FAQ,Dehradoon APMC,5800,2500,4500,Uttarakhand,Other
03/02/2026,Colacasia,318,Dehradoon,FAQ,Dehradoon APMC,1500,850,1250,Uttarakhand,Other
10/02/2026,Colacasia,318,Dehradoon,FAQ,Dehradoon APMC,1200,850,1050,Uttarakhand,Other
02/02/2026,Kinnow,336,Dehradoon,Grade B,Dehradoon APMC,2500,1800,2200,Uttarakhand,Other
13/02/2026,Kinnow,336,Dehradoon,Grade B,Dehradoon APMC,2500,2000,2200,Uttarakhand,Other
12/02/2026,Papaya,72,Dehradoon,Grade B,Dehradoon APMC,2000,1450,1800,Uttarakhand,Other
13/02/2026,Papaya,72,Dehradoon,Grade B,Dehradoon APMC,2000,1450,1800,Uttarakhand,Other
04/02/2026,Brinjal,35,Dehradoon,FAQ,Dehradoon APMC,1150,800,1000,Uttarakhand,Other
09/02/2026,Brinjal,35,Dehradoon,FAQ,Dehradoon APMC,1200,800,1000,Uttarakhand,Other
26/02/2026,Grapes,22,Dehradoon,Grade B,Dehradoon APMC,6800,5500,6000,Uttarakhand,Black
03/02/2026,Grapes,22,Dehradoon,Grade B,Dehradoon APMC,6500,4500,5500,Uttarakhand,Green
10/02/2026,Carrot,153,Dehradoon,FAQ,Dehradoon APMC,1400,800,1200,Uttarakhand,Other
27/02/2026,Onion,23,Dehradoon,FAQ,Dehradoon APMC,2000,1400,1600,Uttarakhand,Nasik
23/02/2026,Potato,24,Dehradoon,Grade B,Dehradoon APMC,1000,600,800,Uttarakhand,Other
16/02/2026,Carrot,153,Dehradoon,Grade B,Dehradoon APMC,1400,600,800,Uttarakhand,Other
09/02/2026,Pineapple,21,Dehradoon,Grade B,Dehradoon APMC,3000,2000,2500,Uttarakhand,Other
17/02/2026,Pineapple,21,Dehradoon,Grade B,Dehradoon APMC,3500,2050,3000,Uttarakhand,Other
02/02/2026,Potato,24,Dehradoon,FAQ,Dehradoon APMC,1000,650,800,Uttarakhand,Desi
05/02/2026,Cabbage,154,Dehradoon,Grade B,Dehradoon APMC,1200,950,1050,Uttarakhand,Cabbage
03/02/2026,Cauliflower,34,Dehradoon,FAQ,Dehradoon APMC,1200,800,1000,Uttarakhand,Other
27/02/2026,Brinjal,35,Dehradoon,Grade B,Dehradoon APMC,1200,800,1000,Uttarakhand,Other
04/02/2026,Onion,23,Dehradoon,FAQ,Dehradoon APMC,2000,1500,1800,Uttarakhand,Nasik
11/02/2026,Onion,23,Dehradoon,FAQ,Dehradoon APMC,1800,1000,1500,Uttarakhand,Nasik
04/02/2026,Banana,19,Dehradoon,Grade B,Dehradoon APMC,1450,950,1200,Uttarakhand,Banana - Ripe
13/02/2026,Banana,19,Dehradoon,Grade B,Dehradoon APMC,1800,1200,1500,Uttarakhand,Banana - Ripe
20/02/2026,Banana,19,Dehradoon,Grade B,Dehradoon APMC,1800,1250,1500,Uttarakhand,Banana - Ripe
15/02/2026,Banana,19,Dehradoon,Grade B,Dehradoon APMC,2500,1500,1800,Uttarakhand,Banana - Ripe
05/02/2026,Mashrooms,340,Dehradoon,Grade B,Dehradoon APMC,6500,4500,5500,Uttarakhand,Mashrooms
04/04/2026,Banana,19,Dehradoon,Grade B,Dehradoon APMC,2000,1500,1800,Uttarakhand,Banana - Ripe
17/04/2026,Banana,19,Dehradoon,Grade B,Dehradoon APMC,2200,1500,1800,Uttarakhand,Banana - Ripe
16/04/2026,Banana,19,Dehradoon,Grade B,Dehradoon APMC,1600,1200,1500,Uttarakhand,Banana - Ripe
20/04/2026,Banana,19,Dehradoon,Grade B,Dehradoon APMC,2000,1500,1800,Uttarakhand,Banana - Ripe
21/04/2026,Banana,19,Dehradoon,Grade B,Dehradoon APMC,1800,1500,1600,Uttarakhand,Banana - Ripe
13/05/2026,Mango,20,Dehradoon,Grade B,Dehradoon APMC,3500,2250,3000,Uttarakhand,Other
02/05/2026,Banana,19,Dehradoon,Grade B,Dehradoon APMC,2000,1500,1800,Uttarakhand,Banana - Ripe
14/05/2026,Banana,19,Dehradoon,Grade B,Dehradoon APMC,2000,1500,1800,Uttarakhand,Banana - Ripe
19/05/2026,Banana,19,Dehradoon,Grade B,Dehradoon APMC,1800,1400,1600,Uttarakhand,Banana - Ripe
20/04/2026,Karbuja(Musk Melon),187,Dehradoon,Grade B,Dehradoon APMC,2500,2000,2200,Uttarakhand,Karbhuja
25/04/2026,Karbuja(Musk Melon),187,Dehradoon,Grade B,Dehradoon APMC,2200,1500,1800,Uttarakhand,Karbhuja
05/05/2026,Karbuja(Musk Melon),187,Dehradoon,Grade C,Dehradoon APMC,1400,1000,1200,Uttarakhand,Karbhuja
09/04/2026,Apple,17,Dehradoon,Grade B,Dehradoon APMC,8500,5500,6500,Uttarakhand,Apple
08/04/2026,Apple,17,Dehradoon,Grade B,Dehradoon APMC,10500,6500,8500,Uttarakhand,Apple
10/04/2026,Apple,17,Dehradoon,Grade B,Dehradoon APMC,9500,5500,6500,Uttarakhand,Apple
13/05/2026,Karbuja(Musk Melon),187,Dehradoon,Grade B,Dehradoon APMC,1800,1200,1500,Uttarakhand,Karbhuja
15/05/2026,Karbuja(Musk Melon),187,Dehradoon,Grade B,Dehradoon APMC,1500,850,1050,Uttarakhand,Karbhuja
09/05/2026,Apple,17,Dehradoon,Grade B,Dehradoon APMC,9500,6500,8500,Uttarakhand,Apple
15/05/2026,Apple,17,Dehradoon,Grade B,Dehradoon APMC,9500,5500,8500,Uttarakhand,Apple
07/04/2026,Orange,18,Dehradoon,Grade B,Dehradoon APMC,4500,3500,4000,Uttarakhand,Orange
06/04/2026,Orange,18,Dehradoon,Grade B,Dehradoon APMC,5000,3000,4000,Uttarakhand,Orange
10/04/2026,Orange,18,Dehradoon,Grade B,Dehradoon APMC,7500,3850,5500,Uttarakhand,Orange
24/04/2026,Orange,18,Dehradoon,Grade B,Dehradoon APMC,5500,3500,4500,Uttarakhand,Orange
02/05/2026,Orange,18,Dehradoon,Grade B,Dehradoon APMC,6000,3600,4500,Uttarakhand,Orange
13/05/2026,Apple,17,Dehradoon,Grade B,Dehradoon APMC,9800,5500,6500,Uttarakhand,Other
04/05/2026,Papaya,72,Dehradoon,Grade B,Dehradoon APMC,2500,1500,2000,Uttarakhand,Other
16/05/2026,Papaya,72,Dehradoon,Grade B,Dehradoon APMC,1800,1200,1500,Uttarakhand,Other
10/04/2026,Water Melon,73,Dehradoon,Grade B,Dehradoon APMC,1200,800,1000,Uttarakhand,Water Melon
28/04/2026,Water Melon,73,Dehradoon,Grade B,Dehradoon APMC,1200,800,1000,Uttarakhand,Water Melon
07/05/2026,Water Melon,73,Dehradoon,Grade B,Dehradoon APMC,1400,800,1200,Uttarakhand,Water Melon
18/04/2026,Green Chilli,87,Dehradoon,FAQ,Dehradoon APMC,5000,3000,4500,Uttarakhand,Other
04/04/2026,Green Chilli,87,Dehradoon,FAQ,Dehradoon APMC,2500,1600,1800,Uttarakhand,Other
30/04/2026,Green Chilli,87,Dehradoon,FAQ,Dehradoon APMC,2500,1500,2000,Uttarakhand,Other
06/04/2026,Mousambi(Sweet Lime),77,Dehradoon,Grade B,Dehradoon APMC,6500,4560,5500,Uttarakhand,Other
12/05/2026,Green Chilli,87,Dehradoon,FAQ,Dehradoon APMC,2000,1600,1800,Uttarakhand,Other
25/04/2026,Pumpkin,84,Dehradoon,Grade B,Dehradoon APMC,800,500,600,Uttarakhand,Other
28/04/2026,Pumpkin,84,Dehradoon,FAQ,Dehradoon APMC,800,500,650,Uttarakhand,Other
11/05/2026,Lemon,310,Dehradoon,FAQ,Dehradoon APMC,7500,5500,6500,Uttarakhand,Other
14/05/2026,Lemon,310,Dehradoon,Grade B,Dehradoon APMC,6500,5000,5500,Uttarakhand,Other
15/05/2026,Sponge gourd,311,Dehradoon,Grade B,Dehradoon APMC,2500,1000,1500,Uttarakhand,Other
09/04/2026,Lemon,310,Dehradoon,FAQ,Dehradoon APMC,4500,3500,4000,Uttarakhand,Other
11/04/2026,Lemon,310,Dehradoon,Grade B,Dehradoon APMC,5500,4000,5000,Uttarakhand,Other
22/04/2026,Lemon,310,Dehradoon,Grade B,Dehradoon APMC,15000,13000,14500,Uttarakhand,Other
23/04/2026,Lemon,310,Dehradoon,FAQ,Dehradoon APMC,14000,10000,12500,Uttarakhand,Other
30/04/2026,Lemon,310,Dehradoon,FAQ,Dehradoon APMC,8200,4500,6500,Uttarakhand,Other
29/04/2026,Bhindi(Ladies Finger),85,Dehradoon,FAQ,Dehradoon APMC,2000,1500,1800,Uttarakhand,Other
27/04/2026,Bhindi(Ladies Finger),85,Dehradoon,FAQ,Dehradoon APMC,2000,1200,1800,Uttarakhand,Other
11/05/2026,Bhindi(Ladies Finger),85,Dehradoon,Grade A,Dehradoon APMC,1400,1050,1200,Uttarakhand,Other
23/04/2026,Bitter gourd,81,Dehradoon,FAQ,Dehradoon APMC,2500,1500,1800,Uttarakhand,Bitter Gourd
24/04/2026,Bitter gourd,81,Dehradoon,FAQ,Dehradoon APMC,2000,1500,1800,Uttarakhand,Bitter Gourd
01/04/2026,Bitter gourd,81,Dehradoon,FAQ,Dehradoon APMC,2000,1150,1600,Uttarakhand,Bitter Gourd
15/05/2026,Bhindi(Ladies Finger),85,Dehradoon,FAQ,Dehradoon APMC,2000,1200,1600,Uttarakhand,Other
18/05/2026,Bhindi(Ladies Finger),85,Dehradoon,FAQ,Dehradoon APMC,2000,1600,1800,Uttarakhand,Other
25/04/2026,Tomato,78,Dehradoon,FAQ,Dehradoon APMC,2500,2000,2200,Uttarakhand,Other
25/04/2026,Bhindi(Ladies Finger),85,Dehradoon,FAQ,Dehradoon APMC,2500,2000,2200,Uttarakhand,Other
06/05/2026,Bhindi(Ladies Finger),85,Dehradoon,FAQ,Dehradoon APMC,2500,1800,2200,Uttarakhand,Other
12/05/2026,Bhindi(Ladies Finger),85,Dehradoon,Grade B,Dehradoon APMC,2500,1500,2000,Uttarakhand,Other
09/05/2026,Bhindi(Ladies Finger),85,Dehradoon,FAQ,Dehradoon APMC,2000,1500,1800,Uttarakhand,Other
13/04/2026,Tomato,78,Dehradoon,Grade B,Dehradoon APMC,1400,850,1200,Uttarakhand,Other
18/04/2026,Tomato,78,Dehradoon,FAQ,Dehradoon APMC,3000,2500,2800,Uttarakhand,Other
09/05/2026,Pineapple,21,Dehradoon,Grade B,Dehradoon APMC,5500,3500,5000,Uttarakhand,Other
18/04/2026,Cucumbar(Kheera),159,Dehradoon,Grade B,Dehradoon APMC,1000,500,800,Uttarakhand,Other
21/04/2026,Cucumbar(Kheera),159,Dehradoon,FAQ,Dehradoon APMC,1000,500,800,Uttarakhand,Other
23/04/2026,Cucumbar(Kheera),159,Dehradoon,FAQ,Dehradoon APMC,1200,800,1000,Uttarakhand,Other
29/04/2026,Cucumbar(Kheera),159,Dehradoon,FAQ,Dehradoon APMC,1000,650,800,Uttarakhand,Other
28/04/2026,Cucumbar(Kheera),159,Dehradoon,FAQ,Dehradoon APMC,800,600,750,Uttarakhand,Other
12/05/2026,Cucumbar(Kheera),159,Dehradoon,Grade B,Dehradoon APMC,1050,800,950,Uttarakhand,Other
18/05/2026,Bottle gourd,82,Dehradoon,FAQ,Dehradoon APMC,1000,600,800,Uttarakhand,Other
16/05/2026,Bottle gourd,82,Dehradoon,FAQ,Dehradoon APMC,1000,600,800,Uttarakhand,Other
17/04/2026,Bottle gourd,82,Dehradoon,FAQ,Dehradoon APMC,1250,1000,1150,Uttarakhand,Other
27/04/2026,Bottle gourd,82,Dehradoon,FAQ,Dehradoon APMC,600,400,500,Uttarakhand,Other
15/05/2026,Pineapple,21,Dehradoon,Grade B,Dehradoon APMC,4500,3000,3500,Uttarakhand,Other
19/05/2026,Pineapple,21,Dehradoon,Grade B,Dehradoon APMC,4000,3000,3500,Uttarakhand,Other
13/05/2026,Cucumbar(Kheera),159,Dehradoon,Grade B,Dehradoon APMC,1000,650,850,Uttarakhand,Other
06/04/2026,Water Melon,73,Dehradoon,Grade B,Dehradoon APMC,1500,1000,1200,Uttarakhand,Water Melon
21/04/2026,Water Melon,73,Dehradoon,Grade B,Dehradoon APMC,1400,800,1200,Uttarakhand,Water Melon
07/04/2026,Papaya,72,Dehradoon,Grade B,Dehradoon APMC,1800,1400,1600,Uttarakhand,Other
17/04/2026,Papaya,72,Dehradoon,Grade B,Dehradoon APMC,3000,2000,2250,Uttarakhand,Other
18/04/2026,Papaya,72,Dehradoon,Grade B,Dehradoon APMC,2500,2000,2200,Uttarakhand,Other
13/04/2026,Cauliflower,34,Dehradoon,FAQ,Dehradoon APMC,1800,1200,1500,Uttarakhand,Other
16/04/2026,Cauliflower,34,Dehradoon,FAQ,Dehradoon APMC,1800,1000,1500,Uttarakhand,Other
09/04/2026,Brinjal,35,Dehradoon,FAQ,Dehradoon APMC,1000,600,800,Uttarakhand,Other
24/04/2026,Cauliflower,34,Dehradoon,FAQ,Dehradoon APMC,3000,1800,2200,Uttarakhand,Other
02/04/2026,Cauliflower,34,Dehradoon,FAQ,Dehradoon APMC,2500,1550,1800,Uttarakhand,Other
02/05/2026,Cauliflower,34,Dehradoon,FAQ,Dehradoon APMC,2500,1800,2200,Uttarakhand,Other
20/04/2026,Brinjal,35,Dehradoon,FAQ,Dehradoon APMC,2500,2000,2150,Uttarakhand,Other
01/04/2026,Cabbage,154,Dehradoon,FAQ,Dehradoon APMC,1200,850,1050,Uttarakhand,Cabbage
13/04/2026,Cabbage,154,Dehradoon,Grade B,Dehradoon APMC,1200,850,1050,Uttarakhand,Cabbage
25/04/2026,Grapes,22,Dehradoon,Grade B,Dehradoon APMC,7000,4000,5500,Uttarakhand,Green
22/04/2026,Grapes,22,Dehradoon,Grade B,Dehradoon APMC,7000,4000,5000,Uttarakhand,Green
25/04/2026,Brinjal,35,Dehradoon,FAQ,Dehradoon APMC,2000,1500,1800,Uttarakhand,Other
28/04/2026,Brinjal,35,Dehradoon,FAQ,Dehradoon APMC,1800,1200,1500,Uttarakhand,Other
01/05/2026,Grapes,22,Dehradoon,Grade B,Dehradoon APMC,6500,5200,5500,Uttarakhand,Black
13/04/2026,Mashrooms,340,Dehradoon,Grade B,Dehradoon APMC,6500,4500,5500,Uttarakhand,Mashrooms
29/04/2026,Mashrooms,340,Dehradoon,FAQ,Dehradoon APMC,7500,4500,6500,Uttarakhand,Mashrooms
11/04/2026,Mashrooms,340,Dehradoon,FAQ,Dehradoon APMC,5400,4000,4500,Uttarakhand,Mashrooms
30/04/2026,Carrot,153,Dehradoon,FAQ,Dehradoon APMC,2000,1200,1500,Uttarakhand,Other
04/05/2026,Carrot,153,Dehradoon,Grade B,Dehradoon APMC,2000,1200,1500,Uttarakhand,Other
09/05/2026,Carrot,153,Dehradoon,FAQ,Dehradoon APMC,2000,1200,1500,Uttarakhand,Other
16/05/2026,Carrot,153,Dehradoon,Grade B,Dehradoon APMC,2000,1500,1800,Uttarakhand,Other
06/04/2026,Pomegranate,190,Dehradoon,Grade B,Dehradoon APMC,9500,6000,7500,Uttarakhand,Other
10/04/2026,Pomegranate,190,Dehradoon,Grade B,Dehradoon APMC,9500,6500,8500,Uttarakhand,Other
16/04/2026,Pomegranate,190,Dehradoon,Grade B,Dehradoon APMC,8000,6000,7000,Uttarakhand,Other
20/04/2026,Pomegranate,190,Dehradoon,Grade B,Dehradoon APMC,14000,12000,13500,Uttarakhand,Other
22/04/2026,Pomegranate,190,Dehradoon,Grade B,Dehradoon APMC,10000,6000,8000,Uttarakhand,Other
23/04/2026,Pomegranate,190,Dehradoon,Grade B,Dehradoon APMC,10000,6000,8500,Uttarakhand,Other
24/04/2026,Pomegranate,190,Dehradoon,Grade B,Dehradoon APMC,9000,5000,6800,Uttarakhand,Other
28/04/2026,Pomegranate,190,Dehradoon,Grade B,Dehradoon APMC,10000,6500,8500,Uttarakhand,Other
05/05/2026,Pomegranate,190,Dehradoon,Grade B,Dehradoon APMC,10500,6500,9500,Uttarakhand,Other
15/05/2026,Pomegranate,190,Dehradoon,Grade B,Dehradoon APMC,8500,5400,8000,Uttarakhand,Other
04/04/2026,Onion,23,Dehradoon,FAQ,Dehradoon APMC,2000,1400,1800,Uttarakhand,Nasik
07/04/2026,Onion,23,Dehradoon,FAQ,Dehradoon APMC,2500,1800,2200,Uttarakhand,Nasik
10/04/2026,Onion,23,Dehradoon,FAQ,Dehradoon APMC,2200,1600,1800,Uttarakhand,Nasik
13/04/2026,Onion,23,Dehradoon,FAQ,Dehradoon APMC,2000,1450,1800,Uttarakhand,Nasik
17/04/2026,Onion,23,Dehradoon,FAQ,Dehradoon APMC,1500,1000,1200,Uttarakhand,Nasik
29/04/2026,Onion,23,Dehradoon,FAQ,Dehradoon APMC,1500,950,1200,Uttarakhand,Nasik
07/05/2026,Onion,23,Dehradoon,FAQ,Dehradoon APMC,1200,850,1050,Uttarakhand,Nasik
14/05/2026,Onion,23,Dehradoon,FAQ,Dehradoon APMC,1400,950,1250,Uttarakhand,Nasik
18/05/2026,Potato,24,Dehradoon,FAQ,Dehradoon APMC,700,400,600,Uttarakhand,Other
06/04/2026,Potato,24,Dehradoon,FAQ,Dehradoon APMC,600,400,500,Uttarakhand,Local
30/04/2026,Potato,24,Dehradoon,FAQ,Dehradoon APMC,600,450,550,Uttarakhand,Local
01/04/2026,Potato,24,Dehradoon,FAQ,Dehradoon APMC,650,400,500,Uttarakhand,Other
18/04/2026,Potato,24,Dehradoon,FAQ,Dehradoon APMC,600,400,500,Uttarakhand,Other
21/04/2026,Potato,24,Dehradoon,FAQ,Dehradoon APMC,650,400,550,Uttarakhand,Other
02/04/2026,French Beans(Frasbean),298,Dehradoon,FAQ,Dehradoon APMC,2500,1750,2000,Uttarakhand,Other
09/04/2026,French Beans(Frasbean),298,Dehradoon,FAQ,Dehradoon APMC,2000,1450,1800,Uttarakhand,Other
04/05/2026,French Beans(Frasbean),298,Dehradoon,FAQ,Dehradoon APMC,2200,1600,2000,Uttarakhand,Other
05/05/2026,French Beans(Frasbean),298,Dehradoon,Grade B,Dehradoon APMC,3200,2500,2800,Uttarakhand,Other
04/04/2026,Kinnow,336,Dehradoon,Grade B,Dehradoon APMC,4000,2500,3500,Uttarakhand,Other
08/04/2026,Kinnow,336,Dehradoon,Grade B,Dehradoon APMC,5000,3200,4500,Uttarakhand,Other
07/04/2026,Kinnow,336,Dehradoon,Grade B,Dehradoon APMC,3000,2000,2500,Uttarakhand,Other
25/04/2026,Cabbage,154,Dehradoon,FAQ,Dehradoon APMC,600,400,500,Uttarakhand,Cabbage
23/04/2026,Cabbage,154,Dehradoon,FAQ,Dehradoon APMC,600,400,500,Uttarakhand,Cabbage
06/05/2026,Cabbage,154,Dehradoon,FAQ,Dehradoon APMC,800,500,600,Uttarakhand,Cabbage
18/05/2026,Cabbage,154,Dehradoon,FAQ,Dehradoon APMC,1000,600,800,Uttarakhand,Cabbage
03/02/2026,Papaya,72,Dehradoon,Medium,Rishikesh APMC,2500,1800,2000,Uttarakhand,Other
05/02/2026,Papaya,72,Dehradoon,Medium,Rishikesh APMC,2500,1800,2000,Uttarakhand,Other
07/02/2026,Papaya,72,Dehradoon,Medium,Rishikesh APMC,2550,1800,2050,Uttarakhand,Other
21/02/2026,Papaya,72,Dehradoon,Medium,Rishikesh APMC,2300,1800,2000,Uttarakhand,Other
18/02/2026,Papaya,72,Dehradoon,Medium,Rishikesh APMC,2200,1800,2000,Uttarakhand,Other
26/02/2026,Papaya,72,Dehradoon,Medium,Rishikesh APMC,2500,1800,2000,Uttarakhand,Other
26/02/2026,Pumpkin,84,Dehradoon,Medium,Rishikesh APMC,1800,1200,1600,Uttarakhand,Other
20/02/2026,Pumpkin,84,Dehradoon,Medium,Rishikesh APMC,1800,1200,1550,Uttarakhand,Other
05/02/2026,Pumpkin,84,Dehradoon,Medium,Rishikesh APMC,1500,1000,1250,Uttarakhand,Other
04/02/2026,Pumpkin,84,Dehradoon,Medium,Rishikesh APMC,1500,1000,1200,Uttarakhand,Other
21/02/2026,Pumpkin,84,Dehradoon,Medium,Rishikesh APMC,1800,1200,1500,Uttarakhand,Other
16/02/2026,Pumpkin,84,Dehradoon,Medium,Rishikesh APMC,1500,1000,1200,Uttarakhand,Other
19/02/2026,Pumpkin,84,Dehradoon,Medium,Rishikesh APMC,1800,1200,1500,Uttarakhand,Other
18/02/2026,Pumpkin,84,Dehradoon,Medium,Rishikesh APMC,1500,1000,1200,Uttarakhand,Other
23/02/2026,Pumpkin,84,Dehradoon,Medium,Rishikesh APMC,1750,1200,1400,Uttarakhand,Other
02/02/2026,Mousambi(Sweet Lime),77,Dehradoon,Medium,Rishikesh APMC,2850,2500,2600,Uttarakhand,Other
01/02/2026,Mousambi(Sweet Lime),77,Dehradoon,Medium,Rishikesh APMC,2800,2400,2600,Uttarakhand,Other
06/02/2026,Mousambi(Sweet Lime),77,Dehradoon,Medium,Rishikesh APMC,2800,2500,2650,Uttarakhand,Other
13/02/2026,Mousambi(Sweet Lime),77,Dehradoon,Medium,Rishikesh APMC,2850,2500,2600,Uttarakhand,Other
23/02/2026,Mousambi(Sweet Lime),77,Dehradoon,Medium,Rishikesh APMC,2850,2400,2600,Uttarakhand,Other
26/02/2026,Tomato,78,Dehradoon,Medium,Rishikesh APMC,1350,1000,1200,Uttarakhand,Other
10/02/2026,Green Chilli,87,Dehradoon,Medium,Rishikesh APMC,6500,5000,6000,Uttarakhand,Other
11/02/2026,Green Chilli,87,Dehradoon,Medium,Rishikesh APMC,6200,5000,5500,Uttarakhand,Other
16/02/2026,Green Chilli,87,Dehradoon,Medium,Rishikesh APMC,6800,5000,6000,Uttarakhand,Other
07/02/2026,Tomato,78,Dehradoon,Medium,Rishikesh APMC,1450,1100,1400,Uttarakhand,Other
04/02/2026,Green Chilli,87,Dehradoon,Medium,Rishikesh APMC,8000,5500,6500,Uttarakhand,Other
07/02/2026,Green Chilli,87,Dehradoon,Medium,Rishikesh APMC,8500,5500,6500,Uttarakhand,Other
12/02/2026,Tomato,78,Dehradoon,Medium,Rishikesh APMC,1300,1000,1275,Uttarakhand,Other
22/02/2026,Tomato,78,Dehradoon,Medium,Rishikesh APMC,1400,1000,1250,Uttarakhand,Other
19/02/2026,Tomato,78,Dehradoon,Medium,Rishikesh APMC,1300,1000,1250,Uttarakhand,Other
02/02/2026,Ginger(Green),103,Dehradoon,Medium,Rishikesh APMC,6000,4000,4800,Uttarakhand,Other
03/02/2026,Ginger(Green),103,Dehradoon,Medium,Rishikesh APMC,6000,4000,4800,Uttarakhand,Other
12/02/2026,Ginger(Green),103,Dehradoon,Medium,Rishikesh APMC,5600,4000,4500,Uttarakhand,Other
11/02/2026,Ginger(Green),103,Dehradoon,Medium,Rishikesh APMC,5500,4000,4500,Uttarakhand,Other
16/02/2026,Ginger(Green),103,Dehradoon,Medium,Rishikesh APMC,4800,4000,4500,Uttarakhand,Other
19/02/2026,Ginger(Green),103,Dehradoon,Medium,Rishikesh APMC,4850,4000,4500,Uttarakhand,Other
20/02/2026,Ginger(Green),103,Dehradoon,Medium,Rishikesh APMC,5200,4500,4800,Uttarakhand,Other
02/02/2026,Field Pea,64,Dehradoon,Medium,Rishikesh APMC,1550,1200,1400,Uttarakhand,Other
04/02/2026,Field Pea,64,Dehradoon,Medium,Rishikesh APMC,1400,1000,1200,Uttarakhand,Other
10/02/2026,Field Pea,64,Dehradoon,Medium,Rishikesh APMC,1800,1000,1250,Uttarakhand,Other
21/02/2026,Field Pea,64,Dehradoon,Medium,Rishikesh APMC,2000,1200,1850,Uttarakhand,Other
20/02/2026,Field Pea,64,Dehradoon,Medium,Rishikesh APMC,2000,1200,1800,Uttarakhand,Other
25/02/2026,Field Pea,64,Dehradoon,Medium,Rishikesh APMC,2000,1200,1850,Uttarakhand,Other
26/02/2026,Ginger(Green),103,Dehradoon,Medium,Rishikesh APMC,5600,4600,5000,Uttarakhand,Other
01/02/2026,Brinjal,35,Dehradoon,Medium,Rishikesh APMC,1650,1200,1450,Uttarakhand,Other
05/02/2026,Brinjal,35,Dehradoon,Medium,Rishikesh APMC,1600,1200,1450,Uttarakhand,Other
16/02/2026,Brinjal,35,Dehradoon,Medium,Rishikesh APMC,1600,1200,1500,Uttarakhand,Other
19/02/2026,Brinjal,35,Dehradoon,Medium,Rishikesh APMC,1800,1200,1400,Uttarakhand,Other
04/02/2026,Cauliflower,34,Dehradoon,Medium,Rishikesh APMC,650,500,600,Uttarakhand,Other
09/02/2026,Potato,24,Dehradoon,Medium,Rishikesh APMC,500,400,450,Uttarakhand,Other
01/02/2026,Potato,24,Dehradoon,Medium,Rishikesh APMC,600,400,500,Uttarakhand,Other
13/02/2026,Capsicum,164,Dehradoon,Medium,Rishikesh APMC,2500,1800,2050,Uttarakhand,Other
18/02/2026,Capsicum,164,Dehradoon,Medium,Rishikesh APMC,2500,1800,2050,Uttarakhand,Other
19/02/2026,Capsicum,164,Dehradoon,Medium,Rishikesh APMC,2500,1800,2050,Uttarakhand,Other
01/02/2026,Capsicum,164,Dehradoon,Medium,Rishikesh APMC,2500,1800,2200,Uttarakhand,Other
02/02/2026,Lime,180,Dehradoon,Medium,Rishikesh APMC,3200,2000,2600,Uttarakhand,Other
05/02/2026,Lime,180,Dehradoon,Medium,Rishikesh APMC,3000,2000,2500,Uttarakhand,Other
13/02/2026,Lime,180,Dehradoon,Medium,Rishikesh APMC,3000,2000,2500,Uttarakhand,Other
26/02/2026,Lime,180,Dehradoon,Medium,Rishikesh APMC,3500,2800,3000,Uttarakhand,Other
03/02/2026,Pomegranate,190,Dehradoon,Medium,Rishikesh APMC,7000,4500,5200,Uttarakhand,Other
04/02/2026,Pomegranate,190,Dehradoon,Medium,Rishikesh APMC,7050,4500,5200,Uttarakhand,Other
10/02/2026,Pomegranate,190,Dehradoon,Medium,Rishikesh APMC,7100,4500,5600,Uttarakhand,Other
19/02/2026,Pomegranate,190,Dehradoon,Medium,Rishikesh APMC,8500,4500,6000,Uttarakhand,Other
22/02/2026,Pomegranate,190,Dehradoon,Medium,Rishikesh APMC,8500,4500,6050,Uttarakhand,Other
05/02/2026,Banana,19,Dehradoon,Medium,Rishikesh APMC,1700,1300,1550,Uttarakhand,Other
06/02/2026,Banana,19,Dehradoon,Medium,Rishikesh APMC,1750,1300,1500,Uttarakhand,Other
16/02/2026,Cabbage,154,Dehradoon,Medium,Rishikesh APMC,350,250,300,Uttarakhand,Other
19/02/2026,Cabbage,154,Dehradoon,Medium,Rishikesh APMC,350,250,300,Uttarakhand,Other
11/02/2026,Cabbage,154,Dehradoon,Medium,Rishikesh APMC,450,300,400,Uttarakhand,Other
12/02/2026,Banana,19,Dehradoon,Medium,Rishikesh APMC,1500,1300,1450,Uttarakhand,Other
13/02/2026,Banana,19,Dehradoon,Medium,Rishikesh APMC,1500,1300,1400,Uttarakhand,Other
17/02/2026,Banana,19,Dehradoon,Medium,Rishikesh APMC,1600,1200,1400,Uttarakhand,Other
04/02/2026,French Beans(Frasbean),298,Dehradoon,Medium,Rishikesh APMC,2200,1650,1850,Uttarakhand,Other
17/02/2026,French Beans(Frasbean),298,Dehradoon,Medium,Rishikesh APMC,2600,1800,2100,Uttarakhand,Other
25/02/2026,French Beans(Frasbean),298,Dehradoon,Medium,Rishikesh APMC,3000,2000,2700,Uttarakhand,Other
01/02/2026,Indian Beans(Seam),299,Dehradoon,Medium,Rishikesh APMC,1450,1000,1200,Uttarakhand,Other
05/02/2026,Orange,18,Dehradoon,Medium,Rishikesh APMC,3300,2500,2800,Uttarakhand,Other
06/02/2026,Orange,18,Dehradoon,Medium,Rishikesh APMC,3300,2500,2850,Uttarakhand,Other
07/02/2026,Orange,18,Dehradoon,Medium,Rishikesh APMC,3500,2500,2800,Uttarakhand,Other
13/02/2026,Orange,18,Dehradoon,Medium,Rishikesh APMC,3300,2500,2850,Uttarakhand,Other
19/02/2026,Orange,18,Dehradoon,Medium,Rishikesh APMC,3250,2500,2850,Uttarakhand,Other
17/02/2026,Orange,18,Dehradoon,Medium,Rishikesh APMC,3400,2500,2850,Uttarakhand,Other
22/02/2026,Orange,18,Dehradoon,Medium,Rishikesh APMC,3800,2500,3000,Uttarakhand,Other
23/02/2026,Orange,18,Dehradoon,Medium,Rishikesh APMC,3800,2800,3000,Uttarakhand,Other
27/02/2026,Orange,18,Dehradoon,Medium,Rishikesh APMC,3850,2800,3050,Uttarakhand,Other
16/02/2026,Apple,17,Dehradoon,Medium,Rishikesh APMC,7600,4600,6200,Uttarakhand,Kasmir/Shimla - II
20/02/2026,Apple,17,Dehradoon,Medium,Rishikesh APMC,77000,4600,6200,Uttarakhand,Kasmir/Shimla - II
27/02/2026,Apple,17,Dehradoon,Medium,Rishikesh APMC,7800,4600,6700,Uttarakhand,Kasmir/Shimla - II
01/02/2026,Carrot,153,Dehradoon,Local,Rishikesh APMC,1150,800,950,Uttarakhand,Other
05/02/2026,Carrot,153,Dehradoon,Medium,Rishikesh APMC,1200,800,900,Uttarakhand,Other
07/02/2026,Carrot,153,Dehradoon,Medium,Rishikesh APMC,1200,800,1050,Uttarakhand,Other
03/02/2026,Onion,23,Dehradoon,Medium,Rishikesh APMC,2050,1800,1900,Uttarakhand,Other
05/02/2026,Potato,24,Dehradoon,Medium,Rishikesh APMC,600,400,525,Uttarakhand,Other
22/02/2026,Potato,24,Dehradoon,Medium,Rishikesh APMC,650,500,600,Uttarakhand,Other
26/02/2026,Potato,24,Dehradoon,Medium,Rishikesh APMC,575,480,500,Uttarakhand,Other
12/02/2026,Carrot,153,Dehradoon,Medium,Rishikesh APMC,1100,800,950,Uttarakhand,Other
14/02/2026,Onion,23,Dehradoon,Medium,Rishikesh APMC,1900,1750,1800,Uttarakhand,Other
12/02/2026,Onion,23,Dehradoon,Medium,Rishikesh APMC,1900,1600,1850,Uttarakhand,Other
18/02/2026,Carrot,153,Dehradoon,Medium,Rishikesh APMC,1150,900,1000,Uttarakhand,Other
20/02/2026,Onion,23,Dehradoon,Medium,Rishikesh APMC,2000,1800,1900,Uttarakhand,Other
14/02/2026,Potato,24,Dehradoon,Medium,Rishikesh APMC,600,450,500,Uttarakhand,Other
04/02/2026,Guava,185,Dehradoon,Medium,Rishikesh APMC,3200,2200,2600,Uttarakhand,Other
10/02/2026,Guava,185,Dehradoon,Medium,Rishikesh APMC,3200,2200,2800,Uttarakhand,Other
07/02/2026,Guava,185,Dehradoon,Medium,Rishikesh APMC,3300,2200,2800,Uttarakhand,Other
03/02/2026,Raddish,161,Dehradoon,Medium,Rishikesh APMC,600,500,575,Uttarakhand,Raddish
02/02/2026,Raddish,161,Dehradoon,Medium,Rishikesh APMC,700,500,550,Uttarakhand,Raddish
20/02/2026,Raddish,161,Dehradoon,Medium,Rishikesh APMC,500,400,475,Uttarakhand,Other
24/02/2026,Raddish,161,Dehradoon,Medium,Rishikesh APMC,600,400,550,Uttarakhand,Other
05/02/2026,Raddish,161,Dehradoon,Small,Rishikesh APMC,600,500,525,Uttarakhand,Other
19/02/2026,Raddish,161,Dehradoon,Medium,Rishikesh APMC,500,400,450,Uttarakhand,Other
12/02/2026,French Beans(Frasbean),298,Dehradoon,Medium,Rishikesh APMC,2800,1600,2100,Uttarakhand,Other
24/02/2026,French Beans(Frasbean),298,Dehradoon,Medium,Rishikesh APMC,3200,2000,2750,Uttarakhand,Other
26/02/2026,French Beans(Frasbean),298,Dehradoon,Medium,Rishikesh APMC,3400,2200,2800,Uttarakhand,Other
01/01/2026,Apple,17,Dehradoon,Medium,Rishikesh APMC,5000,3500,4000,Uttarakhand,Kasmir/Shimla - II
04/01/2026,Apple,17,Dehradoon,Medium,Rishikesh APMC,4200,3400,3875,Uttarakhand,Kasmir/Shimla - II
07/01/2026,Apple,17,Dehradoon,Medium,Rishikesh APMC,4100,3400,3850,Uttarakhand,Kasmir/Shimla - II
20/01/2026,Apple,17,Dehradoon,Medium,Rishikesh APMC,6000,3800,4550,Uttarakhand,Kasmir/Shimla - II
18/01/2026,Apple,17,Dehradoon,Medium,Rishikesh APMC,5800,3800,4550,Uttarakhand,Kasmir/Shimla - II
03/01/2026,Potato,24,Dehradoon,Medium,Rishikesh APMC,675,600,650,Uttarakhand,Other
07/01/2026,Potato,24,Dehradoon,Medium,Rishikesh APMC,650,600,625,Uttarakhand,Other
09/01/2026,Potato,24,Dehradoon,Medium,Rishikesh APMC,650,600,625,Uttarakhand,Other
08/01/2026,Potato,24,Dehradoon,Medium,Rishikesh APMC,650,600,625,Uttarakhand,Other
13/01/2026,Potato,24,Dehradoon,Medium,Rishikesh APMC,675,600,625,Uttarakhand,Other
16/01/2026,Potato,24,Dehradoon,Medium,Rishikesh APMC,620,580,600,Uttarakhand,Other
29/01/2026,Potato,24,Dehradoon,Medium,Rishikesh APMC,550,400,450,Uttarakhand,Other
06/01/2026,Brinjal,35,Dehradoon,Medium,Rishikesh APMC,2000,1500,1800,Uttarakhand,Other
08/01/2026,Cauliflower,34,Dehradoon,Medium,Rishikesh APMC,600,500,525,Uttarakhand,Other
10/01/2026,Cauliflower,34,Dehradoon,Medium,Rishikesh APMC,625,500,550,Uttarakhand,Other
17/01/2026,Potato,24,Dehradoon,Medium,Rishikesh APMC,610,550,580,Uttarakhand,Other
21/01/2026,Brinjal,35,Dehradoon,Medium,Rishikesh APMC,2000,1400,1600,Uttarakhand,Other
22/01/2026,Brinjal,35,Dehradoon,Medium,Rishikesh APMC,2000,1400,1650,Uttarakhand,Other
19/01/2026,Cauliflower,34,Dehradoon,Medium,Rishikesh APMC,1200,600,1000,Uttarakhand,Other
23/01/2026,Cauliflower,34,Dehradoon,Medium,Rishikesh APMC,1500,950,1200,Uttarakhand,Other
24/01/2026,Cauliflower,34,Dehradoon,Medium,Rishikesh APMC,1200,900,1050,Uttarakhand,Other
29/01/2026,Cauliflower,34,Dehradoon,Medium,Rishikesh APMC,950,500,750,Uttarakhand,Other
30/01/2026,Cauliflower,34,Dehradoon,Medium,Rishikesh APMC,825,550,650,Uttarakhand,Other
27/01/2026,Brinjal,35,Dehradoon,Medium,Rishikesh APMC,2000,1500,1800,Uttarakhand,Other
28/01/2026,Brinjal,35,Dehradoon,Medium,Rishikesh APMC,2000,1550,1650,Uttarakhand,Other
13/01/2026,Brinjal,35,Dehradoon,Medium,Rishikesh APMC,1800,1550,1600,Uttarakhand,Brinjal
12/01/2026,Onion,23,Dehradoon,Small,Rishikesh APMC,2250,1850,2000,Uttarakhand,Other
26/01/2026,Onion,23,Dehradoon,Medium,Rishikesh APMC,2025,1850,1900,Uttarakhand,Other
14/01/2026,Cauliflower,34,Dehradoon,Medium,Rishikesh APMC,1000,600,750,Uttarakhand,Other
06/01/2026,Field Pea,64,Dehradoon,Medium,Rishikesh APMC,1900,1500,1650,Uttarakhand,Other
13/01/2026,Field Pea,64,Dehradoon,Medium,Rishikesh APMC,2000,1500,1850,Uttarakhand,Other
18/01/2026,Field Pea,64,Dehradoon,Medium,Rishikesh APMC,2000,1600,1850,Uttarakhand,Other
19/01/2026,Field Pea,64,Dehradoon,Medium,Rishikesh APMC,2000,1600,1800,Uttarakhand,Other
22/01/2026,Field Pea,64,Dehradoon,Medium,Rishikesh APMC,2000,1400,1800,Uttarakhand,Other
30/01/2026,Field Pea,64,Dehradoon,Medium,Rishikesh APMC,1800,1500,1600,Uttarakhand,Other
03/01/2026,Mousambi(Sweet Lime),77,Dehradoon,Medium,Rishikesh APMC,2500,2000,2150,Uttarakhand,Other
01/01/2026,Banana,19,Dehradoon,Medium,Rishikesh APMC,1300,1050,1200,Uttarakhand,Other
01/01/2026,Ginger(Green),103,Dehradoon,Medium,Rishikesh APMC,5200,4000,4275,Uttarakhand,Other
24/01/2026,Ginger(Green),103,Dehradoon,Medium,Rishikesh APMC,6600,4000,4550,Uttarakhand,Other
26/01/2026,Ginger(Green),103,Dehradoon,Medium,Rishikesh APMC,5500,4000,4600,Uttarakhand,Other
30/01/2026,Ginger(Green),103,Dehradoon,Medium,Rishikesh APMC,5500,4000,4500,Uttarakhand,Other
21/01/2026,Pumpkin,84,Dehradoon,Medium,Rishikesh APMC,1100,950,1050,Uttarakhand,Other
24/01/2026,Pumpkin,84,Dehradoon,Medium,Rishikesh APMC,1000,800,900,Uttarakhand,Other
23/01/2026,Pumpkin,84,Dehradoon,Medium,Rishikesh APMC,1100,950,1050,Uttarakhand,Other
29/01/2026,Pumpkin,84,Dehradoon,Medium,Rishikesh APMC,1500,1000,1200,Uttarakhand,Other
30/01/2026,Pumpkin,84,Dehradoon,Medium,Rishikesh APMC,1350,1000,1200,Uttarakhand,Other
07/01/2026,Pumpkin,84,Dehradoon,Medium,Rishikesh APMC,1200,1000,1150,Uttarakhand,Other
09/01/2026,Pumpkin,84,Dehradoon,Medium,Rishikesh APMC,1200,1000,1125,Uttarakhand,Other
12/01/2026,Pumpkin,84,Dehradoon,Medium,Rishikesh APMC,1200,1000,1150,Uttarakhand,Other
01/01/2026,Mousambi(Sweet Lime),77,Dehradoon,Medium,Rishikesh APMC,3000,2500,2850,Uttarakhand,Other
24/01/2026,Mousambi(Sweet Lime),77,Dehradoon,Medium,Rishikesh APMC,2800,2400,2650,Uttarakhand,Other
22/01/2026,Mousambi(Sweet Lime),77,Dehradoon,Medium,Rishikesh APMC,2800,2400,2650,Uttarakhand,Other
26/01/2026,Mousambi(Sweet Lime),77,Dehradoon,Medium,Rishikesh APMC,2800,2400,2650,Uttarakhand,Other
27/01/2026,Mousambi(Sweet Lime),77,Dehradoon,Medium,Rishikesh APMC,2850,2500,2600,Uttarakhand,Other
03/01/2026,Tomato,78,Dehradoon,Medium,Rishikesh APMC,3800,2200,3250,Uttarakhand,Other
05/01/2026,Tomato,78,Dehradoon,Medium,Rishikesh APMC,3600,2400,3200,Uttarakhand,Other
07/01/2026,Tomato,78,Dehradoon,Medium,Rishikesh APMC,3400,2400,3250,Uttarakhand,Other
08/01/2026,Tomato,78,Dehradoon,Small,Rishikesh APMC,3400,2425,3200,Uttarakhand,Other
14/01/2026,Tomato,78,Dehradoon,Medium,Rishikesh APMC,2800,2000,2400,Uttarakhand,Other
17/01/2026,Tomato,78,Dehradoon,Medium,Rishikesh APMC,2500,1800,2000,Uttarakhand,Other
23/01/2026,Tomato,78,Dehradoon,Medium,Rishikesh APMC,2600,1800,2050,Uttarakhand,Other
30/01/2026,Tomato,78,Dehradoon,Medium,Rishikesh APMC,2200,1600,1850,Uttarakhand,Other
16/01/2026,Pomegranate,190,Dehradoon,Medium,Rishikesh APMC,6500,3000,4500,Uttarakhand,Other
18/01/2026,Pomegranate,190,Dehradoon,Medium,Rishikesh APMC,6500,3000,4525,Uttarakhand,Other
24/01/2026,Pomegranate,190,Dehradoon,Medium,Rishikesh APMC,6500,3000,4500,Uttarakhand,Other
23/01/2026,Pomegranate,190,Dehradoon,Medium,Rishikesh APMC,6400,3000,4500,Uttarakhand,Other
08/01/2026,Raddish,161,Dehradoon,Medium,Rishikesh APMC,700,500,600,Uttarakhand,Raddish
12/01/2026,Raddish,161,Dehradoon,Medium,Rishikesh APMC,700,600,650,Uttarakhand,Raddish
18/01/2026,Raddish,161,Dehradoon,Medium,Rishikesh APMC,700,600,625,Uttarakhand,Other
22/01/2026,Raddish,161,Dehradoon,Medium,Rishikesh APMC,700,500,600,Uttarakhand,Other
26/01/2026,Raddish,161,Dehradoon,Local,Rishikesh APMC,700,500,600,Uttarakhand,Other
27/01/2026,Raddish,161,Dehradoon,Medium,Rishikesh APMC,600,500,550,Uttarakhand,Other
18/01/2026,Capsicum,164,Dehradoon,Medium,Rishikesh APMC,2000,1500,1800,Uttarakhand,Other
23/01/2026,Capsicum,164,Dehradoon,Medium,Rishikesh APMC,2500,1800,2000,Uttarakhand,Other
26/01/2026,Capsicum,164,Dehradoon,Medium,Rishikesh APMC,2400,1800,2025,Uttarakhand,Other
30/01/2026,Capsicum,164,Dehradoon,Medium,Rishikesh APMC,2200,1800,2000,Uttarakhand,Other
02/01/2026,Capsicum,164,Dehradoon,Medium,Rishikesh APMC,2200,1800,2000,Uttarakhand,Other
06/01/2026,Capsicum,164,Dehradoon,Medium,Rishikesh APMC,2050,1800,2000,Uttarakhand,Other
13/01/2026,Capsicum,164,Dehradoon,Medium,Rishikesh APMC,2000,1500,1825,Uttarakhand,Other
26/01/2026,Green Chilli,87,Dehradoon,Medium,Rishikesh APMC,6700,4500,5650,Uttarakhand,Other
08/01/2026,Indian Beans(Seam),299,Dehradoon,Medium,Rishikesh APMC,1800,1200,1500,Uttarakhand,Other
13/01/2026,Indian Beans(Seam),299,Dehradoon,Medium,Rishikesh APMC,1500,1000,1250,Uttarakhand,Other
12/01/2026,Indian Beans(Seam),299,Dehradoon,Medium,Rishikesh APMC,1500,1000,1200,Uttarakhand,Other
27/01/2026,Indian Beans(Seam),299,Dehradoon,Medium,Rishikesh APMC,1650,1200,1500,Uttarakhand,Other
28/01/2026,Indian Beans(Seam),299,Dehradoon,Medium,Rishikesh APMC,1800,1200,1500,Uttarakhand,Other
05/01/2026,Papaya,72,Dehradoon,Medium,Rishikesh APMC,2500,1950,2000,Uttarakhand,Other
10/01/2026,Papaya,72,Dehradoon,Medium,Rishikesh APMC,2500,1800,2050,Uttarakhand,Other
19/01/2026,Papaya,72,Dehradoon,Medium,Rishikesh APMC,2300,1800,2025,Uttarakhand,Other
28/01/2026,Papaya,72,Dehradoon,Medium,Rishikesh APMC,2400,1800,2000,Uttarakhand,Other
29/01/2026,Papaya,72,Dehradoon,Medium,Rishikesh APMC,2400,1800,2000,Uttarakhand,Other
04/01/2026,Green Chilli,87,Dehradoon,Medium,Rishikesh APMC,4200,3000,3500,Uttarakhand,Other
14/01/2026,Green Chilli,87,Dehradoon,Medium,Rishikesh APMC,4800,3800,4600,Uttarakhand,Other
16/01/2026,Green Chilli,87,Dehradoon,Medium,Rishikesh APMC,5000,3800,4600,Uttarakhand,Other
19/01/2026,Raddish,161,Dehradoon,Medium,Rishikesh APMC,700,600,650,Uttarakhand,Raddish
03/01/2026,French Beans(Frasbean),298,Dehradoon,Medium,Rishikesh APMC,2000,1800,1950,Uttarakhand,Other
07/01/2026,French Beans(Frasbean),298,Dehradoon,Medium,Rishikesh APMC,2000,1500,1850,Uttarakhand,Other
11/01/2026,French Beans(Frasbean),298,Dehradoon,Medium,Rishikesh APMC,2000,1500,1850,Uttarakhand,Other
19/01/2026,French Beans(Frasbean),298,Dehradoon,Medium,Rishikesh APMC,2500,1500,2000,Uttarakhand,Other
21/01/2026,French Beans(Frasbean),298,Dehradoon,Medium,Rishikesh APMC,2600,1600,2000,Uttarakhand,Other
27/01/2026,French Beans(Frasbean),298,Dehradoon,Medium,Rishikesh APMC,2500,1600,2000,Uttarakhand,Other
12/01/2026,Banana,19,Dehradoon,Medium,Rishikesh APMC,1400,1000,1200,Uttarakhand,Other
11/01/2026,Banana,19,Dehradoon,Medium,Rishikesh APMC,1400,1000,1250,Uttarakhand,Other
16/01/2026,Banana,19,Dehradoon,Medium,Rishikesh APMC,1850,1200,1600,Uttarakhand,Other
11/01/2026,Orange,18,Dehradoon,Medium,Rishikesh APMC,3200,2500,2800,Uttarakhand,Other
16/01/2026,Orange,18,Dehradoon,Medium,Rishikesh APMC,3000,2500,2800,Uttarakhand,Other
18/01/2026,Orange,18,Dehradoon,Medium,Rishikesh APMC,3100,2500,2800,Uttarakhand,Other
21/01/2026,Orange,18,Dehradoon,Medium,Rishikesh APMC,3250,2500,2800,Uttarakhand,Other
22/01/2026,Orange,18,Dehradoon,Medium,Rishikesh APMC,3100,2500,2800,Uttarakhand,Other
23/01/2026,Orange,18,Dehradoon,Medium,Rishikesh APMC,3000,2500,2800,Uttarakhand,Other
26/01/2026,Orange,18,Dehradoon,Medium,Rishikesh APMC,3000,2500,2850,Uttarakhand,Other
08/01/2026,Guava,185,Dehradoon,Medium,Rishikesh APMC,3500,2000,2500,Uttarakhand,Other
11/01/2026,Guava,185,Dehradoon,Medium,Rishikesh APMC,3500,2000,2550,Uttarakhand,Other
17/01/2026,Guava,185,Dehradoon,Medium,Rishikesh APMC,3000,2200,2500,Uttarakhand,Other
21/01/2026,Guava,185,Dehradoon,Medium,Rishikesh APMC,3200,2250,2600,Uttarakhand,Other
24/01/2026,Guava,185,Dehradoon,Medium,Rishikesh APMC,3000,2200,2600,Uttarakhand,Other
26/01/2026,Guava,185,Dehradoon,Medium,Rishikesh APMC,3200,2200,2700,Uttarakhand,Other
28/01/2026,Guava,185,Dehradoon,Medium,Rishikesh APMC,3100,2200,2700,Uttarakhand,Other
01/01/2026,Guava,185,Dehradoon,Medium,Rishikesh APMC,2500,2000,2200,Uttarakhand,Other
02/01/2026,Guava,185,Dehradoon,Medium,Rishikesh APMC,2600,2000,2400,Uttarakhand,Other
04/01/2026,Guava,185,Dehradoon,Medium,Rishikesh APMC,2800,2000,2400,Uttarakhand,Other
07/01/2026,Guava,185,Dehradoon,Medium,Rishikesh APMC,3500,2000,2550,Uttarakhand,Other
05/01/2026,Lime,180,Dehradoon,Medium,Rishikesh APMC,3800,2500,3200,Uttarakhand,Other
20/01/2026,Lime,180,Dehradoon,Medium,Rishikesh APMC,3000,2000,2600,Uttarakhand,Other
18/01/2026,Lime,180,Dehradoon,Medium,Rishikesh APMC,3050,2000,2600,Uttarakhand,Other
27/01/2026,Lime,180,Dehradoon,Medium,Rishikesh APMC,3000,2000,2500,Uttarakhand,Other
09/01/2026,Cabbage,154,Dehradoon,Medium,Rishikesh APMC,500,400,450,Uttarakhand,Other
22/01/2026,Cabbage,154,Dehradoon,Medium,Rishikesh APMC,600,400,550,Uttarakhand,Other
29/01/2026,Carrot,153,Dehradoon,Medium,Rishikesh APMC,1050,800,950,Uttarakhand,Other
16/01/2026,Carrot,153,Dehradoon,Medium,Rishikesh APMC,1000,800,900,Uttarakhand,Other
24/01/2026,Carrot,153,Dehradoon,Medium,Rishikesh APMC,1200,800,1000,Uttarakhand,Other
02/01/2026,Turnip,341,Dehradoon,Medium,Rishikesh APMC,1250,1000,1200,Uttarakhand,Other
05/01/2026,Turnip,341,Dehradoon,Medium,Rishikesh APMC,1150,1000,1100,Uttarakhand,Other
07/01/2026,Carrot,153,Dehradoon,Medium,Rishikesh APMC,1000,850,900,Uttarakhand,Other
13/01/2026,Carrot,153,Dehradoon,Medium,Rishikesh APMC,1000,800,950,Uttarakhand,Other
10/01/2026,Carrot,153,Dehradoon,Medium,Rishikesh APMC,1000,800,925,Uttarakhand,Other
17/12/2025,Cauliflower,34,Dehradoon,Medium,Rishikesh APMC,1000,600,800,Uttarakhand,Other
20/12/2025,Cauliflower,34,Dehradoon,Medium,Rishikesh APMC,850,500,700,Uttarakhand,Other
28/12/2025,Field Pea,64,Dehradoon,Medium,Rishikesh APMC,1200,1000,1100,Uttarakhand,Other
18/12/2025,Turnip,341,Dehradoon,Local,Rishikesh APMC,1500,1200,1300,Uttarakhand,Other
19/12/2025,Turnip,341,Dehradoon,Medium,Rishikesh APMC,1350,1000,1200,Uttarakhand,Other
23/12/2025,Turnip,341,Dehradoon,Medium,Rishikesh APMC,1200,1000,1100,Uttarakhand,Other
27/12/2025,Onion,23,Dehradoon,Medium,Rishikesh APMC,2200,1650,2000,Uttarakhand,Other
16/12/2025,Onion,23,Dehradoon,Small,Rishikesh APMC,2150,1500,1800,Uttarakhand,Other
05/12/2025,Brinjal,35,Dehradoon,Medium,Rishikesh APMC,1600,1000,1400,Uttarakhand,Other
17/12/2025,Brinjal,35,Dehradoon,Medium,Rishikesh APMC,1800,1200,1550,Uttarakhand,Other
27/12/2025,Brinjal,35,Dehradoon,Medium,Rishikesh APMC,1800,1200,1500,Uttarakhand,Other
29/12/2025,Brinjal,35,Dehradoon,Medium,Rishikesh APMC,1700,1200,1500,Uttarakhand,Other
01/12/2025,Cauliflower,34,Dehradoon,Medium,Rishikesh APMC,2200,1600,2000,Uttarakhand,Other
05/12/2025,Cauliflower,34,Dehradoon,Medium,Rishikesh APMC,2500,1800,2000,Uttarakhand,Other
09/12/2025,Cauliflower,34,Dehradoon,Small,Rishikesh APMC,2500,1500,1800,Uttarakhand,Other
08/12/2025,Cauliflower,34,Dehradoon,Medium,Rishikesh APMC,2200,1500,2050,Uttarakhand,Other
23/12/2025,Brinjal,35,Dehradoon,Medium,Rishikesh APMC,1800,1200,1500,Uttarakhand,Brinjal
14/12/2025,Brinjal,35,Dehradoon,Medium,Rishikesh APMC,1500,1000,1200,Uttarakhand,Other
10/12/2025,Cauliflower,34,Dehradoon,Small,Rishikesh APMC,2500,1500,1850,Uttarakhand,Other
03/12/2025,Onion,23,Dehradoon,Small,Rishikesh APMC,1400,1200,1350,Uttarakhand,Other
05/12/2025,Onion,23,Dehradoon,Medium,Rishikesh APMC,1400,1250,1300,Uttarakhand,Other
29/12/2025,Onion,23,Dehradoon,Medium,Rishikesh APMC,2100,1800,2000,Uttarakhand,Other
06/12/2025,Onion,23,Dehradoon,Small,Rishikesh APMC,1375,1200,1300,Uttarakhand,Other
14/12/2025,French Beans(Frasbean),298,Dehradoon,Medium,Rishikesh APMC,2500,1500,2000,Uttarakhand,Other
20/12/2025,French Beans(Frasbean),298,Dehradoon,Medium,Rishikesh APMC,2000,1800,1950,Uttarakhand,Other
23/12/2025,French Beans(Frasbean),298,Dehradoon,Medium,Rishikesh APMC,1800,1500,1700,Uttarakhand,Other
18/12/2025,Indian Beans(Seam),299,Dehradoon,Medium,Rishikesh APMC,3500,2000,2800,Uttarakhand,Other
29/12/2025,Indian Beans(Seam),299,Dehradoon,Medium,Rishikesh APMC,1850,1500,1600,Uttarakhand,Other
17/12/2025,Indian Beans(Seam),299,Dehradoon,Medium,Rishikesh APMC,3600,2050,3000,Uttarakhand,Indian Beans (Seam)
16/12/2025,Pumpkin,84,Dehradoon,Small,Rishikesh APMC,1500,1000,1200,Uttarakhand,Other
01/12/2025,Pumpkin,84,Dehradoon,Local,Rishikesh APMC,1200,900,1000,Uttarakhand,Other
07/12/2025,Pumpkin,84,Dehradoon,Medium,Rishikesh APMC,1200,850,1000,Uttarakhand,Other
05/12/2025,Raddish,161,Dehradoon,Medium,Rishikesh APMC,700,500,600,Uttarakhand,Other
30/12/2025,Raddish,161,Dehradoon,Medium,Rishikesh APMC,500,400,450,Uttarakhand,Other
01/12/2025,Lime,180,Dehradoon,Medium,Rishikesh APMC,4000,3500,3800,Uttarakhand,Other
06/12/2025,Lime,180,Dehradoon,Medium,Rishikesh APMC,4000,3500,3800,Uttarakhand,Other
16/12/2025,Lime,180,Dehradoon,Medium,Rishikesh APMC,4200,3000,3650,Uttarakhand,Other
14/12/2025,Lime,180,Dehradoon,Small,Rishikesh APMC,4500,3500,3800,Uttarakhand,Other
20/12/2025,Lime,180,Dehradoon,Medium,Rishikesh APMC,3800,3050,3500,Uttarakhand,Other
04/12/2025,Carrot,153,Dehradoon,Medium,Rishikesh APMC,2300,2000,2200,Uttarakhand,Other
06/12/2025,Carrot,153,Dehradoon,Small,Rishikesh APMC,2000,1400,1800,Uttarakhand,Other
10/12/2025,Carrot,153,Dehradoon,Medium,Rishikesh APMC,2000,1450,1800,Uttarakhand,Other
14/12/2025,Carrot,153,Dehradoon,Medium,Rishikesh APMC,2000,1500,1850,Uttarakhand,Other
17/12/2025,Carrot,153,Dehradoon,Medium,Rishikesh APMC,1200,800,1000,Uttarakhand,Other
23/12/2025,Carrot,153,Dehradoon,Medium,Rishikesh APMC,1200,750,1000,Uttarakhand,Other
21/12/2025,Carrot,153,Dehradoon,Medium,Rishikesh APMC,1400,800,1100,Uttarakhand,Other
09/12/2025,Bottle gourd,82,Dehradoon,Medium,Rishikesh APMC,1800,1200,1500,Uttarakhand,Other
14/12/2025,Bottle gourd,82,Dehradoon,Local,Rishikesh APMC,1800,1250,1500,Uttarakhand,Other
30/12/2025,Papaya,72,Dehradoon,Medium,Rishikesh APMC,2050,1800,2000,Uttarakhand,Other
20/12/2025,Green Chilli,87,Dehradoon,Medium,Rishikesh APMC,3800,3000,3250,Uttarakhand,Other
08/12/2025,Bottle gourd,82,Dehradoon,Medium,Rishikesh APMC,1600,1250,1400,Uttarakhand,Other
10/12/2025,Bottle gourd,82,Dehradoon,Medium,Rishikesh APMC,1800,1200,1550,Uttarakhand,Other
11/12/2025,Bottle gourd,82,Dehradoon,Medium,Rishikesh APMC,1800,1200,1500,Uttarakhand,Other
30/12/2025,Ginger(Green),103,Dehradoon,Medium,Rishikesh APMC,5200,4000,4200,Uttarakhand,Other
23/12/2025,Ginger(Green),103,Dehradoon,Medium,Rishikesh APMC,4500,3850,4100,Uttarakhand,Other
02/12/2025,Potato,24,Dehradoon,Medium,Rishikesh APMC,1100,950,1000,Uttarakhand,Other
09/12/2025,Potato,24,Dehradoon,Small,Rishikesh APMC,1100,900,1000,Uttarakhand,Other
18/12/2025,Banana,19,Dehradoon,Medium,Rishikesh APMC,1350,1100,1200,Uttarakhand,Other
04/12/2025,Pomegranate,190,Dehradoon,Small,Rishikesh APMC,6800,3200,4200,Uttarakhand,Other
05/12/2025,Pomegranate,190,Dehradoon,Small,Rishikesh APMC,6800,3250,4200,Uttarakhand,Other
08/12/2025,Pomegranate,190,Dehradoon,Small,Rishikesh APMC,5800,3200,4250,Uttarakhand,Other
03/12/2025,Pomegranate,190,Dehradoon,Medium,Rishikesh APMC,6800,3200,4250,Uttarakhand,Other
09/12/2025,Pomegranate,190,Dehradoon,Medium,Rishikesh APMC,5800,3250,4200,Uttarakhand,Other
11/12/2025,Pomegranate,190,Dehradoon,Medium,Rishikesh APMC,5800,3200,4200,Uttarakhand,Other
17/12/2025,Pomegranate,190,Dehradoon,Medium,Rishikesh APMC,5400,3200,4000,Uttarakhand,Other
02/12/2025,Mousambi(Sweet Lime),77,Dehradoon,Medium,Rishikesh APMC,2800,2450,2500,Uttarakhand,Other
03/12/2025,Mousambi(Sweet Lime),77,Dehradoon,Medium,Rishikesh APMC,2800,2400,2600,Uttarakhand,Other
17/12/2025,Mousambi(Sweet Lime),77,Dehradoon,Grade C,Rishikesh APMC,3100,2400,2700,Uttarakhand,Other
18/12/2025,Mousambi(Sweet Lime),77,Dehradoon,Medium,Rishikesh APMC,2800,2400,2650,Uttarakhand,Other
20/12/2025,Mousambi(Sweet Lime),77,Dehradoon,Medium,Rishikesh APMC,2800,2400,2675,Uttarakhand,Other
27/12/2025,Mousambi(Sweet Lime),77,Dehradoon,Medium,Rishikesh APMC,2600,2200,2500,Uttarakhand,Other
04/12/2025,Papaya,72,Dehradoon,Small,Rishikesh APMC,2250,2000,2100,Uttarakhand,Other
09/12/2025,Papaya,72,Dehradoon,Medium,Rishikesh APMC,2800,1800,2000,Uttarakhand,Other
19/12/2025,Papaya,72,Dehradoon,Medium,Rishikesh APMC,2100,1800,2050,Uttarakhand,Other
22/12/2025,Papaya,72,Dehradoon,Grade C,Rishikesh APMC,2100,1800,2000,Uttarakhand,Other
16/12/2025,Field Pea,64,Dehradoon,Medium,Rishikesh APMC,3500,3000,3200,Uttarakhand,Other
24/12/2025,Field Pea,64,Dehradoon,Medium,Rishikesh APMC,3000,2400,2800,Uttarakhand,Other
03/12/2025,Tomato,78,Dehradoon,Medium,Rishikesh APMC,3500,2400,3250,Uttarakhand,Other
04/12/2025,Tomato,78,Dehradoon,Small,Rishikesh APMC,3500,2400,3200,Uttarakhand,Other
05/12/2025,Tomato,78,Dehradoon,Medium,Rishikesh APMC,3500,2400,3250,Uttarakhand,Other
08/12/2025,Tomato,78,Dehradoon,Small,Rishikesh APMC,2400,1200,2050,Uttarakhand,Other
27/12/2025,Green Chilli,87,Dehradoon,Medium,Rishikesh APMC,4000,3200,3600,Uttarakhand,Other
28/12/2025,Green Chilli,87,Dehradoon,Medium,Rishikesh APMC,4000,3200,3650,Uttarakhand,Other
18/12/2025,Field Pea,64,Dehradoon,Medium,Rishikesh APMC,3650,3000,3500,Uttarakhand,Other
19/12/2025,Field Pea,64,Dehradoon,Medium,Rishikesh APMC,3500,2500,3000,Uttarakhand,Other
07/12/2025,Tomato,78,Dehradoon,Local,Rishikesh APMC,2400,1250,2000,Uttarakhand,Other
14/12/2025,Potato,24,Dehradoon,Small,Rishikesh APMC,1100,925,1050,Uttarakhand,Other
25/12/2025,Potato,24,Dehradoon,Medium,Rishikesh APMC,900,800,850,Uttarakhand,Other
11/12/2025,Potato,24,Dehradoon,Small,Rishikesh APMC,1100,900,1000,Uttarakhand,Other
30/12/2025,Tomato,78,Dehradoon,Medium,Rishikesh APMC,3800,2100,3200,Uttarakhand,Other
16/12/2025,Guava,185,Dehradoon,Medium,Rishikesh APMC,2600,2000,2400,Uttarakhand,Other
18/12/2025,Guava,185,Dehradoon,Local,Rishikesh APMC,2500,2000,2400,Uttarakhand,Other
20/12/2025,Guava,185,Dehradoon,Medium,Rishikesh APMC,2800,2400,2600,Uttarakhand,Other
30/12/2025,Guava,185,Dehradoon,Medium,Rishikesh APMC,2550,2000,2250,Uttarakhand,Other
01/12/2025,Ginger(Green),103,Dehradoon,Small,Rishikesh APMC,4800,3600,4000,Uttarakhand,Other
06/12/2025,Ginger(Green),103,Dehradoon,Local,Rishikesh APMC,4800,3500,4000,Uttarakhand,Other
07/12/2025,Ginger(Green),103,Dehradoon,Medium,Rishikesh APMC,4800,3500,4075,Uttarakhand,Other
04/12/2025,Ginger(Green),103,Dehradoon,Small,Rishikesh APMC,4200,3500,4000,Uttarakhand,Other
20/12/2025,Banana,19,Dehradoon,Medium,Rishikesh APMC,1350,1100,1200,Uttarakhand,Other
30/12/2025,Banana,19,Dehradoon,Medium,Rishikesh APMC,1250,1000,1200,Uttarakhand,Other
14/12/2025,Apple,17,Dehradoon,Medium,Rishikesh APMC,6100,4000,5050,Uttarakhand,Kasmir/Shimla - II
14/12/2025,Cucumbar(Kheera),159,Dehradoon,Local,Rishikesh APMC,1800,1200,1600,Uttarakhand,Other
21/12/2025,Cucumbar(Kheera),159,Dehradoon,Medium,Rishikesh APMC,1600,1400,1450,Uttarakhand,Other
27/12/2025,Papaya,72,Dehradoon,Small,Rishikesh APMC,2200,1800,2000,Uttarakhand,Other
01/12/2025,Orange,18,Dehradoon,Small,Rishikesh APMC,4200,3200,3500,Uttarakhand,Other
03/12/2025,Orange,18,Dehradoon,Medium,Rishikesh APMC,4200,3200,3550,Uttarakhand,Other
06/12/2025,Orange,18,Dehradoon,Medium,Rishikesh APMC,4000,3200,3500,Uttarakhand,Other
16/12/2025,Orange,18,Dehradoon,Medium,Rishikesh APMC,4000,3000,3500,Uttarakhand,Other
29/12/2025,Orange,18,Dehradoon,Medium,Rishikesh APMC,3400,2800,3000,Uttarakhand,Other
11/12/2025,Apple,17,Dehradoon,Medium,Rishikesh APMC,6100,4000,4800,Uttarakhand,Kasmir/Shimla - II
16/12/2025,Apple,17,Dehradoon,Medium,Rishikesh APMC,6200,4000,4850,Uttarakhand,Kasmir/Shimla - II
23/12/2025,Apple,17,Dehradoon,Medium,Rishikesh APMC,5500,4000,4150,Uttarakhand,Kasmir/Shimla - II
22/12/2025,Apple,17,Dehradoon,Medium,Rishikesh APMC,5600,4000,4200,Uttarakhand,Kasmir/Shimla - II
27/12/2025,Apple,17,Dehradoon,Grade C,Rishikesh APMC,5600,3500,4650,Uttarakhand,Kasmir/Shimla - II
30/12/2025,Apple,17,Dehradoon,Medium,Rishikesh APMC,5000,3500,4050,Uttarakhand,Kasmir/Shimla - II
22/12/2025,Orange,18,Dehradoon,Medium,Rishikesh APMC,3400,3000,3200,Uttarakhand,Other
28/12/2025,Orange,18,Dehradoon,Medium,Rishikesh APMC,3250,2800,3000,Uttarakhand,Other
14/12/2025,Banana,19,Dehradoon,Local,Rishikesh APMC,1400,1000,1200,Uttarakhand,Other
02/12/2025,Banana,19,Dehradoon,Medium,Rishikesh APMC,1300,1100,1200,Uttarakhand,Other
03/12/2025,Banana,19,Dehradoon,Small,Rishikesh APMC,1350,1000,1200,Uttarakhand,Other
01/12/2025,Cabbage,154,Dehradoon,Medium,Rishikesh APMC,1425,1000,1200,Uttarakhand,Other
07/12/2025,Cabbage,154,Dehradoon,Medium,Rishikesh APMC,900,700,800,Uttarakhand,Other
18/12/2025,Cabbage,154,Dehradoon,Medium,Rishikesh APMC,1000,600,800,Uttarakhand,Other
19/12/2025,Cabbage,154,Dehradoon,Medium,Rishikesh APMC,700,500,600,Uttarakhand,Other
20/12/2025,Cabbage,154,Dehradoon,Medium,Rishikesh APMC,600,500,525,Uttarakhand,Other
21/12/2025,Cabbage,154,Dehradoon,Medium,Rishikesh APMC,800,500,600,Uttarakhand,Other
18/11/2025,Colacasia,318,Dehradoon,Medium,Rishikesh APMC,2600,1400,1850,Uttarakhand,Other
16/11/2025,Colacasia,318,Dehradoon,FAQ,Rishikesh APMC,2200,1250,1600,Uttarakhand,Other
20/11/2025,Colacasia,318,Dehradoon,Local,Rishikesh APMC,2200,1600,2000,Uttarakhand,Other
09/11/2025,Mousambi(Sweet Lime),77,Dehradoon,Small,Rishikesh APMC,2600,2400,2525,Uttarakhand,Other
14/11/2025,Mousambi(Sweet Lime),77,Dehradoon,Small,Rishikesh APMC,2600,2400,2500,Uttarakhand,Other
21/11/2025,Mousambi(Sweet Lime),77,Dehradoon,Small,Rishikesh APMC,2850,2000,2600,Uttarakhand,Other
23/11/2025,Mousambi(Sweet Lime),77,Dehradoon,Medium,Rishikesh APMC,2800,200,2600,Uttarakhand,Other
27/11/2025,Mousambi(Sweet Lime),77,Dehradoon,Medium,Rishikesh APMC,2900,2000,2700,Uttarakhand,Other
28/11/2025,Mousambi(Sweet Lime),77,Dehradoon,Small,Rishikesh APMC,2900,2000,2750,Uttarakhand,Other
24/11/2025,Pomegranate,190,Dehradoon,Small,Rishikesh APMC,9500,5400,7200,Uttarakhand,Other
26/11/2025,Pomegranate,190,Dehradoon,Small,Rishikesh APMC,9000,5400,7300,Uttarakhand,Other
25/11/2025,Pomegranate,190,Dehradoon,Medium,Rishikesh APMC,9000,5300,7600,Uttarakhand,Other
02/11/2025,Lime,180,Dehradoon,Small,Rishikesh APMC,5000,3400,4500,Uttarakhand,Lime
28/11/2025,Pomegranate,190,Dehradoon,Medium,Rishikesh APMC,8000,5400,7300,Uttarakhand,Other
28/11/2025,Ginger(Green),103,Dehradoon,Medium,Rishikesh APMC,4000,2600,3800,Uttarakhand,Other
07/11/2025,Cabbage,154,Dehradoon,Small,Rishikesh APMC,2000,1500,1800,Uttarakhand,Other
09/11/2025,Pomegranate,190,Dehradoon,Medium,Rishikesh APMC,9000,6500,8550,Uttarakhand,Other
16/11/2025,Pomegranate,190,Dehradoon,Medium,Rishikesh APMC,11500,6500,8500,Uttarakhand,Other
22/11/2025,Pomegranate,190,Dehradoon,Small,Rishikesh APMC,9500,5400,7200,Uttarakhand,Other
24/11/2025,Pumpkin,84,Dehradoon,Local,Rishikesh APMC,1000,800,900,Uttarakhand,Other
06/11/2025,Bhindi(Ladies Finger),85,Dehradoon,FAQ,Rishikesh APMC,2600,1800,2050,Uttarakhand,Other
17/11/2025,Bhindi(Ladies Finger),85,Dehradoon,Medium,Rishikesh APMC,4000,2200,3400,Uttarakhand,Other
22/11/2025,Bhindi(Ladies Finger),85,Dehradoon,Medium,Rishikesh APMC,3800,2400,3500,Uttarakhand,Other
20/11/2025,Bhindi(Ladies Finger),85,Dehradoon,Medium,Rishikesh APMC,3800,2200,3500,Uttarakhand,Other
27/11/2025,Tomato,78,Dehradoon,Medium,Rishikesh APMC,4300,2750,3500,Uttarakhand,Other
28/11/2025,Apple,17,Dehradoon,Medium,Rishikesh APMC,6500,2850,4800,Uttarakhand,Other
21/11/2025,Tomato,78,Dehradoon,FAQ,Rishikesh APMC,3600,2250,3200,Uttarakhand,Other
18/11/2025,Bottle gourd,82,Dehradoon,FAQ,Rishikesh APMC,2500,1800,2050,Uttarakhand,Other
21/11/2025,Bottle gourd,82,Dehradoon,Medium,Rishikesh APMC,2400,1800,2050,Uttarakhand,Other
28/11/2025,Bottle gourd,82,Dehradoon,Small,Rishikesh APMC,2000,1200,1500,Uttarakhand,Other
29/11/2025,Bottle gourd,82,Dehradoon,Small,Rishikesh APMC,2000,1250,1500,Uttarakhand,Other
16/11/2025,Brinjal,35,Dehradoon,FAQ,Rishikesh APMC,2000,1500,1800,Uttarakhand,Other
19/11/2025,Brinjal,35,Dehradoon,Medium,Rishikesh APMC,1800,1400,1600,Uttarakhand,Other
21/11/2025,Brinjal,35,Dehradoon,Medium,Rishikesh APMC,1800,1300,1775,Uttarakhand,Other
07/11/2025,Orange,18,Dehradoon,Small,Rishikesh APMC,4500,3300,3850,Uttarakhand,Other
04/11/2025,Orange,18,Dehradoon,Small,Rishikesh APMC,4200,3300,3850,Uttarakhand,Other
22/11/2025,Orange,18,Dehradoon,Small,Rishikesh APMC,4000,3200,3550,Uttarakhand,Other
14/11/2025,Cauliflower,34,Dehradoon,Local,Rishikesh APMC,1600,1200,1350,Uttarakhand,Other
14/11/2025,Brinjal,35,Dehradoon,Medium,Rishikesh APMC,2000,1500,1850,Uttarakhand,Other
11/11/2025,Brinjal,35,Dehradoon,FAQ,Rishikesh APMC,2200,1500,2000,Uttarakhand,Other
02/11/2025,Cauliflower,34,Dehradoon,FAQ,Rishikesh APMC,3200,2400,3000,Uttarakhand,Other
22/11/2025,Brinjal,35,Dehradoon,Medium,Rishikesh APMC,1850,1600,1800,Uttarakhand,Other
25/11/2025,Pumpkin,84,Dehradoon,Medium,Rishikesh APMC,1050,800,900,Uttarakhand,Other
08/11/2025,Tomato,78,Dehradoon,FAQ,Rishikesh APMC,2250,1450,1900,Uttarakhand,Other
03/11/2025,Brinjal,35,Dehradoon,FAQ,Rishikesh APMC,2400,1200,1500,Uttarakhand,Brinjal
18/11/2025,Apple,17,Dehradoon,Small,Rishikesh APMC,5800,2600,4600,Uttarakhand,Other
17/11/2025,Apple,17,Dehradoon,Small,Rishikesh APMC,5800,2600,4550,Uttarakhand,Other
01/11/2025,Apple,17,Dehradoon,Small,Rishikesh APMC,6500,3000,4500,Uttarakhand,Other
07/11/2025,Cucumbar(Kheera),159,Dehradoon,Small,Rishikesh APMC,2000,1500,1800,Uttarakhand,Other
08/11/2025,Cucumbar(Kheera),159,Dehradoon,FAQ,Rishikesh APMC,2000,1250,1580,Uttarakhand,Other
02/11/2025,Cucumbar(Kheera),159,Dehradoon,FAQ,Rishikesh APMC,2000,1500,1600,Uttarakhand,Other
03/11/2025,Cucumbar(Kheera),159,Dehradoon,FAQ,Rishikesh APMC,2000,1500,1800,Uttarakhand,Other
29/11/2025,Guava,185,Dehradoon,Small,Rishikesh APMC,3500,2200,2700,Uttarakhand,Other
01/11/2025,Ridgeguard(Tori),160,Dehradoon,FAQ,Rishikesh APMC,1800,1200,1400,Uttarakhand,Ridgeguard(Tori)
01/11/2025,Raddish,161,Dehradoon,FAQ,Rishikesh APMC,1000,800,850,Uttarakhand,Other
09/11/2025,Raddish,161,Dehradoon,Local,Rishikesh APMC,900,750,850,Uttarakhand,Other
08/11/2025,Raddish,161,Dehradoon,Small,Rishikesh APMC,900,700,800,Uttarakhand,Other
02/11/2025,Raddish,161,Dehradoon,FAQ,Rishikesh APMC,1100,900,1000,Uttarakhand,Other
29/11/2025,Carrot,153,Dehradoon,Medium,Rishikesh APMC,2250,1800,2000,Uttarakhand,Other
05/11/2025,Green Chilli,87,Dehradoon,FAQ,Rishikesh APMC,3800,3000,3650,Uttarakhand,Green Chilly
21/11/2025,Cucumbar(Kheera),159,Dehradoon,Local,Rishikesh APMC,2000,1250,1500,Uttarakhand,Other
20/11/2025,Cucumbar(Kheera),159,Dehradoon,Small,Rishikesh APMC,2000,1200,1550,Uttarakhand,Other
26/11/2025,Cucumbar(Kheera),159,Dehradoon,Small,Rishikesh APMC,2100,1200,1550,Uttarakhand,Other
25/11/2025,Cucumbar(Kheera),159,Dehradoon,Small,Rishikesh APMC,2000,1500,1600,Uttarakhand,Other
13/11/2025,Lime,180,Dehradoon,Small,Rishikesh APMC,4500,2800,3550,Uttarakhand,Other
14/11/2025,Lime,180,Dehradoon,Medium,Rishikesh APMC,4500,2800,3500,Uttarakhand,Other
16/11/2025,Lime,180,Dehradoon,Medium,Rishikesh APMC,4500,2800,3500,Uttarakhand,Other
20/11/2025,Lime,180,Dehradoon,Small,Rishikesh APMC,3875,2600,3500,Uttarakhand,Other
23/11/2025,Lime,180,Dehradoon,Medium,Rishikesh APMC,4000,3500,3800,Uttarakhand,Other
25/11/2025,Lime,180,Dehradoon,Small,Rishikesh APMC,4200,3500,3800,Uttarakhand,Other
26/11/2025,Carrot,153,Dehradoon,Medium,Rishikesh APMC,2500,1800,2200,Uttarakhand,Other
03/11/2025,Papaya,72,Dehradoon,Small,Rishikesh APMC,2050,1600,1800,Uttarakhand,Other
06/11/2025,Papaya,72,Dehradoon,Small,Rishikesh APMC,2000,1600,1800,Uttarakhand,Other
10/11/2025,Papaya,72,Dehradoon,Small,Rishikesh APMC,2000,1600,1850,Uttarakhand,Other
18/11/2025,Papaya,72,Dehradoon,Small,Rishikesh APMC,2100,1600,1800,Uttarakhand,Other
17/11/2025,Papaya,72,Dehradoon,Small,Rishikesh APMC,2100,1600,1800,Uttarakhand,Other
23/11/2025,Papaya,72,Dehradoon,Small,Rishikesh APMC,2550,2000,2100,Uttarakhand,Other
21/11/2025,Chikoos(Sapota),71,Dehradoon,Small,Rishikesh APMC,3800,3025,3600,Uttarakhand,Other
23/11/2025,Chikoos(Sapota),71,Dehradoon,Small,Rishikesh APMC,4000,3000,3600,Uttarakhand,Other
08/11/2025,Mousambi(Sweet Lime),77,Dehradoon,Small,Rishikesh APMC,2650,2400,2500,Uttarakhand,Other
03/11/2025,Bhindi(Ladies Finger),85,Dehradoon,FAQ,Rishikesh APMC,2600,1800,2000,Uttarakhand,Other
04/11/2025,Pumpkin,84,Dehradoon,FAQ,Rishikesh APMC,1200,800,1000,Uttarakhand,Other
08/11/2025,Green Chilli,87,Dehradoon,FAQ,Rishikesh APMC,2800,2000,2400,Uttarakhand,Other
11/11/2025,Green Chilli,87,Dehradoon,FAQ,Rishikesh APMC,2800,2000,2450,Uttarakhand,Other
10/11/2025,Guava,185,Dehradoon,Small,Rishikesh APMC,2800,2050,2400,Uttarakhand,Other
12/11/2025,Guava,185,Dehradoon,Small,Rishikesh APMC,2800,2000,2500,Uttarakhand,Other
18/11/2025,Guava,185,Dehradoon,Small,Rishikesh APMC,3000,2200,2650,Uttarakhand,Other
22/11/2025,Guava,185,Dehradoon,Small,Rishikesh APMC,3200,2200,2600,Uttarakhand,Other
20/11/2025,Guava,185,Dehradoon,Local,Rishikesh APMC,3025,2200,2640,Uttarakhand,Other
21/11/2025,Cabbage,154,Dehradoon,Local,Rishikesh APMC,1600,1200,1575,Uttarakhand,Other
22/11/2025,Cabbage,154,Dehradoon,Small,Rishikesh APMC,1800,1200,1675,Uttarakhand,Other
19/11/2025,Cabbage,154,Dehradoon,Local,Rishikesh APMC,2000,1200,1650,Uttarakhand,Other
29/11/2025,Cabbage,154,Dehradoon,Medium,Rishikesh APMC,1500,1000,1275,Uttarakhand,Other
27/11/2025,Orange,18,Dehradoon,Small,Rishikesh APMC,3600,3000,3250,Uttarakhand,Other
06/11/2025,Orange,18,Dehradoon,Small,Rishikesh APMC,4500,3300,3800,Uttarakhand,Other
23/11/2025,Orange,18,Dehradoon,Small,Rishikesh APMC,4000,3200,3500,Uttarakhand,Other
01/11/2025,Cauliflower,34,Dehradoon,FAQ,Rishikesh APMC,3200,2500,2800,Uttarakhand,Other
14/11/2025,Banana,19,Dehradoon,Small,Rishikesh APMC,1300,1000,1200,Uttarakhand,Other
19/11/2025,Potato,24,Dehradoon,FAQ,Rishikesh APMC,1600,1200,1550,Uttarakhand,Other
23/11/2025,Potato,24,Dehradoon,Small,Rishikesh APMC,1500,1200,1400,Uttarakhand,Other
11/11/2025,Potato,24,Dehradoon,FAQ,Rishikesh APMC,1800,1450,1600,Uttarakhand,Other
06/11/2025,Potato,24,Dehradoon,FAQ,Rishikesh APMC,1800,1450,1600,Uttarakhand,Other
14/11/2025,Potato,24,Dehradoon,Small,Rishikesh APMC,1700,1450,1600,Uttarakhand,Other
03/11/2025,Potato,24,Dehradoon,FAQ,Rishikesh APMC,1750,1400,1600,Uttarakhand,Other
03/11/2025,Onion,23,Dehradoon,FAQ,Rishikesh APMC,1850,1500,1650,Uttarakhand,Other
04/11/2025,Onion,23,Dehradoon,FAQ,Rishikesh APMC,1900,1500,1600,Uttarakhand,Other
14/11/2025,Onion,23,Dehradoon,FAQ,Rishikesh APMC,1800,1500,1650,Uttarakhand,Other
18/11/2025,Onion,23,Dehradoon,FAQ,Rishikesh APMC,1600,1300,1400,Uttarakhand,Other
17/11/2025,Onion,23,Dehradoon,FAQ,Rishikesh APMC,1600,1350,1400,Uttarakhand,Other
09/11/2025,Onion,23,Dehradoon,FAQ,Rishikesh APMC,2100,1500,1650,Uttarakhand,Other
01/11/2025,Onion,23,Dehradoon,FAQ,Rishikesh APMC,1800,1450,1500,Uttarakhand,Other
08/11/2025,Potato,24,Dehradoon,FAQ,Rishikesh APMC,1930,1550,1625,Uttarakhand,Other
13/11/2025,Banana,19,Dehradoon,Medium,Rishikesh APMC,1300,1000,1250,Uttarakhand,Other
21/11/2025,Cauliflower,34,Dehradoon,Small,Rishikesh APMC,1850,1250,1600,Uttarakhand,Other
25/11/2025,Cauliflower,34,Dehradoon,Medium,Rishikesh APMC,2000,1275,1670,Uttarakhand,Other
03/11/2025,Pomegranate,190,Dehradoon,Small,Rishikesh APMC,8500,4500,5800,Uttarakhand,Other
07/11/2025,Raddish,161,Dehradoon,Small,Rishikesh APMC,1050,800,900,Uttarakhand,Raddish
17/11/2025,Ginger(Green),103,Dehradoon,Medium,Rishikesh APMC,4000,3000,3400,Uttarakhand,Other
08/11/2025,Ginger(Green),103,Dehradoon,FAQ,Rishikesh APMC,6000,4000,5500,Uttarakhand,Other
01/11/2025,Ginger(Green),103,Dehradoon,FAQ,Rishikesh APMC,6400,3800,5200,Uttarakhand,Other
05/03/2026,Lime,180,Dehradoon,Medium,Rishikesh APMC,4200,2800,3200,Uttarakhand,Other
07/03/2026,Lime,180,Dehradoon,Medium,Rishikesh APMC,4500,2800,3200,Uttarakhand,Other
17/03/2026,Lime,180,Dehradoon,Medium,Rishikesh APMC,4800,3000,3650,Uttarakhand,Other
13/03/2026,Lime,180,Dehradoon,Medium,Rishikesh APMC,4600,3000,3500,Uttarakhand,Other
21/03/2026,Lime,180,Dehradoon,Medium,Rishikesh APMC,5200,2800,4000,Uttarakhand,Other
28/03/2026,Lime,180,Dehradoon,Medium,Rishikesh APMC,4700,3000,4500,Uttarakhand,Other
26/03/2026,Lime,180,Dehradoon,Medium,Rishikesh APMC,5200,3000,4550,Uttarakhand,Other
14/03/2026,Grapes,22,Dehradoon,Medium,Rishikesh APMC,5500,3800,4800,Uttarakhand,Other
25/03/2026,Orange,18,Dehradoon,Medium,Rishikesh APMC,4600,2800,3800,Uttarakhand,Other
26/03/2026,Orange,18,Dehradoon,Medium,Rishikesh APMC,4600,2800,3850,Uttarakhand,Other
05/03/2026,Apple,17,Dehradoon,Medium,Rishikesh APMC,8550,5000,7200,Uttarakhand,Kasmir/Shimla - II
07/03/2026,Apple,17,Dehradoon,Medium,Rishikesh APMC,8500,5000,7200,Uttarakhand,Kasmir/Shimla - II
09/03/2026,Apple,17,Dehradoon,Medium,Rishikesh APMC,8500,5000,7200,Uttarakhand,Kasmir/Shimla - II
11/03/2026,Apple,17,Dehradoon,Medium,Rishikesh APMC,8600,5000,7200,Uttarakhand,Kasmir/Shimla - II
12/03/2026,Apple,17,Dehradoon,Medium,Rishikesh APMC,8600,5200,7200,Uttarakhand,Kasmir/Shimla - II
20/03/2026,Apple,17,Dehradoon,Medium,Rishikesh APMC,8600,5200,7500,Uttarakhand,Kasmir/Shimla - II
16/03/2026,Apple,17,Dehradoon,Medium,Rishikesh APMC,8500,5000,7000,Uttarakhand,Kasmir/Shimla - II
29/03/2026,Apple,17,Dehradoon,Medium,Rishikesh APMC,8800,5200,7700,Uttarakhand,Kasmir/Shimla - II
28/03/2026,Apple,17,Dehradoon,Medium,Rishikesh APMC,8800,5200,7700,Uttarakhand,Other
05/03/2026,Orange,18,Dehradoon,Medium,Rishikesh APMC,4500,2800,3500,Uttarakhand,Other
14/03/2026,Orange,18,Dehradoon,Medium,Rishikesh APMC,4600,3200,3500,Uttarakhand,Other
19/03/2026,Orange,18,Dehradoon,Medium,Rishikesh APMC,4500,2800,3600,Uttarakhand,Other
23/03/2026,Potato,24,Dehradoon,Medium,Rishikesh APMC,610,400,550,Uttarakhand,Other
19/03/2026,Potato,24,Dehradoon,Medium,Rishikesh APMC,600,450,500,Uttarakhand,Other
07/03/2026,Potato,24,Dehradoon,Medium,Rishikesh APMC,575,425,500,Uttarakhand,Other
08/03/2026,Potato,24,Dehradoon,Medium,Rishikesh APMC,550,425,500,Uttarakhand,Other
13/03/2026,Potato,24,Dehradoon,Medium,Rishikesh APMC,625,400,550,Uttarakhand,Other
06/03/2026,Pomegranate,190,Dehradoon,Medium,Rishikesh APMC,9200,5000,6800,Uttarakhand,Other
05/03/2026,Pomegranate,190,Dehradoon,Medium,Rishikesh APMC,9150,5000,6800,Uttarakhand,Other
17/03/2026,Pomegranate,190,Dehradoon,Medium,Rishikesh APMC,9000,5000,6250,Uttarakhand,Other
12/03/2026,Pomegranate,190,Dehradoon,Medium,Rishikesh APMC,9200,5000,6500,Uttarakhand,Other
27/03/2026,Pomegranate,190,Dehradoon,Medium,Rishikesh APMC,9300,5000,6850,Uttarakhand,Other
08/03/2026,Onion,23,Dehradoon,Medium,Rishikesh APMC,1875,1700,1850,Uttarakhand,Other
14/03/2026,Onion,23,Dehradoon,Medium,Rishikesh APMC,1900,1700,1800,Uttarakhand,Other
18/03/2026,Onion,23,Dehradoon,Medium,Rishikesh APMC,1850,1700,1800,Uttarakhand,Other
06/03/2026,French Beans(Frasbean),298,Dehradoon,Medium,Rishikesh APMC,3200,2500,2600,Uttarakhand,Other
05/03/2026,French Beans(Frasbean),298,Dehradoon,Medium,Rishikesh APMC,3250,2500,2800,Uttarakhand,Other
17/03/2026,French Beans(Frasbean),298,Dehradoon,Medium,Rishikesh APMC,3000,2400,2650,Uttarakhand,Other
19/03/2026,French Beans(Frasbean),298,Dehradoon,Medium,Rishikesh APMC,3000,2500,2800,Uttarakhand,Other
02/03/2026,Ginger(Green),103,Dehradoon,Medium,Rishikesh APMC,5600,4600,5000,Uttarakhand,Other
06/03/2026,Ginger(Green),103,Dehradoon,Medium,Rishikesh APMC,5600,4600,5000,Uttarakhand,Other
19/03/2026,Ginger(Green),103,Dehradoon,Medium,Rishikesh APMC,5700,4500,5200,Uttarakhand,Other
23/03/2026,Ginger(Green),103,Dehradoon,Medium,Rishikesh APMC,6200,4500,5800,Uttarakhand,Other
30/03/2026,Ginger(Green),103,Dehradoon,Medium,Rishikesh APMC,6000,4500,5800,Uttarakhand,Other
16/03/2026,Brinjal,35,Dehradoon,Medium,Rishikesh APMC,1500,1000,1200,Uttarakhand,Other
28/03/2026,Brinjal,35,Dehradoon,Medium,Rishikesh APMC,1900,1200,1500,Uttarakhand,Other
27/03/2026,Brinjal,35,Dehradoon,Medium,Rishikesh APMC,2000,1200,1500,Uttarakhand,Other
01/03/2026,Papaya,72,Dehradoon,Medium,Rishikesh APMC,2500,1800,2000,Uttarakhand,Other
17/03/2026,Papaya,72,Dehradoon,Medium,Rishikesh APMC,2400,1800,2000,Uttarakhand,Other
11/03/2026,Papaya,72,Dehradoon,Medium,Rishikesh APMC,2500,1800,2000,Uttarakhand,Other
14/03/2026,Papaya,72,Dehradoon,Medium,Rishikesh APMC,2500,1800,2000,Uttarakhand,Other
20/03/2026,Papaya,72,Dehradoon,Medium,Rishikesh APMC,2300,1800,2050,Uttarakhand,Other
19/03/2026,Papaya,72,Dehradoon,Medium,Rishikesh APMC,2400,1800,2000,Uttarakhand,Other
30/03/2026,Papaya,72,Dehradoon,Medium,Rishikesh APMC,2400,1800,2000,Uttarakhand,Other
28/03/2026,Papaya,72,Dehradoon,Medium,Rishikesh APMC,2500,1800,2000,Uttarakhand,Other
11/03/2026,Pumpkin,84,Dehradoon,Medium,Rishikesh APMC,1650,1200,1500,Uttarakhand,Other
22/03/2026,Pumpkin,84,Dehradoon,Medium,Rishikesh APMC,1600,1200,1300,Uttarakhand,Other
17/03/2026,Bottle gourd,82,Dehradoon,Medium,Rishikesh APMC,1600,1200,1400,Uttarakhand,Other
23/03/2026,Bottle gourd,82,Dehradoon,Medium,Rishikesh APMC,1500,1200,1400,Uttarakhand,Other
22/03/2026,Tomato,78,Dehradoon,Medium,Rishikesh APMC,1500,1000,1250,Uttarakhand,Other
02/03/2026,Tomato,78,Dehradoon,Medium,Rishikesh APMC,1400,1050,1200,Uttarakhand,Other
25/03/2026,Tomato,78,Dehradoon,Medium,Rishikesh APMC,1500,1000,1250,Uttarakhand,Other
29/03/2026,Tomato,78,Dehradoon,Medium,Rishikesh APMC,1400,1000,1250,Uttarakhand,Other
02/03/2026,Mousambi(Sweet Lime),77,Dehradoon,Medium,Rishikesh APMC,3000,2500,2800,Uttarakhand,Other
08/03/2026,Mousambi(Sweet Lime),77,Dehradoon,Medium,Rishikesh APMC,3000,2500,2850,Uttarakhand,Other
07/03/2026,Mousambi(Sweet Lime),77,Dehradoon,Medium,Rishikesh APMC,3000,2500,2800,Uttarakhand,Other
10/03/2026,Mousambi(Sweet Lime),77,Dehradoon,Medium,Rishikesh APMC,3000,2500,2850,Uttarakhand,Other
20/03/2026,Mousambi(Sweet Lime),77,Dehradoon,Small,Rishikesh APMC,3150,2400,2850,Uttarakhand,Other
19/03/2026,Mousambi(Sweet Lime),77,Dehradoon,Medium,Rishikesh APMC,3200,2400,2800,Uttarakhand,Other
23/03/2026,Mousambi(Sweet Lime),77,Dehradoon,Medium,Rishikesh APMC,3200,2400,2850,Uttarakhand,Other
22/03/2026,Mousambi(Sweet Lime),77,Dehradoon,Medium,Rishikesh APMC,3200,2500,2800,Uttarakhand,Other
21/03/2026,Mousambi(Sweet Lime),77,Dehradoon,Medium,Rishikesh APMC,3200,2400,2800,Uttarakhand,Other
26/03/2026,Mousambi(Sweet Lime),77,Dehradoon,Medium,Rishikesh APMC,3000,2400,2850,Uttarakhand,Other
10/03/2026,Banana,19,Dehradoon,Medium,Rishikesh APMC,2200,1400,1600,Uttarakhand,Other
08/03/2026,Banana,19,Dehradoon,Medium,Rishikesh APMC,2100,1300,1600,Uttarakhand,Other
13/03/2026,Banana,19,Dehradoon,Medium,Rishikesh APMC,2000,1400,1500,Uttarakhand,Other
23/03/2026,Banana,19,Dehradoon,Medium,Rishikesh APMC,1800,1400,1600,Uttarakhand,Other
21/03/2026,Banana,19,Dehradoon,Medium,Rishikesh APMC,1800,1400,1600,Uttarakhand,Other
29/03/2026,Banana,19,Dehradoon,Medium,Rishikesh APMC,1800,1400,1500,Uttarakhand,Other
26/03/2026,Banana,19,Dehradoon,Medium,Rishikesh APMC,1800,1400,1600,Uttarakhand,Other
22/03/2026,Grapes,22,Dehradoon,Medium,Rishikesh APMC,5400,3800,4500,Uttarakhand,Other
29/03/2026,Grapes,22,Dehradoon,Medium,Rishikesh APMC,5600,3800,4550,Uttarakhand,Other
07/03/2026,Cauliflower,34,Dehradoon,Medium,Rishikesh APMC,550,350,450,Uttarakhand,Other
06/03/2026,Raddish,161,Dehradoon,Medium,Rishikesh APMC,700,500,650,Uttarakhand,Other
08/03/2026,Raddish,161,Dehradoon,Medium,Rishikesh APMC,600,400,500,Uttarakhand,Other
17/03/2026,Raddish,161,Dehradoon,Medium,Rishikesh APMC,500,300,400,Uttarakhand,Other
10/03/2026,Carrot,153,Dehradoon,Medium,Rishikesh APMC,1500,800,1200,Uttarakhand,Other
13/03/2026,Carrot,153,Dehradoon,Medium,Rishikesh APMC,1500,800,1200,Uttarakhand,Other
18/03/2026,Carrot,153,Dehradoon,Medium,Rishikesh APMC,1500,1000,1200,Uttarakhand,Other
16/03/2026,Carrot,153,Dehradoon,Medium,Rishikesh APMC,1500,800,1200,Uttarakhand,Other
06/03/2026,Carrot,153,Dehradoon,Medium,Rishikesh APMC,1400,800,1050,Uttarakhand,Other
07/03/2026,Carrot,153,Dehradoon,Medium,Rishikesh APMC,1200,800,1000,Uttarakhand,Other
06/03/2026,Field Pea,64,Dehradoon,Medium,Rishikesh APMC,1500,1000,1200,Uttarakhand,Other
10/03/2026,Field Pea,64,Dehradoon,Medium,Rishikesh APMC,1500,1000,1200,Uttarakhand,Other
20/03/2026,Field Pea,64,Dehradoon,Medium,Rishikesh APMC,1450,1100,1300,Uttarakhand,Other
23/03/2026,Field Pea,64,Dehradoon,Medium,Rishikesh APMC,1500,1100,1350,Uttarakhand,Other
30/03/2026,Field Pea,64,Dehradoon,Medium,Rishikesh APMC,1750,1000,1500,Uttarakhand,Other
08/03/2026,Cabbage,154,Dehradoon,Medium,Rishikesh APMC,350,250,300,Uttarakhand,Other
09/03/2026,Cabbage,154,Dehradoon,Medium,Rishikesh APMC,325,250,300,Uttarakhand,Other
13/03/2026,Cabbage,154,Dehradoon,Medium,Rishikesh APMC,400,250,350,Uttarakhand,Other
18/03/2026,Cabbage,154,Dehradoon,Medium,Rishikesh APMC,400,250,300,Uttarakhand,Other
19/03/2026,Cabbage,154,Dehradoon,Medium,Rishikesh APMC,325,200,300,Uttarakhand,Other
23/03/2026,Cabbage,154,Dehradoon,Medium,Rishikesh APMC,375,250,350,Uttarakhand,Other
21/03/2026,Cabbage,154,Dehradoon,Medium,Rishikesh APMC,350,250,300,Uttarakhand,Other
25/03/2026,Cabbage,154,Dehradoon,Medium,Rishikesh APMC,400,250,300,Uttarakhand,Other
05/03/2026,Cauliflower,34,Dehradoon,Medium,Rishikesh APMC,750,400,550,Uttarakhand,Other
11/03/2026,Brinjal,35,Dehradoon,Medium,Rishikesh APMC,1800,1200,1500,Uttarakhand,Other
09/03/2026,Brinjal,35,Dehradoon,Medium,Rishikesh APMC,1800,1200,1500,Uttarakhand,Other
13/03/2026,Brinjal,35,Dehradoon,Medium,Rishikesh APMC,1800,1200,1550,Uttarakhand,Other
12/03/2026,Brinjal,35,Dehradoon,Medium,Rishikesh APMC,1800,1200,1500,Uttarakhand,Other
26/03/2026,Carrot,153,Dehradoon,Medium,Rishikesh APMC,1500,1000,1250,Uttarakhand,Other
27/03/2026,Cucumbar(Kheera),159,Dehradoon,Medium,Rishikesh APMC,1550,1200,1500,Uttarakhand,Other
30/03/2026,Cucumbar(Kheera),159,Dehradoon,Medium,Rishikesh APMC,1600,1200,1550,Uttarakhand,Other
04/04/2026,Ginger(Green),103,Dehradoon,Medium,Rishikesh APMC,6000,4500,5050,Uttarakhand,Other
29/04/2026,Papaya,72,Dehradoon,Medium,Rishikesh APMC,2500,1800,2000,Uttarakhand,Other
01/05/2026,Papaya,72,Dehradoon,Medium,Rishikesh APMC,2500,1800,2000,Uttarakhand,Other
02/05/2026,Papaya,72,Dehradoon,Medium,Rishikesh APMC,2400,1800,2000,Uttarakhand,Other
06/05/2026,Papaya,72,Dehradoon,Medium,Rishikesh APMC,2100,1800,2000,Uttarakhand,Other
14/05/2026,Papaya,72,Dehradoon,Medium,Rishikesh APMC,2100,1800,2000,Uttarakhand,Other
11/04/2026,Water Melon,73,Dehradoon,Medium,Rishikesh APMC,1100,800,950,Uttarakhand,Other
25/04/2026,Water Melon,73,Dehradoon,Medium,Rishikesh APMC,1000,600,750,Uttarakhand,Other
04/05/2026,Water Melon,73,Dehradoon,Medium,Rishikesh APMC,800,500,650,Uttarakhand,Other
06/05/2026,Water Melon,73,Dehradoon,Medium,Rishikesh APMC,800,500,700,Uttarakhand,Other
13/05/2026,Water Melon,73,Dehradoon,Medium,Rishikesh APMC,600,400,500,Uttarakhand,Other
05/04/2026,Ginger(Green),103,Dehradoon,Medium,Rishikesh APMC,6000,4500,5000,Uttarakhand,Other
06/04/2026,Ginger(Green),103,Dehradoon,Medium,Rishikesh APMC,6200,4500,5000,Uttarakhand,Other
05/04/2026,Papaya,72,Dehradoon,Medium,Rishikesh APMC,2200,1800,2050,Uttarakhand,Other
11/04/2026,Papaya,72,Dehradoon,Medium,Rishikesh APMC,2100,1800,2000,Uttarakhand,Other
16/04/2026,Papaya,72,Dehradoon,Medium,Rishikesh APMC,2200,1800,2000,Uttarakhand,Other
29/04/2026,Tomato,78,Dehradoon,Medium,Rishikesh APMC,2100,1200,1600,Uttarakhand,Other
01/05/2026,Tomato,78,Dehradoon,Medium,Rishikesh APMC,1500,1200,1300,Uttarakhand,Other
03/05/2026,Tomato,78,Dehradoon,Medium,Rishikesh APMC,1600,850,1000,Uttarakhand,Other
07/05/2026,Tomato,78,Dehradoon,Medium,Rishikesh APMC,1700,1000,1200,Uttarakhand,Other
13/05/2026,Tomato,78,Dehradoon,Medium,Rishikesh APMC,1400,1000,1250,Uttarakhand,Other
19/05/2026,Tomato,78,Dehradoon,Medium,Rishikesh APMC,1500,1000,1200,Uttarakhand,Other
19/04/2026,Bitter gourd,81,Dehradoon,Medium,Rishikesh APMC,3000,1800,2050,Uttarakhand,Other
25/04/2026,Bitter gourd,81,Dehradoon,Medium,Rishikesh APMC,2500,1800,2200,Uttarakhand,Other
03/05/2026,Bitter gourd,81,Dehradoon,Medium,Rishikesh APMC,1800,1200,1550,Uttarakhand,Other
25/04/2026,Bhindi(Ladies Finger),85,Dehradoon,Medium,Rishikesh APMC,2800,2000,2500,Uttarakhand,Other
01/04/2026,Tomato,78,Dehradoon,Medium,Rishikesh APMC,1400,1000,1250,Uttarakhand,Other
02/05/2026,Bhindi(Ladies Finger),85,Dehradoon,Medium,Rishikesh APMC,2200,1500,1800,Uttarakhand,Other
23/04/2026,Tomato,78,Dehradoon,Medium,Rishikesh APMC,2500,1500,2000,Uttarakhand,Other
17/05/2026,Bhindi(Ladies Finger),85,Dehradoon,Medium,Rishikesh APMC,2000,1200,1600,Uttarakhand,Other
16/04/2026,Tomato,78,Dehradoon,Medium,Rishikesh APMC,2800,1200,1650,Uttarakhand,Other
17/04/2026,Tomato,78,Dehradoon,Medium,Rishikesh APMC,2000,1200,1800,Uttarakhand,Other
20/04/2026,Tomato,78,Dehradoon,Medium,Rishikesh APMC,3000,2000,2500,Uttarakhand,Other
21/04/2026,Bhindi(Ladies Finger),85,Dehradoon,Medium,Rishikesh APMC,3500,2200,2850,Uttarakhand,Other
22/04/2026,Bhindi(Ladies Finger),85,Dehradoon,Medium,Rishikesh APMC,2800,2000,2500,Uttarakhand,Other
02/04/2026,Pumpkin,84,Dehradoon,Medium,Rishikesh APMC,1500,1200,1450,Uttarakhand,Other
08/04/2026,Pumpkin,84,Dehradoon,Medium,Rishikesh APMC,1350,1000,1200,Uttarakhand,Other
11/04/2026,Pumpkin,84,Dehradoon,Medium,Rishikesh APMC,1500,1000,1250,Uttarakhand,Other
21/04/2026,Pumpkin,84,Dehradoon,Medium,Rishikesh APMC,1500,850,1000,Uttarakhand,Other
22/04/2026,Pumpkin,84,Dehradoon,Medium,Rishikesh APMC,1000,800,900,Uttarakhand,Other
24/04/2026,Pumpkin,84,Dehradoon,Medium,Rishikesh APMC,800,500,600,Uttarakhand,Other
13/05/2026,Pumpkin,84,Dehradoon,Medium,Rishikesh APMC,600,400,500,Uttarakhand,Other
17/05/2026,Pumpkin,84,Dehradoon,Medium,Rishikesh APMC,500,350,400,Uttarakhand,Other
19/05/2026,Pumpkin,84,Dehradoon,Medium,Rishikesh APMC,500,300,400,Uttarakhand,Other
01/04/2026,Bottle gourd,82,Dehradoon,Medium,Rishikesh APMC,1500,1000,1200,Uttarakhand,Other
03/04/2026,Bottle gourd,82,Dehradoon,Medium,Rishikesh APMC,1500,1000,1250,Uttarakhand,Other
10/04/2026,Bottle gourd,82,Dehradoon,Medium,Rishikesh APMC,1000,600,850,Uttarakhand,Other
12/04/2026,Bottle gourd,82,Dehradoon,Medium,Rishikesh APMC,850,600,750,Uttarakhand,Other
13/04/2026,Bottle gourd,82,Dehradoon,Medium,Rishikesh APMC,800,600,700,Uttarakhand,Other
07/04/2026,Brinjal,35,Dehradoon,Medium,Rishikesh APMC,1800,1200,1500,Uttarakhand,Other
09/04/2026,Brinjal,35,Dehradoon,Medium,Rishikesh APMC,1800,1200,1500,Uttarakhand,Other
26/04/2026,Cauliflower,34,Dehradoon,Medium,Rishikesh APMC,2500,2000,2250,Uttarakhand,Other
21/04/2026,Cauliflower,34,Dehradoon,Medium,Rishikesh APMC,2600,1800,2200,Uttarakhand,Other
03/05/2026,Cauliflower,34,Dehradoon,Medium,Rishikesh APMC,2000,1500,1850,Uttarakhand,Other
19/04/2026,Brinjal,35,Dehradoon,Medium,Rishikesh APMC,2000,1200,1550,Uttarakhand,Brinjal
02/04/2026,Brinjal,35,Dehradoon,Medium,Rishikesh APMC,1800,1200,1600,Uttarakhand,Other
01/04/2026,Mousambi(Sweet Lime),77,Dehradoon,Medium,Rishikesh APMC,3000,2000,2850,Uttarakhand,Other
03/04/2026,Mousambi(Sweet Lime),77,Dehradoon,Medium,Rishikesh APMC,3000,2000,2850,Uttarakhand,Other
04/04/2026,Mousambi(Sweet Lime),77,Dehradoon,Medium,Rishikesh APMC,3000,2000,2800,Uttarakhand,Other
18/04/2026,Mousambi(Sweet Lime),77,Dehradoon,Medium,Rishikesh APMC,2800,2200,2600,Uttarakhand,Other
20/04/2026,Mousambi(Sweet Lime),77,Dehradoon,Medium,Rishikesh APMC,2800,2200,2500,Uttarakhand,Other
21/04/2026,Mousambi(Sweet Lime),77,Dehradoon,Medium,Rishikesh APMC,2800,2200,2600,Uttarakhand,Other
26/04/2026,Mousambi(Sweet Lime),77,Dehradoon,Medium,Rishikesh APMC,4000,2500,3250,Uttarakhand,Other
06/05/2026,Mousambi(Sweet Lime),77,Dehradoon,Medium,Rishikesh APMC,3800,2800,3100,Uttarakhand,Other
14/05/2026,Mousambi(Sweet Lime),77,Dehradoon,Medium,Rishikesh APMC,6000,3500,5500,Uttarakhand,Other
16/05/2026,Mousambi(Sweet Lime),77,Dehradoon,Medium,Rishikesh APMC,6100,3500,5500,Uttarakhand,Other
19/05/2026,Mousambi(Sweet Lime),77,Dehradoon,Medium,Rishikesh APMC,5500,3500,4700,Uttarakhand,Other
16/05/2026,Green Chilli,87,Dehradoon,Medium,Rishikesh APMC,3000,2000,2200,Uttarakhand,Other
19/05/2026,Green Chilli,87,Dehradoon,Medium,Rishikesh APMC,3600,2000,2500,Uttarakhand,Other
16/05/2026,Tomato,78,Dehradoon,Medium,Rishikesh APMC,1500,1000,1200,Uttarakhand,Other
18/05/2026,Potato,24,Dehradoon,Medium,Rishikesh APMC,680,425,575,Uttarakhand,Other
01/04/2026,Potato,24,Dehradoon,Medium,Rishikesh APMC,610,450,500,Uttarakhand,Other
04/04/2026,Potato,24,Dehradoon,Medium,Rishikesh APMC,600,400,500,Uttarakhand,Other
09/04/2026,Potato,24,Dehradoon,Medium,Rishikesh APMC,600,400,500,Uttarakhand,Other
14/04/2026,Potato,24,Dehradoon,Medium,Rishikesh APMC,600,400,550,Uttarakhand,Other
21/04/2026,Potato,24,Dehradoon,Medium,Rishikesh APMC,600,450,500,Uttarakhand,Other
08/05/2026,Potato,24,Dehradoon,Medium,Rishikesh APMC,640,475,500,Uttarakhand,Other
11/05/2026,Potato,24,Dehradoon,Medium,Rishikesh APMC,650,450,500,Uttarakhand,Other
02/05/2026,Onion,23,Dehradoon,Medium,Rishikesh APMC,1500,1100,1350,Uttarakhand,Other
09/04/2026,Onion,23,Dehradoon,Medium,Rishikesh APMC,1800,1650,1700,Uttarakhand,Other
11/04/2026,Onion,23,Dehradoon,Medium,Rishikesh APMC,1800,1500,1600,Uttarakhand,Other
14/04/2026,Onion,23,Dehradoon,Medium,Rishikesh APMC,1850,1500,1750,Uttarakhand,Other
17/04/2026,Onion,23,Dehradoon,Medium,Rishikesh APMC,1700,1500,1600,Uttarakhand,Other
25/04/2026,Onion,23,Dehradoon,Medium,Rishikesh APMC,1650,1200,1500,Uttarakhand,Other
26/04/2026,Onion,23,Dehradoon,Medium,Rishikesh APMC,1700,1200,1600,Uttarakhand,Other
27/04/2026,Onion,23,Dehradoon,Medium,Rishikesh APMC,1600,1200,1500,Uttarakhand,Other
01/04/2026,Cucumbar(Kheera),159,Dehradoon,Medium,Rishikesh APMC,1600,1200,1500,Uttarakhand,Other
03/04/2026,Cucumbar(Kheera),159,Dehradoon,Medium,Rishikesh APMC,1600,1200,1550,Uttarakhand,Other
09/04/2026,Cucumbar(Kheera),159,Dehradoon,Medium,Rishikesh APMC,650,500,600,Uttarakhand,Other
11/04/2026,Cucumbar(Kheera),159,Dehradoon,Medium,Rishikesh APMC,700,500,600,Uttarakhand,Other
13/04/2026,Cucumbar(Kheera),159,Dehradoon,Medium,Rishikesh APMC,700,500,600,Uttarakhand,Other
16/04/2026,Cucumbar(Kheera),159,Dehradoon,Medium,Rishikesh APMC,1200,600,1050,Uttarakhand,Other
28/04/2026,Cucumbar(Kheera),159,Dehradoon,Medium,Rishikesh APMC,600,450,500,Uttarakhand,Other
02/05/2026,Cucumbar(Kheera),159,Dehradoon,Medium,Rishikesh APMC,700,500,600,Uttarakhand,Other
11/05/2026,Cucumbar(Kheera),159,Dehradoon,Medium,Rishikesh APMC,800,500,600,Uttarakhand,Other
14/05/2026,Cucumbar(Kheera),159,Dehradoon,Medium,Rishikesh APMC,900,600,800,Uttarakhand,Other
01/04/2026,Raddish,161,Dehradoon,Medium,Rishikesh APMC,700,500,600,Uttarakhand,Other
02/04/2026,Raddish,161,Dehradoon,Medium,Rishikesh APMC,750,500,600,Uttarakhand,Other
03/04/2026,Raddish,161,Dehradoon,Medium,Rishikesh APMC,700,500,650,Uttarakhand,Other
05/04/2026,Raddish,161,Dehradoon,Medium,Rishikesh APMC,700,500,650,Uttarakhand,Other
12/04/2026,Raddish,161,Dehradoon,Medium,Rishikesh APMC,1000,600,800,Uttarakhand,Other
14/04/2026,Raddish,161,Dehradoon,Medium,Rishikesh APMC,1000,600,800,Uttarakhand,Other
16/04/2026,Raddish,161,Dehradoon,Medium,Rishikesh APMC,1000,600,850,Uttarakhand,Other
19/04/2026,Raddish,161,Dehradoon,Medium,Rishikesh APMC,1500,1000,1200,Uttarakhand,Other
04/05/2026,Raddish,161,Dehradoon,Medium,Rishikesh APMC,1000,600,800,Uttarakhand,Other
03/05/2026,Raddish,161,Dehradoon,Medium,Rishikesh APMC,1000,600,850,Uttarakhand,Other
10/05/2026,Raddish,161,Dehradoon,Medium,Rishikesh APMC,1000,600,700,Uttarakhand,Other
21/04/2026,Brinjal,35,Dehradoon,Medium,Rishikesh APMC,2000,1200,1450,Uttarakhand,Other
17/05/2026,Cauliflower,34,Dehradoon,Medium,Rishikesh APMC,1500,1000,1200,Uttarakhand,Other
09/05/2026,Brinjal,35,Dehradoon,Medium,Rishikesh APMC,1500,1000,1275,Uttarakhand,Other
09/04/2026,Grapes,22,Dehradoon,Medium,Rishikesh APMC,4300,3000,4050,Uttarakhand,Other
10/04/2026,Grapes,22,Dehradoon,Medium,Rishikesh APMC,4200,3000,4000,Uttarakhand,Other
12/04/2026,Grapes,22,Dehradoon,Medium,Rishikesh APMC,6000,3500,4500,Uttarakhand,Other
17/04/2026,Grapes,22,Dehradoon,Medium,Rishikesh APMC,5800,3400,4800,Uttarakhand,Other
19/04/2026,Grapes,22,Dehradoon,Medium,Rishikesh APMC,5800,3500,4850,Uttarakhand,Other
25/04/2026,Grapes,22,Dehradoon,Medium,Rishikesh APMC,5400,3500,4200,Uttarakhand,Other
27/04/2026,Grapes,22,Dehradoon,Medium,Rishikesh APMC,5000,3600,4200,Uttarakhand,Other
05/05/2026,Grapes,22,Dehradoon,Medium,Rishikesh APMC,5100,3500,4500,Uttarakhand,Other
06/05/2026,Grapes,22,Dehradoon,Medium,Rishikesh APMC,5000,3500,4500,Uttarakhand,Other
08/05/2026,Grapes,22,Dehradoon,Medium,Rishikesh APMC,5000,3500,4500,Uttarakhand,Other
11/04/2026,Karbuja(Musk Melon),187,Dehradoon,Medium,Rishikesh APMC,2500,2200,2300,Uttarakhand,Other
13/04/2026,Karbuja(Musk Melon),187,Dehradoon,Medium,Rishikesh APMC,2800,2400,2550,Uttarakhand,Other
16/04/2026,Karbuja(Musk Melon),187,Dehradoon,Medium,Rishikesh APMC,2500,2200,2400,Uttarakhand,Other
17/04/2026,Karbuja(Musk Melon),187,Dehradoon,Medium,Rishikesh APMC,2500,2200,2450,Uttarakhand,Other
23/04/2026,Karbuja(Musk Melon),187,Dehradoon,Medium,Rishikesh APMC,2000,1500,1800,Uttarakhand,Other
24/04/2026,Karbuja(Musk Melon),187,Dehradoon,Medium,Rishikesh APMC,2200,1500,1800,Uttarakhand,Other
04/05/2026,Karbuja(Musk Melon),187,Dehradoon,Medium,Rishikesh APMC,1500,1200,1400,Uttarakhand,Other
06/05/2026,Karbuja(Musk Melon),187,Dehradoon,Medium,Rishikesh APMC,1700,1200,1400,Uttarakhand,Other
28/04/2026,Green Chilli,87,Dehradoon,Medium,Rishikesh APMC,2100,1800,2000,Uttarakhand,Other
01/05/2026,Green Chilli,87,Dehradoon,Medium,Rishikesh APMC,2500,1800,2000,Uttarakhand,Other
10/05/2026,Green Chilli,87,Dehradoon,Medium,Rishikesh APMC,2500,1800,2000,Uttarakhand,Other
01/04/2026,Green Chilli,87,Dehradoon,Medium,Rishikesh APMC,6200,4800,5000,Uttarakhand,Other
16/04/2026,Green Chilli,87,Dehradoon,Medium,Rishikesh APMC,3200,2000,2500,Uttarakhand,Other
19/05/2026,Mango,20,Dehradoon,Medium,Rishikesh APMC,6000,3500,4600,Uttarakhand,Safeda
03/04/2026,Banana,19,Dehradoon,Medium,Rishikesh APMC,1850,1400,1500,Uttarakhand,Other
04/04/2026,Banana,19,Dehradoon,Medium,Rishikesh APMC,1700,1400,1500,Uttarakhand,Other
08/04/2026,Banana,19,Dehradoon,Medium,Rishikesh APMC,1800,1400,1500,Uttarakhand,Other
13/04/2026,Banana,19,Dehradoon,Medium,Rishikesh APMC,1800,1400,1550,Uttarakhand,Other
19/04/2026,Banana,19,Dehradoon,Medium,Rishikesh APMC,1850,1400,1600,Uttarakhand,Other
21/04/2026,Banana,19,Dehradoon,Medium,Rishikesh APMC,1800,1400,1600,Uttarakhand,Other
12/04/2026,Lime,180,Dehradoon,Medium,Rishikesh APMC,5500,3000,4500,Uttarakhand,Other
13/04/2026,Lime,180,Dehradoon,Medium,Rishikesh APMC,5500,3000,4500,Uttarakhand,Other
16/04/2026,Lime,180,Dehradoon,Medium,Rishikesh APMC,8000,5000,7500,Uttarakhand,Other
21/04/2026,Lime,180,Dehradoon,Medium,Rishikesh APMC,8500,5000,7800,Uttarakhand,Other
18/05/2026,Karbuja(Musk Melon),187,Dehradoon,Medium,Rishikesh APMC,1200,800,1000,Uttarakhand,Other
19/05/2026,Karbuja(Musk Melon),187,Dehradoon,Medium,Rishikesh APMC,1300,800,1000,Uttarakhand,Other
07/04/2026,Apple,17,Dehradoon,Medium,Rishikesh APMC,8000,5000,7600,Uttarakhand,Kasmir/Shimla - II
09/04/2026,Apple,17,Dehradoon,Medium,Rishikesh APMC,8000,5000,7600,Uttarakhand,Kasmir/Shimla - II
16/04/2026,Apple,17,Dehradoon,Medium,Rishikesh APMC,9600,5500,8000,Uttarakhand,Kasmir/Shimla - II
24/04/2026,Apple,17,Dehradoon,Medium,Rishikesh APMC,9600,6500,8500,Uttarakhand,Kasmir/Shimla - II
29/04/2026,Apple,17,Dehradoon,Medium,Rishikesh APMC,11000,7500,8500,Uttarakhand,Kasmir/Shimla - II
07/05/2026,Apple,17,Dehradoon,Medium,Rishikesh APMC,10000,6400,7600,Uttarakhand,Kasmir/Shimla - II
18/05/2026,Apple,17,Dehradoon,Medium,Rishikesh APMC,10500,5500,7500,Uttarakhand,Kasmir/Shimla - II
02/05/2026,Apple,17,Dehradoon,Medium,Rishikesh APMC,11000,8000,9000,Uttarakhand,Other
04/04/2026,Orange,18,Dehradoon,Medium,Rishikesh APMC,4400,3800,4000,Uttarakhand,Other
12/04/2026,Orange,18,Dehradoon,Medium,Rishikesh APMC,5500,3000,4050,Uttarakhand,Other
13/04/2026,Orange,18,Dehradoon,Medium,Rishikesh APMC,5500,3000,4000,Uttarakhand,Other
18/04/2026,Orange,18,Dehradoon,Medium,Rishikesh APMC,6000,3200,4300,Uttarakhand,Other
25/04/2026,Bottle gourd,82,Dehradoon,Medium,Rishikesh APMC,700,500,600,Uttarakhand,Other
02/05/2026,Bottle gourd,82,Dehradoon,Medium,Rishikesh APMC,1000,600,800,Uttarakhand,Other
14/05/2026,Bottle gourd,82,Dehradoon,Medium,Rishikesh APMC,1100,800,1000,Uttarakhand,Other
28/04/2026,Bottle gourd,82,Dehradoon,Medium,Rishikesh APMC,800,500,700,Uttarakhand,Other
13/05/2026,Bottle gourd,82,Dehradoon,Medium,Rishikesh APMC,1200,800,1000,Uttarakhand,Other
03/05/2026,Pomegranate,190,Dehradoon,Medium,Rishikesh APMC,10500,7000,10000,Uttarakhand,Other
05/05/2026,Pomegranate,190,Dehradoon,Medium,Rishikesh APMC,11000,7000,10000,Uttarakhand,Other
17/05/2026,Pomegranate,190,Dehradoon,Medium,Rishikesh APMC,10500,7000,9200,Uttarakhand,Other
19/05/2026,Pomegranate,190,Dehradoon,Medium,Rishikesh APMC,11000,5000,8100,Uttarakhand,Other
01/04/2026,French Beans(Frasbean),298,Dehradoon,Medium,Rishikesh APMC,2800,2000,2500,Uttarakhand,Other
02/04/2026,French Beans(Frasbean),298,Dehradoon,Medium,Rishikesh APMC,2800,2000,2550,Uttarakhand,Other
04/04/2026,French Beans(Frasbean),298,Dehradoon,Medium,Rishikesh APMC,2800,2000,2500,Uttarakhand,Other
09/04/2026,French Beans(Frasbean),298,Dehradoon,Medium,Rishikesh APMC,2500,1500,1800,Uttarakhand,Other
11/04/2026,French Beans(Frasbean),298,Dehradoon,Medium,Rishikesh APMC,2000,1500,1850,Uttarakhand,Other
17/04/2026,French Beans(Frasbean),298,Dehradoon,Medium,Rishikesh APMC,2000,1500,1850,Uttarakhand,Other
19/04/2026,French Beans(Frasbean),298,Dehradoon,Medium,Rishikesh APMC,2500,1500,1800,Uttarakhand,Other
29/04/2026,French Beans(Frasbean),298,Dehradoon,Medium,Rishikesh APMC,2500,1800,2000,Uttarakhand,Other
01/05/2026,French Beans(Frasbean),298,Dehradoon,Medium,Rishikesh APMC,2500,1800,2000,Uttarakhand,Other
05/05/2026,French Beans(Frasbean),298,Dehradoon,Medium,Rishikesh APMC,2000,500,1800,Uttarakhand,Other
07/05/2026,French Beans(Frasbean),298,Dehradoon,Medium,Rishikesh APMC,2100,1500,2000,Uttarakhand,Other
09/05/2026,French Beans(Frasbean),298,Dehradoon,Medium,Rishikesh APMC,2200,1500,1800,Uttarakhand,Other
19/05/2026,French Beans(Frasbean),298,Dehradoon,Medium,Rishikesh APMC,3800,1800,2800,Uttarakhand,Other
07/04/2026,Carrot,153,Dehradoon,Medium,Rishikesh APMC,1600,1200,1550,Uttarakhand,Other
03/04/2026,Pomegranate,190,Dehradoon,Medium,Rishikesh APMC,9500,5000,6800,Uttarakhand,Other
12/04/2026,Pomegranate,190,Dehradoon,Medium,Rishikesh APMC,7000,5000,6500,Uttarakhand,Other
16/04/2026,Pomegranate,190,Dehradoon,Medium,Rishikesh APMC,7000,5200,6500,Uttarakhand,Other
18/04/2026,Pomegranate,190,Dehradoon,Medium,Rishikesh APMC,9500,5200,6550,Uttarakhand,Other
23/04/2026,Pomegranate,190,Dehradoon,Medium,Rishikesh APMC,10000,5500,8200,Uttarakhand,Other
25/04/2026,Pomegranate,190,Dehradoon,Medium,Rishikesh APMC,11000,5800,9200,Uttarakhand,Other
02/04/2026,Cabbage,154,Dehradoon,Medium,Rishikesh APMC,450,350,400,Uttarakhand,Other
20/04/2026,Cabbage,154,Dehradoon,Medium,Rishikesh APMC,500,250,300,Uttarakhand,Other
07/05/2026,Cabbage,154,Dehradoon,Medium,Rishikesh APMC,550,400,450,Uttarakhand,Other
12/05/2026,Cabbage,154,Dehradoon,Medium,Rishikesh APMC,600,400,500,Uttarakhand,Other
17/05/2026,Cabbage,154,Dehradoon,Medium,Rishikesh APMC,600,400,550,Uttarakhand,Other
01/12/2025,Onion,23,Dehradoon,Medium,Rishikesh APMC,1450,1200,1350,Uttarakhand,Other
04/12/2025,Onion,23,Dehradoon,Small,Rishikesh APMC,1425,1200,1300,Uttarakhand,Other
12/12/2025,Onion,23,Dehradoon,Small,Rishikesh APMC,1400,1275,1300,Uttarakhand,Other
18/12/2025,Onion,23,Dehradoon,Medium,Rishikesh APMC,2050,1600,1800,Uttarakhand,Other
10/12/2025,Brinjal,35,Dehradoon,Small,Rishikesh APMC,1500,1050,1300,Uttarakhand,Other
11/12/2025,Brinjal,35,Dehradoon,Medium,Rishikesh APMC,1500,1000,1250,Uttarakhand,Other
12/12/2025,Cauliflower,34,Dehradoon,Medium,Rishikesh APMC,2500,1525,1800,Uttarakhand,Other
04/12/2025,Cauliflower,34,Dehradoon,Small,Rishikesh APMC,2500,1850,2000,Uttarakhand,Other
07/12/2025,Cauliflower,34,Dehradoon,Medium,Rishikesh APMC,2200,1500,2000,Uttarakhand,Other
11/12/2025,Cauliflower,34,Dehradoon,Medium,Rishikesh APMC,2500,1500,1800,Uttarakhand,Other
01/12/2025,Brinjal,35,Dehradoon,Small,Rishikesh APMC,1800,1200,1400,Uttarakhand,Other
04/12/2025,Brinjal,35,Dehradoon,Medium,Rishikesh APMC,1600,1000,1450,Uttarakhand,Other
20/12/2025,Turnip,341,Dehradoon,Medium,Rishikesh APMC,1500,1000,1200,Uttarakhand,Other
21/12/2025,Turnip,341,Dehradoon,Medium,Rishikesh APMC,1300,1000,1150,Uttarakhand,Other
24/12/2025,Turnip,341,Dehradoon,Medium,Rishikesh APMC,1150,1000,1100,Uttarakhand,Other
30/12/2025,Turnip,341,Dehradoon,Medium,Rishikesh APMC,1100,1000,1050,Uttarakhand,Other
11/12/2025,Raddish,161,Dehradoon,Medium,Rishikesh APMC,625,400,500,Uttarakhand,Raddish
03/12/2025,Pumpkin,84,Dehradoon,Small,Rishikesh APMC,1200,900,1000,Uttarakhand,Other
11/12/2025,Pumpkin,84,Dehradoon,Medium,Rishikesh APMC,1200,850,1000,Uttarakhand,Other
03/12/2025,Carrot,153,Dehradoon,Small,Rishikesh APMC,2300,2000,2200,Uttarakhand,Other
24/12/2025,Carrot,153,Dehradoon,Medium,Rishikesh APMC,1250,750,1000,Uttarakhand,Other
27/12/2025,Carrot,153,Dehradoon,Medium,Rishikesh APMC,1000,850,900,Uttarakhand,Other
03/12/2025,Raddish,161,Dehradoon,Local,Rishikesh APMC,800,500,650,Uttarakhand,Other
02/12/2025,Pumpkin,84,Dehradoon,Medium,Rishikesh APMC,1200,900,1050,Uttarakhand,Other
04/12/2025,Pumpkin,84,Dehradoon,Small,Rishikesh APMC,2000,1500,1600,Uttarakhand,Other
02/12/2025,Green Chilli,87,Dehradoon,Medium,Rishikesh APMC,5000,3500,4050,Uttarakhand,Other
17/12/2025,Field Pea,64,Dehradoon,Medium,Rishikesh APMC,3600,3000,3225,Uttarakhand,Other
14/12/2025,Ginger(Green),103,Dehradoon,Local,Rishikesh APMC,5000,3500,4100,Uttarakhand,Other
02/12/2025,Bottle gourd,82,Dehradoon,Medium,Rishikesh APMC,2025,1500,2000,Uttarakhand,Other
06/12/2025,Bottle gourd,82,Dehradoon,Small,Rishikesh APMC,1650,1250,1400,Uttarakhand,Other
08/12/2025,Ginger(Green),103,Dehradoon,Medium,Rishikesh APMC,4800,3500,4000,Uttarakhand,Other
05/12/2025,Bottle gourd,82,Dehradoon,Medium,Rishikesh APMC,2200,1500,1850,Uttarakhand,Other
01/12/2025,Tomato,78,Dehradoon,Small,Rishikesh APMC,3650,2400,3300,Uttarakhand,Other
05/12/2025,Green Chilli,87,Dehradoon,Small,Rishikesh APMC,4500,3500,3700,Uttarakhand,Other
04/12/2025,Green Chilli,87,Dehradoon,Small,Rishikesh APMC,4500,3550,3800,Uttarakhand,Other
09/12/2025,Green Chilli,87,Dehradoon,Medium,Rishikesh APMC,4200,3500,4075,Uttarakhand,Other
18/12/2025,Green Chilli,87,Dehradoon,Medium,Rishikesh APMC,4000,3200,3500,Uttarakhand,Other
24/12/2025,Green Chilli,87,Dehradoon,Medium,Rishikesh APMC,3600,2700,3000,Uttarakhand,Other
27/12/2025,Field Pea,64,Dehradoon,Local,Rishikesh APMC,2200,1700,2000,Uttarakhand,Other
09/12/2025,Orange,18,Dehradoon,Medium,Rishikesh APMC,4000,3200,3575,Uttarakhand,Other
07/12/2025,Orange,18,Dehradoon,Small,Rishikesh APMC,4000,3250,3500,Uttarakhand,Other
10/12/2025,Orange,18,Dehradoon,Medium,Rishikesh APMC,4000,3200,3500,Uttarakhand,Other
24/12/2025,Orange,18,Dehradoon,Medium,Rishikesh APMC,3200,2600,3000,Uttarakhand,Other
30/12/2025,Orange,18,Dehradoon,Medium,Rishikesh APMC,3200,2800,3000,Uttarakhand,Other
06/12/2025,Apple,17,Dehradoon,Grade C,Rishikesh APMC,5900,4000,4800,Uttarakhand,Kasmir/Shimla - II
10/12/2025,Apple,17,Dehradoon,Medium,Rishikesh APMC,6000,4050,4800,Uttarakhand,Kasmir/Shimla - II
18/12/2025,Apple,17,Dehradoon,Grade C,Rishikesh APMC,6000,4000,4650,Uttarakhand,Kasmir/Shimla - II
19/12/2025,Apple,17,Dehradoon,Medium,Rishikesh APMC,6050,4000,4500,Uttarakhand,Kasmir/Shimla - II
21/12/2025,Apple,17,Dehradoon,Grade C,Rishikesh APMC,5600,4000,4200,Uttarakhand,Kasmir/Shimla - II
29/12/2025,Apple,17,Dehradoon,Medium,Rishikesh APMC,5200,3500,4000,Uttarakhand,Kasmir/Shimla - II
02/12/2025,Apple,17,Dehradoon,Medium,Rishikesh APMC,6500,3000,4550,Uttarakhand,Other
29/12/2025,Ginger(Green),103,Dehradoon,Medium,Rishikesh APMC,5000,4000,4200,Uttarakhand,Other
07/12/2025,Mousambi(Sweet Lime),77,Dehradoon,Medium,Rishikesh APMC,2800,2400,2650,Uttarakhand,Other
11/12/2025,Mousambi(Sweet Lime),77,Dehradoon,Medium,Rishikesh APMC,3000,2400,2650,Uttarakhand,Other
21/12/2025,Mousambi(Sweet Lime),77,Dehradoon,Medium,Rishikesh APMC,2800,2200,2500,Uttarakhand,Other
22/12/2025,Mousambi(Sweet Lime),77,Dehradoon,Grade C,Rishikesh APMC,2800,2200,2500,Uttarakhand,Other
06/12/2025,Mousambi(Sweet Lime),77,Dehradoon,Medium,Rishikesh APMC,2800,2400,2600,Uttarakhand,Other
10/12/2025,Mousambi(Sweet Lime),77,Dehradoon,Medium,Rishikesh APMC,3000,2400,2600,Uttarakhand,Other
29/12/2025,Mousambi(Sweet Lime),77,Dehradoon,Medium,Rishikesh APMC,3000,2500,2800,Uttarakhand,Other
02/12/2025,Ginger(Green),103,Dehradoon,Medium,Rishikesh APMC,4850,3600,4000,Uttarakhand,Other
16/12/2025,Ginger(Green),103,Dehradoon,Medium,Rishikesh APMC,5000,4000,4005,Uttarakhand,Other
27/12/2025,Ginger(Green),103,Dehradoon,Medium,Rishikesh APMC,5600,4000,4600,Uttarakhand,Other
24/12/2025,Tomato,78,Dehradoon,Medium,Rishikesh APMC,3300,2000,3200,Uttarakhand,Other
27/12/2025,Tomato,78,Dehradoon,Medium,Rishikesh APMC,3800,2050,3200,Uttarakhand,Other
28/12/2025,Tomato,78,Dehradoon,Small,Rishikesh APMC,3600,2000,3275,Uttarakhand,Other
08/12/2025,Potato,24,Dehradoon,Small,Rishikesh APMC,1100,950,1025,Uttarakhand,Other
10/12/2025,Potato,24,Dehradoon,Small,Rishikesh APMC,1125,950,1000,Uttarakhand,Other
17/12/2025,Potato,24,Dehradoon,Small,Rishikesh APMC,950,850,900,Uttarakhand,Other
03/12/2025,Potato,24,Dehradoon,Small,Rishikesh APMC,1100,900,1000,Uttarakhand,Other
10/12/2025,Potato,24,Dehradoon,Medium,Rishikesh APMC,1100,900,1000,Uttarakhand,Other
16/12/2025,Potato,24,Dehradoon,Small,Rishikesh APMC,900,800,850,Uttarakhand,Other
18/12/2025,Pomegranate,190,Dehradoon,Grade C,Rishikesh APMC,5400,3200,3800,Uttarakhand,Other
22/12/2025,Pomegranate,190,Dehradoon,Medium,Rishikesh APMC,5200,3200,4000,Uttarakhand,Other
27/12/2025,Cabbage,154,Dehradoon,Medium,Rishikesh APMC,600,400,500,Uttarakhand,Other
17/12/2025,Cabbage,154,Dehradoon,Medium,Rishikesh APMC,1000,625,800,Uttarakhand,Other
06/12/2025,Tomato,78,Dehradoon,Small,Rishikesh APMC,2400,1400,2000,Uttarakhand,Other
02/12/2025,Chikoos(Sapota),71,Dehradoon,Medium,Rishikesh APMC,4000,3000,3850,Uttarakhand,Other
29/12/2025,Tomato,78,Dehradoon,Medium,Rishikesh APMC,3600,2000,3200,Uttarakhand,Other
09/12/2025,Tomato,78,Dehradoon,Small,Rishikesh APMC,2400,1200,2000,Uttarakhand,Other
08/12/2025,Banana,19,Dehradoon,Small,Rishikesh APMC,1350,1000,1200,Uttarakhand,Other
16/12/2025,Banana,19,Dehradoon,Medium,Rishikesh APMC,1400,1100,1250,Uttarakhand,Other
07/12/2025,French Beans(Frasbean),298,Dehradoon,Local,Rishikesh APMC,2300,1500,2025,Uttarakhand,Other
10/12/2025,French Beans(Frasbean),298,Dehradoon,Medium,Rishikesh APMC,2300,1500,2050,Uttarakhand,Other
12/12/2025,French Beans(Frasbean),298,Dehradoon,Medium,Rishikesh APMC,2200,1500,2000,Uttarakhand,Other
16/12/2025,French Beans(Frasbean),298,Dehradoon,Small,Rishikesh APMC,2500,2000,2200,Uttarakhand,Other
29/12/2025,French Beans(Frasbean),298,Dehradoon,Medium,Rishikesh APMC,1950,1600,1800,Uttarakhand,Other
19/12/2025,Indian Beans(Seam),299,Dehradoon,Local,Rishikesh APMC,3600,2000,3200,Uttarakhand,Other
24/12/2025,Indian Beans(Seam),299,Dehradoon,Medium,Rishikesh APMC,3200,2000,2800,Uttarakhand,Other
27/12/2025,Indian Beans(Seam),299,Dehradoon,Medium,Rishikesh APMC,1800,1500,1575,Uttarakhand,Other
30/12/2025,Indian Beans(Seam),299,Dehradoon,Local,Rishikesh APMC,1800,1400,1600,Uttarakhand,Other
11/12/2025,Lime,180,Dehradoon,Medium,Rishikesh APMC,4500,3500,3850,Uttarakhand,Other
19/12/2025,Lime,180,Dehradoon,Medium,Rishikesh APMC,3800,3000,3500,Uttarakhand,Other
28/12/2025,Lime,180,Dehradoon,Grade C,Rishikesh APMC,3250,2500,3000,Uttarakhand,Other
08/12/2025,Lime,180,Dehradoon,Medium,Rishikesh APMC,4600,3500,3800,Uttarakhand,Other
12/12/2025,Cucumbar(Kheera),159,Dehradoon,Medium,Rishikesh APMC,1825,1200,1600,Uttarakhand,Other
16/12/2025,Cucumbar(Kheera),159,Dehradoon,Small,Rishikesh APMC,2000,1650,1800,Uttarakhand,Other
29/12/2025,Capsicum,164,Dehradoon,Medium,Rishikesh APMC,2400,1800,2000,Uttarakhand,Other
20/12/2025,Potato,24,Dehradoon,Small,Rishikesh APMC,940,800,860,Uttarakhand,Other
02/12/2025,Cabbage,154,Dehradoon,Medium,Rishikesh APMC,1400,1000,1250,Uttarakhand,Other
06/12/2025,Cabbage,154,Dehradoon,Medium,Rishikesh APMC,1000,800,950,Uttarakhand,Other
01/12/2025,Guava,185,Dehradoon,Medium,Rishikesh APMC,3400,2100,2640,Uttarakhand,Other
02/12/2025,Guava,185,Dehradoon,Medium,Rishikesh APMC,3400,2100,2600,Uttarakhand,Other
08/12/2025,Guava,185,Dehradoon,Medium,Rishikesh APMC,2800,2000,2300,Uttarakhand,Other
10/12/2025,Guava,185,Dehradoon,Medium,Rishikesh APMC,2800,2000,2300,Uttarakhand,Other
17/12/2025,Guava,185,Dehradoon,Local,Rishikesh APMC,2550,2000,2400,Uttarakhand,Other
23/12/2025,Guava,185,Dehradoon,Medium,Rishikesh APMC,3000,2100,2600,Uttarakhand,Other
22/12/2025,Guava,185,Dehradoon,Medium,Rishikesh APMC,2800,2100,2450,Uttarakhand,Other
24/12/2025,Guava,185,Dehradoon,Local,Rishikesh APMC,2800,2000,2200,Uttarakhand,Other
27/12/2025,Guava,185,Dehradoon,Medium,Rishikesh APMC,2600,2050,2200,Uttarakhand,Other
29/12/2025,Guava,185,Dehradoon,Medium,Rishikesh APMC,2500,2000,2200,Uttarakhand,Other
06/12/2025,Guava,185,Dehradoon,Medium,Rishikesh APMC,2800,2000,2250,Uttarakhand,Other
30/12/2025,Pomegranate,190,Dehradoon,Medium,Rishikesh APMC,5100,3000,4050,Uttarakhand,Other
24/12/2025,Banana,19,Dehradoon,Medium,Rishikesh APMC,1225,1100,1200,Uttarakhand,Other
11/12/2025,Banana,19,Dehradoon,Medium,Rishikesh APMC,1300,1000,1200,Uttarakhand,Other
19/12/2025,Banana,19,Dehradoon,Medium,Rishikesh APMC,1300,1100,1200,Uttarakhand,Other
23/12/2025,Banana,19,Dehradoon,Medium,Rishikesh APMC,1250,1100,1200,Uttarakhand,Other
22/12/2025,Banana,19,Dehradoon,Grade C,Rishikesh APMC,1325,1100,1250,Uttarakhand,Other
13/01/2026,Mousambi(Sweet Lime),77,Dehradoon,Medium,Rishikesh APMC,2800,2400,2600,Uttarakhand,Other
21/01/2026,Mousambi(Sweet Lime),77,Dehradoon,Medium,Rishikesh APMC,2850,2400,2600,Uttarakhand,Other
28/01/2026,Mousambi(Sweet Lime),77,Dehradoon,Medium,Rishikesh APMC,2800,2500,2700,Uttarakhand,Other
30/01/2026,Mousambi(Sweet Lime),77,Dehradoon,Medium,Rishikesh APMC,2800,2500,2650,Uttarakhand,Other
04/01/2026,Orange,18,Dehradoon,Small,Rishikesh APMC,3000,2500,2850,Uttarakhand,Other
07/01/2026,Orange,18,Dehradoon,Medium,Rishikesh APMC,3500,2500,3000,Uttarakhand,Other
09/01/2026,Orange,18,Dehradoon,Medium,Rishikesh APMC,3650,2500,3000,Uttarakhand,Other
24/01/2026,Orange,18,Dehradoon,Medium,Rishikesh APMC,3000,2500,2600,Uttarakhand,Other
27/01/2026,Orange,18,Dehradoon,Medium,Rishikesh APMC,3100,2500,2800,Uttarakhand,Other
24/01/2026,Brinjal,35,Dehradoon,Medium,Rishikesh APMC,2000,1400,1600,Uttarakhand,Other
01/01/2026,Field Pea,64,Dehradoon,Grade C,Rishikesh APMC,2100,1800,2000,Uttarakhand,Other
14/01/2026,Field Pea,64,Dehradoon,Medium,Rishikesh APMC,2000,1500,1800,Uttarakhand,Other
17/01/2026,Field Pea,64,Dehradoon,Medium,Rishikesh APMC,2000,1600,1800,Uttarakhand,Other
24/01/2026,Field Pea,64,Dehradoon,Medium,Rishikesh APMC,1800,1200,1400,Uttarakhand,Other
11/01/2026,Apple,17,Dehradoon,Medium,Rishikesh APMC,4200,3400,3800,Uttarakhand,Kasmir/Shimla - II
17/01/2026,Apple,17,Dehradoon,Medium,Rishikesh APMC,5800,3800,4500,Uttarakhand,Kasmir/Shimla - II
28/01/2026,Apple,17,Dehradoon,Grade C,Rishikesh APMC,6400,3500,5000,Uttarakhand,Kasmir/Shimla - II
29/01/2026,Apple,17,Dehradoon,Medium,Rishikesh APMC,6200,350,4600,Uttarakhand,Kasmir/Shimla - II
28/01/2026,Onion,23,Dehradoon,Medium,Rishikesh APMC,2400,1800,2000,Uttarakhand,Nasik
01/01/2026,Potato,24,Dehradoon,Medium,Rishikesh APMC,720,600,650,Uttarakhand,Other
18/01/2026,Potato,24,Dehradoon,Medium,Rishikesh APMC,600,500,550,Uttarakhand,Other
03/01/2026,Brinjal,35,Dehradoon,Medium,Rishikesh APMC,1800,1200,1650,Uttarakhand,Other
04/01/2026,Brinjal,35,Dehradoon,Medium,Rishikesh APMC,1800,1200,1600,Uttarakhand,Other
09/01/2026,Cauliflower,34,Dehradoon,Medium,Rishikesh APMC,600,500,550,Uttarakhand,Other
13/01/2026,Cauliflower,34,Dehradoon,Medium,Rishikesh APMC,800,600,700,Uttarakhand,Other
14/01/2026,Brinjal,35,Dehradoon,Medium,Rishikesh APMC,1800,1500,1600,Uttarakhand,Other
08/01/2026,Apple,17,Dehradoon,Medium,Rishikesh APMC,4200,3400,3800,Uttarakhand,Kasmir/Shimla - II
09/01/2026,Apple,17,Dehradoon,Medium,Rishikesh APMC,4225,3400,3850,Uttarakhand,Kasmir/Shimla - II
13/01/2026,Apple,17,Dehradoon,Medium,Rishikesh APMC,5500,3500,3850,Uttarakhand,Kasmir/Shimla - II
22/01/2026,Apple,17,Dehradoon,Medium,Rishikesh APMC,6500,3800,4850,Uttarakhand,Kasmir/Shimla - II
27/01/2026,Apple,17,Dehradoon,Medium,Rishikesh APMC,6500,3800,5000,Uttarakhand,Kasmir/Shimla - II
05/01/2026,Onion,23,Dehradoon,Medium,Rishikesh APMC,2200,1500,1800,Uttarakhand,Other
23/01/2026,Onion,23,Dehradoon,Medium,Rishikesh APMC,2000,1800,1900,Uttarakhand,Other
27/01/2026,Cauliflower,34,Dehradoon,Medium,Rishikesh APMC,800,500,650,Uttarakhand,Other
27/01/2026,Onion,23,Dehradoon,Medium,Rishikesh APMC,2500,1800,1950,Uttarakhand,Other
19/01/2026,Brinjal,35,Dehradoon,Medium,Rishikesh APMC,1800,1200,1500,Uttarakhand,Other
23/01/2026,Brinjal,35,Dehradoon,Medium,Rishikesh APMC,2000,1400,1600,Uttarakhand,Other
17/01/2026,Cauliflower,34,Dehradoon,Medium,Rishikesh APMC,1050,600,1000,Uttarakhand,Other
20/01/2026,Cauliflower,34,Dehradoon,Medium,Rishikesh APMC,1250,600,1000,Uttarakhand,Other
18/01/2026,Cauliflower,34,Dehradoon,Medium,Rishikesh APMC,1000,600,950,Uttarakhand,Other
10/01/2026,Mousambi(Sweet Lime),77,Dehradoon,Medium,Rishikesh APMC,2600,2200,2550,Uttarakhand,Other
01/01/2026,Capsicum,164,Dehradoon,Medium,Rishikesh APMC,2300,1800,2050,Uttarakhand,Other
07/01/2026,Capsicum,164,Dehradoon,Medium,Rishikesh APMC,2000,1800,1950,Uttarakhand,Other
08/01/2026,Capsicum,164,Dehradoon,Medium,Rishikesh APMC,2500,1800,1900,Uttarakhand,Other
11/01/2026,Capsicum,164,Dehradoon,Medium,Rishikesh APMC,2000,1500,1800,Uttarakhand,Other
14/01/2026,Capsicum,164,Dehradoon,Medium,Rishikesh APMC,2000,1500,1850,Uttarakhand,Other
16/01/2026,Capsicum,164,Dehradoon,Medium,Rishikesh APMC,2000,1500,1800,Uttarakhand,Other
17/01/2026,Capsicum,164,Dehradoon,Medium,Rishikesh APMC,2000,1600,1800,Uttarakhand,Other
20/01/2026,Capsicum,164,Dehradoon,Medium,Rishikesh APMC,2000,1500,1800,Uttarakhand,Other
21/01/2026,Capsicum,164,Dehradoon,Medium,Rishikesh APMC,2500,1800,2000,Uttarakhand,Other
22/01/2026,Capsicum,164,Dehradoon,Medium,Rishikesh APMC,2500,1850,2000,Uttarakhand,Other
16/01/2026,Raddish,161,Dehradoon,Medium,Rishikesh APMC,700,600,650,Uttarakhand,Raddish
23/01/2026,Raddish,161,Dehradoon,Medium,Rishikesh APMC,700,550,600,Uttarakhand,Raddish
05/01/2026,French Beans(Frasbean),298,Dehradoon,Medium,Rishikesh APMC,2000,1500,1800,Uttarakhand,Other
08/01/2026,French Beans(Frasbean),298,Dehradoon,Medium,Rishikesh APMC,2000,1500,1800,Uttarakhand,Other
12/01/2026,French Beans(Frasbean),298,Dehradoon,Medium,Rishikesh APMC,2000,1500,1850,Uttarakhand,Other
17/01/2026,French Beans(Frasbean),298,Dehradoon,Small,Rishikesh APMC,2400,1500,2000,Uttarakhand,Other
20/01/2026,French Beans(Frasbean),298,Dehradoon,Medium,Rishikesh APMC,2500,1500,2000,Uttarakhand,Other
26/01/2026,French Beans(Frasbean),298,Dehradoon,Medium,Rishikesh APMC,3000,1600,2050,Uttarakhand,Other
29/01/2026,French Beans(Frasbean),298,Dehradoon,Medium,Rishikesh APMC,2250,1600,1800,Uttarakhand,Other
04/01/2026,Cabbage,154,Dehradoon,Medium,Rishikesh APMC,575,400,500,Uttarakhand,Other
07/01/2026,Cabbage,154,Dehradoon,Medium,Rishikesh APMC,600,500,525,Uttarakhand,Other
13/01/2026,Cabbage,154,Dehradoon,Medium,Rishikesh APMC,500,400,425,Uttarakhand,Other
11/01/2026,Cabbage,154,Dehradoon,Local,Rishikesh APMC,500,400,450,Uttarakhand,Other
12/01/2026,Cabbage,154,Dehradoon,Medium,Rishikesh APMC,500,400,450,Uttarakhand,Other
14/01/2026,Cabbage,154,Dehradoon,Medium,Rishikesh APMC,500,400,450,Uttarakhand,Other
18/01/2026,Cabbage,154,Dehradoon,Medium,Rishikesh APMC,600,400,550,Uttarakhand,Other
21/01/2026,Cabbage,154,Dehradoon,Medium,Rishikesh APMC,650,400,500,Uttarakhand,Other
24/01/2026,Cabbage,154,Dehradoon,Medium,Rishikesh APMC,700,500,600,Uttarakhand,Other
28/01/2026,Cabbage,154,Dehradoon,Medium,Rishikesh APMC,600,400,500,Uttarakhand,Other
05/01/2026,Banana,19,Dehradoon,Medium,Rishikesh APMC,1300,1000,1200,Uttarakhand,Other
07/01/2026,Banana,19,Dehradoon,Medium,Rishikesh APMC,1300,1000,1250,Uttarakhand,Other
12/01/2026,Tomato,78,Dehradoon,Medium,Rishikesh APMC,2850,2000,2400,Uttarakhand,Other
20/01/2026,Tomato,78,Dehradoon,Medium,Rishikesh APMC,2500,1800,2050,Uttarakhand,Other
19/01/2026,Tomato,78,Dehradoon,Medium,Rishikesh APMC,2500,1800,2000,Uttarakhand,Other
04/01/2026,Turnip,341,Dehradoon,Medium,Rishikesh APMC,1125,1000,1050,Uttarakhand,Other
01/01/2026,Papaya,72,Dehradoon,Medium,Rishikesh APMC,2000,1800,1900,Uttarakhand,Other
04/01/2026,Papaya,72,Dehradoon,Medium,Rishikesh APMC,2000,1800,1950,Uttarakhand,Other
06/01/2026,Papaya,72,Dehradoon,Medium,Rishikesh APMC,2500,1900,2000,Uttarakhand,Other
13/01/2026,Papaya,72,Dehradoon,Medium,Rishikesh APMC,2400,1800,2050,Uttarakhand,Other
16/01/2026,Papaya,72,Dehradoon,Medium,Rishikesh APMC,2200,1800,2000,Uttarakhand,Other
21/01/2026,Papaya,72,Dehradoon,Medium,Rishikesh APMC,2400,1800,2000,Uttarakhand,Other
04/01/2026,Pomegranate,190,Dehradoon,Small,Rishikesh APMC,5400,3000,4050,Uttarakhand,Other
08/01/2026,Pomegranate,190,Dehradoon,Medium,Rishikesh APMC,6000,3000,4000,Uttarakhand,Other
09/01/2026,Pomegranate,190,Dehradoon,Medium,Rishikesh APMC,6000,3000,4050,Uttarakhand,Other
20/01/2026,Pomegranate,190,Dehradoon,Medium,Rishikesh APMC,6500,3000,4500,Uttarakhand,Other
19/01/2026,Pomegranate,190,Dehradoon,Medium,Rishikesh APMC,6500,3000,4550,Uttarakhand,Other
29/01/2026,Pomegranate,190,Dehradoon,Medium,Rishikesh APMC,6500,3000,4500,Uttarakhand,Other
07/01/2026,Ginger(Green),103,Dehradoon,Medium,Rishikesh APMC,5200,3500,4500,Uttarakhand,Other
13/01/2026,Ginger(Green),103,Dehradoon,Medium,Rishikesh APMC,5500,4000,4850,Uttarakhand,Other
16/01/2026,Pumpkin,84,Dehradoon,Medium,Rishikesh APMC,1200,1000,1100,Uttarakhand,Other
04/01/2026,Indian Beans(Seam),299,Dehradoon,Medium,Rishikesh APMC,1700,1400,1500,Uttarakhand,Other
14/01/2026,Indian Beans(Seam),299,Dehradoon,Medium,Rishikesh APMC,1500,1000,1200,Uttarakhand,Other
16/01/2026,Indian Beans(Seam),299,Dehradoon,Medium,Rishikesh APMC,1400,1000,1200,Uttarakhand,Other
22/01/2026,Indian Beans(Seam),299,Dehradoon,Medium,Rishikesh APMC,1600,1200,1500,Uttarakhand,Other
24/01/2026,Indian Beans(Seam),299,Dehradoon,Medium,Rishikesh APMC,1600,1200,1500,Uttarakhand,Other
27/01/2026,Carrot,153,Dehradoon,Medium,Rishikesh APMC,1200,800,1050,Uttarakhand,Other
28/01/2026,Carrot,153,Dehradoon,Medium,Rishikesh APMC,1100,800,900,Uttarakhand,Other
20/01/2026,Carrot,153,Dehradoon,Medium,Rishikesh APMC,1000,700,850,Uttarakhand,Other
18/01/2026,Carrot,153,Dehradoon,Medium,Rishikesh APMC,1000,700,850,Uttarakhand,Other
19/01/2026,Carrot,153,Dehradoon,Medium,Rishikesh APMC,1000,700,800,Uttarakhand,Other
22/01/2026,Carrot,153,Dehradoon,Medium,Rishikesh APMC,1200,850,1000,Uttarakhand,Other
03/01/2026,Carrot,153,Dehradoon,Medium,Rishikesh APMC,1000,850,900,Uttarakhand,Other
12/01/2026,Carrot,153,Dehradoon,Medium,Rishikesh APMC,1050,850,950,Uttarakhand,Other
18/01/2026,Green Chilli,87,Dehradoon,Medium,Rishikesh APMC,5200,3800,4650,Uttarakhand,Other
29/01/2026,Green Chilli,87,Dehradoon,Medium,Rishikesh APMC,6400,4500,5500,Uttarakhand,Other
11/01/2026,Green Chilli,87,Dehradoon,Medium,Rishikesh APMC,5500,3500,4500,Uttarakhand,Other
22/01/2026,Green Chilli,87,Dehradoon,Medium,Rishikesh APMC,6500,4500,5500,Uttarakhand,Other
27/01/2026,Ginger(Green),103,Dehradoon,Medium,Rishikesh APMC,5500,4000,4500,Uttarakhand,Other
28/01/2026,Ginger(Green),103,Dehradoon,Medium,Rishikesh APMC,5400,4000,4500,Uttarakhand,Other
08/01/2026,Banana,19,Dehradoon,Medium,Rishikesh APMC,1350,1000,1200,Uttarakhand,Other
09/01/2026,Banana,19,Dehradoon,Medium,Rishikesh APMC,1300,1000,1250,Uttarakhand,Other
21/01/2026,Banana,19,Dehradoon,Medium,Rishikesh APMC,1650,1200,1500,Uttarakhand,Other
05/01/2026,Raddish,161,Dehradoon,Medium,Rishikesh APMC,600,500,550,Uttarakhand,Raddish
03/01/2026,Guava,185,Dehradoon,Medium,Rishikesh APMC,2600,2000,2450,Uttarakhand,Other
09/01/2026,Guava,185,Dehradoon,Medium,Rishikesh APMC,3500,2000,2550,Uttarakhand,Other
20/01/2026,Guava,185,Dehradoon,Medium,Rishikesh APMC,3000,2200,2550,Uttarakhand,Other
22/01/2026,Guava,185,Dehradoon,Medium,Rishikesh APMC,3200,2200,2600,Uttarakhand,Other
09/01/2026,Lime,180,Dehradoon,Medium,Rishikesh APMC,3500,2500,3050,Uttarakhand,Other
14/01/2026,Lime,180,Dehradoon,Medium,Rishikesh APMC,3600,2600,3050,Uttarakhand,Other
19/01/2026,Lime,180,Dehradoon,Medium,Rishikesh APMC,3000,2000,2650,Uttarakhand,Other
26/01/2026,Lime,180,Dehradoon,Medium,Rishikesh APMC,2800,2000,2650,Uttarakhand,Other
28/01/2026,Lime,180,Dehradoon,Medium,Rishikesh APMC,3000,2000,2500,Uttarakhand,Other
16/02/2026,Cauliflower,34,Dehradoon,Medium,Rishikesh APMC,600,400,500,Uttarakhand,Other
21/02/2026,Cauliflower,34,Dehradoon,Medium,Rishikesh APMC,400,300,350,Uttarakhand,Other
22/02/2026,Cauliflower,34,Dehradoon,Medium,Rishikesh APMC,375,300,350,Uttarakhand,Other
27/02/2026,Cauliflower,34,Dehradoon,Medium,Rishikesh APMC,500,300,450,Uttarakhand,Other
18/02/2026,Potato,24,Dehradoon,Medium,Rishikesh APMC,615,510,560,Uttarakhand,Other
11/02/2026,Banana,19,Dehradoon,Medium,Rishikesh APMC,1500,1300,1400,Uttarakhand,Other
02/02/2026,Cabbage,154,Dehradoon,Medium,Rishikesh APMC,500,400,450,Uttarakhand,Other
06/02/2026,Cabbage,154,Dehradoon,Medium,Rishikesh APMC,500,400,450,Uttarakhand,Other
13/02/2026,Cabbage,154,Dehradoon,Medium,Rishikesh APMC,500,400,450,Uttarakhand,Other
23/02/2026,Cabbage,154,Dehradoon,Medium,Rishikesh APMC,325,225,275,Uttarakhand,Other
23/02/2026,Onion,23,Dehradoon,Medium,Rishikesh APMC,1850,1700,1750,Uttarakhand,Other
06/02/2026,Carrot,153,Dehradoon,Medium,Rishikesh APMC,1200,800,1000,Uttarakhand,Other
04/02/2026,Carrot,153,Dehradoon,Medium,Rishikesh APMC,1150,800,1000,Uttarakhand,Other
11/02/2026,Carrot,153,Dehradoon,Medium,Rishikesh APMC,1100,800,900,Uttarakhand,Other
19/02/2026,Carrot,153,Dehradoon,Medium,Rishikesh APMC,1500,1000,1200,Uttarakhand,Other
22/02/2026,Onion,23,Dehradoon,Medium,Rishikesh APMC,2000,1800,1950,Uttarakhand,Other
10/02/2026,Potato,24,Dehradoon,Medium,Rishikesh APMC,600,400,500,Uttarakhand,Other
02/02/2026,Brinjal,35,Dehradoon,Medium,Rishikesh APMC,1600,1200,1450,Uttarakhand,Other
04/02/2026,Brinjal,35,Dehradoon,Medium,Rishikesh APMC,1600,1200,1400,Uttarakhand,Other
06/02/2026,Brinjal,35,Dehradoon,Medium,Rishikesh APMC,1600,1200,1450,Uttarakhand,Other
07/02/2026,Brinjal,35,Dehradoon,Medium,Rishikesh APMC,1600,1200,1450,Uttarakhand,Other
06/02/2026,Potato,24,Dehradoon,Medium,Rishikesh APMC,600,415,500,Uttarakhand,Other
10/02/2026,Onion,23,Dehradoon,Medium,Rishikesh APMC,1900,1650,1800,Uttarakhand,Other
13/02/2026,Onion,23,Dehradoon,Medium,Rishikesh APMC,1950,1600,1800,Uttarakhand,Other
04/02/2026,Capsicum,164,Dehradoon,Medium,Rishikesh APMC,2500,1800,2050,Uttarakhand,Other
06/02/2026,Capsicum,164,Dehradoon,Medium,Rishikesh APMC,2550,1800,2000,Uttarakhand,Other
05/02/2026,Capsicum,164,Dehradoon,Medium,Rishikesh APMC,2500,1800,2000,Uttarakhand,Other
07/02/2026,Capsicum,164,Dehradoon,Medium,Rishikesh APMC,2500,1800,2000,Uttarakhand,Other
17/02/2026,Capsicum,164,Dehradoon,Medium,Rishikesh APMC,2500,1800,2000,Uttarakhand,Other
02/02/2026,Capsicum,164,Dehradoon,Medium,Rishikesh APMC,2600,1800,2050,Uttarakhand,Other
04/02/2026,Papaya,72,Dehradoon,Medium,Rishikesh APMC,2500,1800,2000,Uttarakhand,Other
16/02/2026,Papaya,72,Dehradoon,Medium,Rishikesh APMC,2600,1800,2050,Uttarakhand,Other
24/02/2026,Papaya,72,Dehradoon,Medium,Rishikesh APMC,2500,1800,2000,Uttarakhand,Other
27/02/2026,Papaya,72,Dehradoon,Medium,Rishikesh APMC,2500,1800,2050,Uttarakhand,Other
05/02/2026,Mousambi(Sweet Lime),77,Dehradoon,Medium,Rishikesh APMC,2850,2500,2600,Uttarakhand,Other
07/02/2026,Mousambi(Sweet Lime),77,Dehradoon,Medium,Rishikesh APMC,2800,2500,2600,Uttarakhand,Other
25/02/2026,Mousambi(Sweet Lime),77,Dehradoon,Medium,Rishikesh APMC,2800,2500,2600,Uttarakhand,Other
22/02/2026,Raddish,161,Dehradoon,Medium,Rishikesh APMC,500,400,475,Uttarakhand,Other
01/02/2026,Raddish,161,Dehradoon,Local,Rishikesh APMC,600,500,550,Uttarakhand,Other
07/02/2026,Raddish,161,Dehradoon,Medium,Rishikesh APMC,610,500,600,Uttarakhand,Other
21/02/2026,Tomato,78,Dehradoon,Medium,Rishikesh APMC,1400,1000,1200,Uttarakhand,Other
03/02/2026,Green Chilli,87,Dehradoon,Medium,Rishikesh APMC,7800,5500,6500,Uttarakhand,Other
11/02/2026,Orange,18,Dehradoon,Medium,Rishikesh APMC,3400,2500,2800,Uttarakhand,Other
21/02/2026,Orange,18,Dehradoon,Medium,Rishikesh APMC,3400,2500,2800,Uttarakhand,Other
03/02/2026,Lime,180,Dehradoon,Medium,Rishikesh APMC,3200,2000,2600,Uttarakhand,Other
10/02/2026,Lime,180,Dehradoon,Medium,Rishikesh APMC,3000,2000,2500,Uttarakhand,Other
17/02/2026,Lime,180,Dehradoon,Medium,Rishikesh APMC,3200,2000,2650,Uttarakhand,Other
18/02/2026,Lime,180,Dehradoon,Medium,Rishikesh APMC,3000,2000,2500,Uttarakhand,Other
22/02/2026,Lime,180,Dehradoon,Medium,Rishikesh APMC,3800,2400,2650,Uttarakhand,Other
25/02/2026,Lime,180,Dehradoon,Medium,Rishikesh APMC,3500,2800,3000,Uttarakhand,Other
01/02/2026,Pomegranate,190,Dehradoon,Medium,Rishikesh APMC,6200,4500,5500,Uttarakhand,Other
12/02/2026,Pomegranate,190,Dehradoon,Medium,Rishikesh APMC,8500,4500,6200,Uttarakhand,Other
17/02/2026,Pomegranate,190,Dehradoon,Medium,Rishikesh APMC,8400,4600,5900,Uttarakhand,Other
25/02/2026,Pomegranate,190,Dehradoon,Medium,Rishikesh APMC,8700,4800,6300,Uttarakhand,Other
05/02/2026,Apple,17,Dehradoon,Medium,Rishikesh APMC,6800,4500,5800,Uttarakhand,Kasmir/Shimla - II
11/02/2026,Apple,17,Dehradoon,Medium,Rishikesh APMC,7200,4500,6000,Uttarakhand,Kasmir/Shimla - II
12/02/2026,Apple,17,Dehradoon,Medium,Rishikesh APMC,7500,4500,6050,Uttarakhand,Kasmir/Shimla - II
21/02/2026,Apple,17,Dehradoon,Medium,Rishikesh APMC,7200,4600,6500,Uttarakhand,Kasmir/Shimla - II
02/02/2026,Guava,185,Dehradoon,Medium,Rishikesh APMC,3250,2200,2800,Uttarakhand,Other
27/02/2026,Pomegranate,190,Dehradoon,Medium,Rishikesh APMC,8800,4800,6500,Uttarakhand,Other
12/02/2026,Guava,185,Dehradoon,Medium,Rishikesh APMC,3300,2200,2800,Uttarakhand,Other
04/02/2026,Onion,23,Dehradoon,Medium,Rishikesh APMC,2000,1800,1900,Uttarakhand,Nasik
08/02/2026,Onion,23,Dehradoon,Medium,Rishikesh APMC,2000,1850,1900,Uttarakhand,Nasik
19/02/2026,French Beans(Frasbean),298,Dehradoon,Medium,Rishikesh APMC,3000,2000,2500,Uttarakhand,Other
21/02/2026,French Beans(Frasbean),298,Dehradoon,Medium,Rishikesh APMC,2800,2000,2600,Uttarakhand,Other
21/02/2026,Green Chilli,87,Dehradoon,Medium,Rishikesh APMC,8000,5500,6200,Uttarakhand,Other
03/02/2026,Pumpkin,84,Dehradoon,Medium,Rishikesh APMC,1250,1000,1100,Uttarakhand,Other
10/02/2026,Pumpkin,84,Dehradoon,Medium,Rishikesh APMC,1500,1000,1200,Uttarakhand,Other
01/02/2026,Ginger(Green),103,Dehradoon,Medium,Rishikesh APMC,5400,4000,4500,Uttarakhand,Other
05/02/2026,Ginger(Green),103,Dehradoon,Medium,Rishikesh APMC,5000,4000,4500,Uttarakhand,Other
01/02/2026,Field Pea,64,Dehradoon,Local,Rishikesh APMC,1650,1200,1400,Uttarakhand,Other
05/02/2026,Field Pea,64,Dehradoon,Medium,Rishikesh APMC,1500,1000,1200,Uttarakhand,Other
07/02/2026,Field Pea,64,Dehradoon,Medium,Rishikesh APMC,1450,1000,1200,Uttarakhand,Other
26/02/2026,Field Pea,64,Dehradoon,Medium,Rishikesh APMC,2000,1200,1800,Uttarakhand,Other
17/02/2026,Ginger(Green),103,Dehradoon,Medium,Rishikesh APMC,5000,4000,4500,Uttarakhand,Other
24/02/2026,Ginger(Green),103,Dehradoon,Medium,Rishikesh APMC,5500,4500,5000,Uttarakhand,Other
23/02/2026,Ginger(Green),103,Dehradoon,Medium,Rishikesh APMC,5400,4500,5000,Uttarakhand,Other
04/02/2026,Mousambi(Sweet Lime),77,Dehradoon,Medium,Rishikesh APMC,2800,2500,2600,Uttarakhand,Other
22/02/2026,Pumpkin,84,Dehradoon,Medium,Rishikesh APMC,1800,1200,1450,Uttarakhand,Other
25/02/2026,Pumpkin,84,Dehradoon,Medium,Rishikesh APMC,1800,1200,1500,Uttarakhand,Other
24/02/2026,Pumpkin,84,Dehradoon,Medium,Rishikesh APMC,1700,1200,1450,Uttarakhand,Other
18/02/2026,Green Chilli,87,Dehradoon,Medium,Rishikesh APMC,7000,5000,6000,Uttarakhand,Other
24/02/2026,Green Chilli,87,Dehradoon,Medium,Rishikesh APMC,7800,5500,6250,Uttarakhand,Other
26/02/2026,Green Chilli,87,Dehradoon,Medium,Rishikesh APMC,7000,5000,5800,Uttarakhand,Other
20/02/2026,Mousambi(Sweet Lime),77,Dehradoon,Medium,Rishikesh APMC,2700,2400,2500,Uttarakhand,Other
10/02/2026,Brinjal,35,Dehradoon,Medium,Rishikesh APMC,1500,1200,1450,Uttarakhand,Other
11/02/2026,Brinjal,35,Dehradoon,Medium,Rishikesh APMC,1500,1000,1200,Uttarakhand,Other
20/02/2026,Brinjal,35,Dehradoon,Medium,Rishikesh APMC,1800,1200,1450,Uttarakhand,Other
10/02/2026,Cauliflower,34,Dehradoon,Medium,Rishikesh APMC,700,500,600,Uttarakhand,Other
14/02/2026,Cauliflower,34,Dehradoon,Medium,Rishikesh APMC,600,500,550,Uttarakhand,Other
12/02/2026,Cauliflower,34,Dehradoon,Medium,Rishikesh APMC,700,500,650,Uttarakhand,Other
03/02/2026,Cauliflower,34,Dehradoon,Medium,Rishikesh APMC,725,500,600,Uttarakhand,Other
06/02/2026,Cauliflower,34,Dehradoon,Medium,Rishikesh APMC,600,500,550,Uttarakhand,Other
12/03/2026,Banana,19,Dehradoon,Medium,Rishikesh APMC,2200,1400,1600,Uttarakhand,Other
27/03/2026,Banana,19,Dehradoon,Medium,Rishikesh APMC,1800,1400,1650,Uttarakhand,Other
06/03/2026,Mousambi(Sweet Lime),77,Dehradoon,Medium,Rishikesh APMC,3000,2500,2850,Uttarakhand,Other
13/03/2026,Mousambi(Sweet Lime),77,Dehradoon,Medium,Rishikesh APMC,3000,2500,2800,Uttarakhand,Other
11/03/2026,Mousambi(Sweet Lime),77,Dehradoon,Medium,Rishikesh APMC,3000,2500,2800,Uttarakhand,Other
02/03/2026,Field Pea,64,Dehradoon,Medium,Rishikesh APMC,1825,1200,1500,Uttarakhand,Other
19/03/2026,Field Pea,64,Dehradoon,Medium,Rishikesh APMC,1500,1000,1250,Uttarakhand,Other
21/03/2026,Field Pea,64,Dehradoon,Medium,Rishikesh APMC,1600,1200,1400,Uttarakhand,Other
25/03/2026,Field Pea,64,Dehradoon,Medium,Rishikesh APMC,1500,1100,1350,Uttarakhand,Other
27/03/2026,Field Pea,64,Dehradoon,Medium,Rishikesh APMC,2000,1000,1500,Uttarakhand,Other
28/03/2026,Field Pea,64,Dehradoon,Medium,Rishikesh APMC,1800,1000,1500,Uttarakhand,Other
27/03/2026,Cabbage,154,Dehradoon,Medium,Rishikesh APMC,400,250,350,Uttarakhand,Other
05/03/2026,Cabbage,154,Dehradoon,Medium,Rishikesh APMC,325,200,250,Uttarakhand,Other
11/03/2026,Cabbage,154,Dehradoon,Medium,Rishikesh APMC,375,250,350,Uttarakhand,Other
14/03/2026,Cabbage,154,Dehradoon,Medium,Rishikesh APMC,350,250,300,Uttarakhand,Other
05/03/2026,Tomato,78,Dehradoon,Medium,Rishikesh APMC,1500,1000,1200,Uttarakhand,Other
03/03/2026,Tomato,78,Dehradoon,Medium,Rishikesh APMC,1500,1200,1400,Uttarakhand,Other
10/03/2026,Tomato,78,Dehradoon,Medium,Rishikesh APMC,1850,1200,1600,Uttarakhand,Other
11/03/2026,Tomato,78,Dehradoon,Medium,Rishikesh APMC,1800,1200,1650,Uttarakhand,Other
08/03/2026,Tomato,78,Dehradoon,Medium,Rishikesh APMC,1600,1200,1450,Uttarakhand,Other
08/03/2026,Bottle gourd,82,Dehradoon,Medium,Rishikesh APMC,1800,1500,1600,Uttarakhand,Other
14/03/2026,Bottle gourd,82,Dehradoon,Medium,Rishikesh APMC,1850,1500,1750,Uttarakhand,Other
22/03/2026,Bottle gourd,82,Dehradoon,Medium,Rishikesh APMC,1500,1200,1450,Uttarakhand,Other
06/03/2026,Brinjal,35,Dehradoon,Medium,Rishikesh APMC,1800,1000,1550,Uttarakhand,Other
08/03/2026,Brinjal,35,Dehradoon,Medium,Rishikesh APMC,1800,1200,1300,Uttarakhand,Other
06/03/2026,Papaya,72,Dehradoon,Medium,Rishikesh APMC,2500,1800,2050,Uttarakhand,Other
05/03/2026,Papaya,72,Dehradoon,Medium,Rishikesh APMC,2500,1800,2000,Uttarakhand,Other
08/03/2026,Papaya,72,Dehradoon,Medium,Rishikesh APMC,2500,1800,2050,Uttarakhand,Other
12/03/2026,Papaya,72,Dehradoon,Medium,Rishikesh APMC,2500,1800,2050,Uttarakhand,Other
27/03/2026,Papaya,72,Dehradoon,Medium,Rishikesh APMC,2600,1800,2000,Uttarakhand,Other
02/03/2026,Green Chilli,87,Dehradoon,Medium,Rishikesh APMC,7000,5200,5800,Uttarakhand,Other
07/03/2026,Green Chilli,87,Dehradoon,Medium,Rishikesh APMC,6000,4800,5000,Uttarakhand,Other
10/03/2026,Green Chilli,87,Dehradoon,Medium,Rishikesh APMC,6000,4800,5600,Uttarakhand,Other
11/03/2026,Green Chilli,87,Dehradoon,Medium,Rishikesh APMC,6000,4800,5650,Uttarakhand,Other
08/03/2026,Green Chilli,87,Dehradoon,Medium,Rishikesh APMC,6100,4800,5050,Uttarakhand,Other
18/03/2026,Green Chilli,87,Dehradoon,Medium,Rishikesh APMC,6000,4800,5500,Uttarakhand,Other
12/03/2026,Ginger(Green),103,Dehradoon,Medium,Rishikesh APMC,5800,4500,5500,Uttarakhand,Other
22/03/2026,Ginger(Green),103,Dehradoon,Medium,Rishikesh APMC,6200,4500,5850,Uttarakhand,Other
23/03/2026,Green Chilli,87,Dehradoon,Medium,Rishikesh APMC,6000,4800,5600,Uttarakhand,Other
25/03/2026,Green Chilli,87,Dehradoon,Medium,Rishikesh APMC,6100,4800,5000,Uttarakhand,Other
27/03/2026,Ginger(Green),103,Dehradoon,Medium,Rishikesh APMC,6300,4500,5800,Uttarakhand,Other
25/03/2026,Ginger(Green),103,Dehradoon,Medium,Rishikesh APMC,6000,4500,5800,Uttarakhand,Other
05/03/2026,Raddish,161,Dehradoon,Medium,Rishikesh APMC,700,500,600,Uttarakhand,Other
23/03/2026,Raddish,161,Dehradoon,Medium,Rishikesh APMC,600,400,550,Uttarakhand,Other
27/03/2026,Raddish,161,Dehradoon,Medium,Rishikesh APMC,800,400,650,Uttarakhand,Other
28/03/2026,Raddish,161,Dehradoon,Medium,Rishikesh APMC,700,400,600,Uttarakhand,Other
06/03/2026,Potato,24,Dehradoon,Medium,Rishikesh APMC,550,400,450,Uttarakhand,Other
14/03/2026,Potato,24,Dehradoon,Medium,Rishikesh APMC,600,450,550,Uttarakhand,Other
17/03/2026,Grapes,22,Dehradoon,Medium,Rishikesh APMC,5200,3800,4550,Uttarakhand,Other
18/03/2026,Grapes,22,Dehradoon,Medium,Rishikesh APMC,5150,3800,4500,Uttarakhand,Other
13/03/2026,French Beans(Frasbean),298,Dehradoon,Medium,Rishikesh APMC,3200,2500,2850,Uttarakhand,Other
11/03/2026,French Beans(Frasbean),298,Dehradoon,Medium,Rishikesh APMC,3200,2500,2850,Uttarakhand,Other
25/03/2026,French Beans(Frasbean),298,Dehradoon,Medium,Rishikesh APMC,3200,2500,2800,Uttarakhand,Other
28/03/2026,French Beans(Frasbean),298,Dehradoon,Medium,Rishikesh APMC,2800,2000,2250,Uttarakhand,Other
30/03/2026,French Beans(Frasbean),298,Dehradoon,Medium,Rishikesh APMC,2600,2000,2200,Uttarakhand,Other
18/03/2026,Orange,18,Dehradoon,Medium,Rishikesh APMC,4500,2800,3600,Uttarakhand,Other
23/03/2026,Orange,18,Dehradoon,Medium,Rishikesh APMC,4500,2800,3850,Uttarakhand,Other
19/03/2026,Onion,23,Dehradoon,Medium,Rishikesh APMC,1800,1500,1600,Uttarakhand,Other
27/03/2026,Onion,23,Dehradoon,Medium,Rishikesh APMC,1700,1500,1600,Uttarakhand,Other
28/03/2026,Onion,23,Dehradoon,Medium,Rishikesh APMC,1700,1500,1550,Uttarakhand,Other
30/03/2026,Onion,23,Dehradoon,Medium,Rishikesh APMC,1700,1500,1650,Uttarakhand,Other
02/03/2026,Lime,180,Dehradoon,Medium,Rishikesh APMC,4200,2800,3200,Uttarakhand,Other
06/03/2026,Lime,180,Dehradoon,Medium,Rishikesh APMC,4200,2800,3200,Uttarakhand,Other
10/03/2026,Lime,180,Dehradoon,Medium,Rishikesh APMC,4500,3000,3200,Uttarakhand,Other
08/03/2026,Lime,180,Dehradoon,Medium,Rishikesh APMC,4500,3000,3200,Uttarakhand,Other
14/03/2026,Lime,180,Dehradoon,Medium,Rishikesh APMC,4000,3200,3500,Uttarakhand,Other
19/03/2026,Lime,180,Dehradoon,Medium,Rishikesh APMC,4850,3000,3600,Uttarakhand,Other
16/03/2026,Lime,180,Dehradoon,Medium,Rishikesh APMC,5400,3200,4200,Uttarakhand,Other
30/03/2026,Lime,180,Dehradoon,Medium,Rishikesh APMC,4800,3000,4500,Uttarakhand,Other
29/03/2026,Lime,180,Dehradoon,Medium,Rishikesh APMC,4800,3000,4500,Uttarakhand,Other
02/03/2026,Pomegranate,190,Dehradoon,Medium,Rishikesh APMC,9200,5000,6800,Uttarakhand,Other
13/03/2026,Pomegranate,190,Dehradoon,Medium,Rishikesh APMC,9250,5000,6500,Uttarakhand,Other
09/03/2026,Pomegranate,190,Dehradoon,Medium,Rishikesh APMC,9500,5000,6500,Uttarakhand,Other
23/03/2026,Pomegranate,190,Dehradoon,Medium,Rishikesh APMC,9300,5000,6600,Uttarakhand,Other
30/03/2026,Pomegranate,190,Dehradoon,Medium,Rishikesh APMC,9500,5000,6800,Uttarakhand,Other
29/03/2026,Potato,24,Dehradoon,Medium,Rishikesh APMC,620,450,500,Uttarakhand,Other
28/03/2026,Potato,24,Dehradoon,Medium,Rishikesh APMC,600,400,550,Uttarakhand,Other
11/03/2026,Onion,23,Dehradoon,Medium,Rishikesh APMC,1900,1750,1800,Uttarakhand,Other
05/03/2026,Onion,23,Dehradoon,Medium,Rishikesh APMC,1900,1700,1800,Uttarakhand,Other
21/03/2026,Brinjal,35,Dehradoon,Medium,Rishikesh APMC,1700,1200,1400,Uttarakhand,Other
25/03/2026,Brinjal,35,Dehradoon,Medium,Rishikesh APMC,1800,1200,1500,Uttarakhand,Other
29/03/2026,Brinjal,35,Dehradoon,Medium,Rishikesh APMC,1800,1200,1500,Uttarakhand,Other
30/03/2026,Brinjal,35,Dehradoon,Medium,Rishikesh APMC,1800,1200,1550,Uttarakhand,Other
02/03/2026,Orange,18,Dehradoon,Medium,Rishikesh APMC,4400,2800,3500,Uttarakhand,Other
01/03/2026,Orange,18,Dehradoon,Medium,Rishikesh APMC,3800,2800,3000,Uttarakhand,Other
17/03/2026,Orange,18,Dehradoon,Medium,Rishikesh APMC,4500,2800,3500,Uttarakhand,Other
17/03/2026,Apple,17,Dehradoon,Medium,Rishikesh APMC,8600,5000,7000,Uttarakhand,Kasmir/Shimla - II
30/03/2026,Apple,17,Dehradoon,Medium,Rishikesh APMC,8800,5200,7750,Uttarakhand,Other
19/03/2026,Cauliflower,34,Dehradoon,Medium,Rishikesh APMC,500,300,400,Uttarakhand,Other
23/03/2026,Cauliflower,34,Dehradoon,Medium,Rishikesh APMC,600,400,500,Uttarakhand,Other
28/03/2026,Cauliflower,34,Dehradoon,Medium,Rishikesh APMC,650,400,500,Uttarakhand,Other
29/03/2026,Cauliflower,34,Dehradoon,Medium,Rishikesh APMC,600,400,500,Uttarakhand,Other
30/03/2026,Cauliflower,34,Dehradoon,Medium,Rishikesh APMC,600,400,550,Uttarakhand,Other
03/03/2026,Grapes,22,Dehradoon,Medium,Rishikesh APMC,8000,4500,6500,Uttarakhand,Other
07/03/2026,Pumpkin,84,Dehradoon,Medium,Rishikesh APMC,1500,1000,1200,Uttarakhand,Other
10/03/2026,Pumpkin,84,Dehradoon,Medium,Rishikesh APMC,1650,1200,1500,Uttarakhand,Other
09/03/2026,Pumpkin,84,Dehradoon,Medium,Rishikesh APMC,1600,1200,1500,Uttarakhand,Other
13/03/2026,Pumpkin,84,Dehradoon,Medium,Rishikesh APMC,1600,1200,1500,Uttarakhand,Other
14/03/2026,Pumpkin,84,Dehradoon,Medium,Rishikesh APMC,1600,1200,1400,Uttarakhand,Other
02/03/2026,Carrot,153,Dehradoon,Medium,Rishikesh APMC,1250,800,1000,Uttarakhand,Other
05/03/2026,Carrot,153,Dehradoon,Medium,Rishikesh APMC,1400,800,1000,Uttarakhand,Other
19/03/2026,Carrot,153,Dehradoon,Medium,Rishikesh APMC,1500,1000,1250,Uttarakhand,Other
11/03/2026,Carrot,153,Dehradoon,Medium,Rishikesh APMC,1500,800,1200,Uttarakhand,Other
18/03/2026,Pumpkin,84,Dehradoon,Medium,Rishikesh APMC,1600,1200,1500,Uttarakhand,Other
19/03/2026,Pumpkin,84,Dehradoon,Medium,Rishikesh APMC,1600,1150,1500,Uttarakhand,Other
17/03/2026,Tomato,78,Dehradoon,Medium,Rishikesh APMC,1300,1000,1100,Uttarakhand,Other
18/03/2026,Tomato,78,Dehradoon,Medium,Rishikesh APMC,1500,1000,1250,Uttarakhand,Other
23/03/2026,Tomato,78,Dehradoon,Medium,Rishikesh APMC,1500,1000,1250,Uttarakhand,Other
27/03/2026,Tomato,78,Dehradoon,Medium,Rishikesh APMC,1500,1000,1200,Uttarakhand,Other
30/03/2026,Tomato,78,Dehradoon,Medium,Rishikesh APMC,1400,1000,1200,Uttarakhand,Other
25/03/2026,Cucumbar(Kheera),159,Dehradoon,Medium,Rishikesh APMC,1500,1200,1450,Uttarakhand,Other
23/03/2026,Cucumbar(Kheera),159,Dehradoon,Medium,Rishikesh APMC,1500,1200,1400,Uttarakhand,Other
06/03/2026,Cauliflower,34,Dehradoon,Medium,Rishikesh APMC,700,400,600,Uttarakhand,Other
03/03/2026,Cauliflower,34,Dehradoon,Medium,Rishikesh APMC,550,400,450,Uttarakhand,Other
10/03/2026,Cauliflower,34,Dehradoon,Medium,Rishikesh APMC,600,300,550,Uttarakhand,Other
08/03/2026,Cauliflower,34,Dehradoon,Medium,Rishikesh APMC,550,300,450,Uttarakhand,Other
17/03/2026,Cauliflower,34,Dehradoon,Medium,Rishikesh APMC,500,300,450,Uttarakhand,Other
12/03/2026,Cauliflower,34,Dehradoon,Medium,Rishikesh APMC,600,300,500,Uttarakhand,Other
12/11/2025,Colacasia,318,Dehradoon,Local,Rishikesh APMC,2000,1200,1500,Uttarakhand,Other
01/11/2025,Colacasia,318,Dehradoon,FAQ,Rishikesh APMC,2200,1800,2000,Uttarakhand,Other
03/11/2025,Colacasia,318,Dehradoon,FAQ,Rishikesh APMC,2800,2000,2400,Uttarakhand,Other
17/11/2025,Colacasia,318,Dehradoon,Small,Rishikesh APMC,2600,1400,1800,Uttarakhand,Other
19/11/2025,Colacasia,318,Dehradoon,Small,Rishikesh APMC,2200,1600,2000,Uttarakhand,Other
29/11/2025,Brinjal,35,Dehradoon,Medium,Rishikesh APMC,1800,1300,1650,Uttarakhand,Other
03/11/2025,Cauliflower,34,Dehradoon,FAQ,Rishikesh APMC,2450,2000,2300,Uttarakhand,Other
07/11/2025,Cauliflower,34,Dehradoon,Small,Rishikesh APMC,2200,1800,2000,Uttarakhand,Other
23/11/2025,Brinjal,35,Dehradoon,Small,Rishikesh APMC,1800,1350,1700,Uttarakhand,Brinjal
14/11/2025,Orange,18,Dehradoon,Medium,Rishikesh APMC,4000,3250,3800,Uttarakhand,Other
19/11/2025,Orange,18,Dehradoon,Medium,Rishikesh APMC,4000,3000,3500,Uttarakhand,Other
24/11/2025,Orange,18,Dehradoon,Small,Rishikesh APMC,3800,3200,3450,Uttarakhand,Other
04/11/2025,Cauliflower,34,Dehradoon,FAQ,Rishikesh APMC,2400,2000,2250,Uttarakhand,Other
05/11/2025,Cauliflower,34,Dehradoon,FAQ,Rishikesh APMC,2400,2000,2200,Uttarakhand,Other
09/11/2025,Cauliflower,34,Dehradoon,Medium,Rishikesh APMC,1600,1250,1400,Uttarakhand,Other
16/11/2025,Cauliflower,34,Dehradoon,Medium,Rishikesh APMC,1600,1200,1350,Uttarakhand,Other
05/11/2025,Banana,19,Dehradoon,Small,Rishikesh APMC,1500,1100,1300,Uttarakhand,Other
18/11/2025,Brinjal,35,Dehradoon,Medium,Rishikesh APMC,1800,1450,1600,Uttarakhand,Other
20/11/2025,Brinjal,35,Dehradoon,Small,Rishikesh APMC,1800,1300,1700,Uttarakhand,Other
18/11/2025,Banana,19,Dehradoon,Small,Rishikesh APMC,1300,1000,1250,Uttarakhand,Other
21/11/2025,Banana,19,Dehradoon,Small,Rishikesh APMC,1300,1000,1250,Uttarakhand,Other
27/11/2025,Banana,19,Dehradoon,Small,Rishikesh APMC,1300,1000,1200,Uttarakhand,Other
01/11/2025,Potato,24,Dehradoon,FAQ,Rishikesh APMC,1700,1200,1400,Uttarakhand,Other
09/11/2025,Potato,24,Dehradoon,FAQ,Rishikesh APMC,1800,1450,1625,Uttarakhand,Other
12/11/2025,Tomato,78,Dehradoon,FAQ,Rishikesh APMC,2500,1450,1925,Uttarakhand,Other
07/11/2025,Apple,17,Dehradoon,Small,Rishikesh APMC,6000,2500,4150,Uttarakhand,Other
08/11/2025,Apple,17,Dehradoon,Small,Rishikesh APMC,5800,2480,4210,Uttarakhand,Other
12/11/2025,Apple,17,Dehradoon,Small,Rishikesh APMC,5500,2500,4200,Uttarakhand,Other
04/11/2025,Apple,17,Dehradoon,Small,Rishikesh APMC,6000,2500,4000,Uttarakhand,Other
06/11/2025,Apple,17,Dehradoon,Small,Rishikesh APMC,6000,2500,4000,Uttarakhand,Other
09/11/2025,Apple,17,Dehradoon,Medium,Rishikesh APMC,5800,2400,4250,Uttarakhand,Other
16/11/2025,Apple,17,Dehradoon,Small,Rishikesh APMC,5600,2600,4500,Uttarakhand,Other
19/11/2025,Apple,17,Dehradoon,Medium,Rishikesh APMC,6000,2600,4500,Uttarakhand,Other
21/11/2025,Apple,17,Dehradoon,Medium,Rishikesh APMC,6800,2600,4600,Uttarakhand,Other
22/11/2025,Apple,17,Dehradoon,Small,Rishikesh APMC,6800,2600,4650,Uttarakhand,Other
24/11/2025,Apple,17,Dehradoon,Medium,Rishikesh APMC,6825,2600,4750,Uttarakhand,Other
20/11/2025,Tomato,78,Dehradoon,FAQ,Rishikesh APMC,3600,2200,3200,Uttarakhand,Other
25/11/2025,Tomato,78,Dehradoon,Medium,Rishikesh APMC,4400,2700,3500,Uttarakhand,Other
10/11/2025,Bottle gourd,82,Dehradoon,Medium,Rishikesh APMC,1800,1500,1625,Uttarakhand,Other
11/11/2025,Apple,17,Dehradoon,Small,Rishikesh APMC,5800,2400,4050,Uttarakhand,Other
18/11/2025,Tomato,78,Dehradoon,FAQ,Rishikesh APMC,3500,2200,3050,Uttarakhand,Other
11/11/2025,Cabbage,154,Dehradoon,Small,Rishikesh APMC,1700,1400,1500,Uttarakhand,Other
26/11/2025,Cabbage,154,Dehradoon,Medium,Rishikesh APMC,1600,1200,1520,Uttarakhand,Other
25/11/2025,Cabbage,154,Dehradoon,Medium,Rishikesh APMC,1800,1200,1500,Uttarakhand,Other
20/11/2025,Cabbage,154,Dehradoon,Medium,Rishikesh APMC,1800,1200,1550,Uttarakhand,Other
18/11/2025,Cabbage,154,Dehradoon,FAQ,Rishikesh APMC,1500,1200,1300,Uttarakhand,Other
24/11/2025,Cabbage,154,Dehradoon,Medium,Rishikesh APMC,1625,1200,1350,Uttarakhand,Other
03/11/2025,Green Chilli,87,Dehradoon,FAQ,Rishikesh APMC,3800,3000,3600,Uttarakhand,Green Chilly
07/11/2025,Mousambi(Sweet Lime),77,Dehradoon,Small,Rishikesh APMC,2700,2400,2600,Uttarakhand,Other
11/11/2025,Mousambi(Sweet Lime),77,Dehradoon,Medium,Rishikesh APMC,2600,2400,2550,Uttarakhand,Other
28/11/2025,Chikoos(Sapota),71,Dehradoon,Medium,Rishikesh APMC,3800,3000,3550,Uttarakhand,Other
29/11/2025,Chikoos(Sapota),71,Dehradoon,Medium,Rishikesh APMC,3800,3000,3600,Uttarakhand,Other
28/11/2025,Papaya,72,Dehradoon,Medium,Rishikesh APMC,2500,2000,2100,Uttarakhand,Other
29/11/2025,Papaya,72,Dehradoon,Medium,Rishikesh APMC,2500,2000,2175,Uttarakhand,Other
18/11/2025,Chikoos(Sapota),71,Dehradoon,Small,Rishikesh APMC,4000,3000,3500,Uttarakhand,Other
16/11/2025,Chikoos(Sapota),71,Dehradoon,Small,Rishikesh APMC,4000,3000,3550,Uttarakhand,Other
25/11/2025,Chikoos(Sapota),71,Dehradoon,Small,Rishikesh APMC,3800,3000,3550,Uttarakhand,Other
12/11/2025,Mousambi(Sweet Lime),77,Dehradoon,Small,Rishikesh APMC,2650,2400,2500,Uttarakhand,Other
03/11/2025,Mousambi(Sweet Lime),77,Dehradoon,Small,Rishikesh APMC,3000,2400,2600,Uttarakhand,Other
14/11/2025,Bottle gourd,82,Dehradoon,Small,Rishikesh APMC,2100,1500,1600,Uttarakhand,Other
22/11/2025,Bottle gourd,82,Dehradoon,Small,Rishikesh APMC,2800,1800,2500,Uttarakhand,Other
04/11/2025,Bottle gourd,82,Dehradoon,FAQ,Rishikesh APMC,2000,1650,1800,Uttarakhand,Bottle Gourd
03/11/2025,Bottle gourd,82,Dehradoon,FAQ,Rishikesh APMC,2000,1600,1800,Uttarakhand,Bottle Gourd
26/11/2025,Bhindi(Ladies Finger),85,Dehradoon,Medium,Rishikesh APMC,4500,3200,3800,Uttarakhand,Other
12/11/2025,Carrot,153,Dehradoon,Small,Rishikesh APMC,2400,1800,2000,Uttarakhand,Other
01/11/2025,Green Chilli,87,Dehradoon,FAQ,Rishikesh APMC,5000,3500,4000,Uttarakhand,Green Chilly
27/11/2025,Carrot,153,Dehradoon,Medium,Rishikesh APMC,2400,1800,2250,Uttarakhand,Other
10/11/2025,Ginger(Green),103,Dehradoon,Local,Rishikesh APMC,5800,4000,5525,Uttarakhand,Other
11/11/2025,Ginger(Green),103,Dehradoon,FAQ,Rishikesh APMC,4875,3000,3500,Uttarakhand,Other
13/11/2025,Ginger(Green),103,Dehradoon,Local,Rishikesh APMC,6000,3200,4050,Uttarakhand,Other
08/11/2025,Papaya,72,Dehradoon,Small,Rishikesh APMC,2000,1625,1800,Uttarakhand,Other
12/11/2025,Papaya,72,Dehradoon,Small,Rishikesh APMC,2250,1600,1800,Uttarakhand,Other
24/11/2025,Papaya,72,Dehradoon,Small,Rishikesh APMC,2400,2000,2150,Uttarakhand,Other
26/11/2025,Papaya,72,Dehradoon,Small,Rishikesh APMC,2500,2000,2100,Uttarakhand,Other
19/11/2025,Papaya,72,Dehradoon,Small,Rishikesh APMC,2100,1600,1800,Uttarakhand,Other
14/11/2025,Chikoos(Sapota),71,Dehradoon,Small,Rishikesh APMC,4000,3000,3500,Uttarakhand,Other
27/11/2025,Cabbage,154,Dehradoon,Medium,Rishikesh APMC,1800,1200,1550,Uttarakhand,Other
18/11/2025,Carrot,153,Dehradoon,Small,Rishikesh APMC,2600,1800,2125,Uttarakhand,Other
21/11/2025,Carrot,153,Dehradoon,Local,Rishikesh APMC,2400,1800,2100,Uttarakhand,Other
22/11/2025,Carrot,153,Dehradoon,Small,Rishikesh APMC,2200,1850,2100,Uttarakhand,Other
20/11/2025,Carrot,153,Dehradoon,Medium,Rishikesh APMC,2400,1800,2150,Uttarakhand,Other
16/11/2025,Green Chilli,87,Dehradoon,Medium,Rishikesh APMC,3000,2000,2400,Uttarakhand,Other
19/11/2025,Green Chilli,87,Dehradoon,Small,Rishikesh APMC,3000,2000,2800,Uttarakhand,Other
12/11/2025,Bhindi(Ladies Finger),85,Dehradoon,Medium,Rishikesh APMC,4000,2800,3500,Uttarakhand,Other
04/11/2025,Bhindi(Ladies Finger),85,Dehradoon,FAQ,Rishikesh APMC,2600,1850,2000,Uttarakhand,Other
10/11/2025,Pumpkin,84,Dehradoon,Local,Rishikesh APMC,1050,800,950,Uttarakhand,Other
11/11/2025,Pumpkin,84,Dehradoon,Small,Rishikesh APMC,1000,800,900,Uttarakhand,Other
02/11/2025,Pumpkin,84,Dehradoon,FAQ,Rishikesh APMC,1050,800,950,Uttarakhand,Other
28/11/2025,Green Chilli,87,Dehradoon,Medium,Rishikesh APMC,4000,2800,3450,Uttarakhand,Other
18/11/2025,Pumpkin,84,Dehradoon,Small,Rishikesh APMC,1000,800,900,Uttarakhand,Other
22/11/2025,Pumpkin,84,Dehradoon,Small,Rishikesh APMC,1000,800,900,Uttarakhand,Other
29/11/2025,Pumpkin,84,Dehradoon,Medium,Rishikesh APMC,1000,800,900,Uttarakhand,Other
18/11/2025,Bhindi(Ladies Finger),85,Dehradoon,Medium,Rishikesh APMC,4000,2200,3450,Uttarakhand,Other
06/11/2025,Pumpkin,84,Dehradoon,FAQ,Rishikesh APMC,1200,800,1000,Uttarakhand,Other
14/11/2025,Pumpkin,84,Dehradoon,Local,Rishikesh APMC,1000,800,950,Uttarakhand,Other
17/11/2025,Mousambi(Sweet Lime),77,Dehradoon,Small,Rishikesh APMC,2800,2400,2550,Uttarakhand,Other
05/11/2025,Ginger(Green),103,Dehradoon,FAQ,Rishikesh APMC,7000,4000,6250,Uttarakhand,Other
19/11/2025,Ginger(Green),103,Dehradoon,Small,Rishikesh APMC,4000,3000,3500,Uttarakhand,Other
26/11/2025,Ginger(Green),103,Dehradoon,Medium,Rishikesh APMC,4000,3200,3800,Uttarakhand,Other
27/11/2025,Ginger(Green),103,Dehradoon,Small,Rishikesh APMC,4000,2650,3800,Uttarakhand,Other
13/11/2025,Pomegranate,190,Dehradoon,Small,Rishikesh APMC,8550,6500,8000,Uttarakhand,Other
04/11/2025,Pomegranate,190,Dehradoon,Small,Rishikesh APMC,8500,4500,5850,Uttarakhand,Other
10/11/2025,Pomegranate,190,Dehradoon,Small,Rishikesh APMC,9050,6500,8600,Uttarakhand,Other
16/11/2025,Pomegranate,190,Dehradoon,Small,Rishikesh APMC,12000,6500,8500,Uttarakhand,Other
27/11/2025,Raddish,161,Dehradoon,Medium,Rishikesh APMC,850,750,800,Uttarakhand,Raddish
23/11/2025,Cucumbar(Kheera),159,Dehradoon,Medium,Rishikesh APMC,2000,1200,1500,Uttarakhand,Other
01/11/2025,Cucumbar(Kheera),159,Dehradoon,FAQ,Rishikesh APMC,2000,1500,1800,Uttarakhand,Other
05/11/2025,Guava,185,Dehradoon,Small,Rishikesh APMC,3500,2000,2450,Uttarakhand,Other
06/11/2025,Guava,185,Dehradoon,Small,Rishikesh APMC,3500,2000,2400,Uttarakhand,Other
24/11/2025,Guava,185,Dehradoon,Small,Rishikesh APMC,3250,2200,2600,Uttarakhand,Other
28/11/2025,Guava,185,Dehradoon,Medium,Rishikesh APMC,3500,2200,2750,Uttarakhand,Other
14/11/2025,Raddish,161,Dehradoon,Local,Rishikesh APMC,1000,750,900,Uttarakhand,Other
21/11/2025,Raddish,161,Dehradoon,Medium,Rishikesh APMC,900,700,800,Uttarakhand,Other
03/11/2025,Raddish,161,Dehradoon,FAQ,Rishikesh APMC,1150,800,1000,Uttarakhand,Raddish
24/11/2025,Lime,180,Dehradoon,Local,Rishikesh APMC,4100,3500,3800,Uttarakhand,Other
20/11/2025,Raddish,161,Dehradoon,Medium,Rishikesh APMC,900,750,850,Uttarakhand,Other
17/11/2025,Raddish,161,Dehradoon,Medium,Rishikesh APMC,950,700,800,Uttarakhand,Raddish
26/11/2025,Onion,23,Dehradoon,Small,Rishikesh APMC,1550,1200,1400,Uttarakhand,Other
05/11/2025,Potato,24,Dehradoon,FAQ,Rishikesh APMC,1800,1400,1600,Uttarakhand,Other
17/11/2025,Potato,24,Dehradoon,FAQ,Rishikesh APMC,1600,1200,1500,Uttarakhand,Other
28/11/2025,Potato,24,Dehradoon,Small,Rishikesh APMC,1420,1100,1300,Uttarakhand,Other
21/12/2025,Cauliflower,34,Dehradoon,Medium,Rishikesh APMC,700,500,650,Uttarakhand,Other
23/12/2025,Cauliflower,34,Dehradoon,Medium,Rishikesh APMC,700,500,600,Uttarakhand,Other
01/01/2026,Brinjal,35,Dehradoon,Medium,Rishikesh APMC,3800,2100,3250,Uttarakhand,Other
25/04/2026,Karbuja(Musk Melon),187,Dehradoon,Medium,Rishikesh APMC,1800,1200,1400,Uttarakhand,Other
18/04/2026,Karbuja(Musk Melon),187,Dehradoon,Medium,Rishikesh APMC,2600,2200,2400,Uttarakhand,Other
27/04/2026,Karbuja(Musk Melon),187,Dehradoon,Medium,Rishikesh APMC,1700,1200,1400,Uttarakhand,Other
29/04/2026,Karbuja(Musk Melon),187,Dehradoon,Medium,Rishikesh APMC,2000,1500,1800,Uttarakhand,Other
02/05/2026,Karbuja(Musk Melon),187,Dehradoon,Medium,Rishikesh APMC,2200,1500,1800,Uttarakhand,Other
05/05/2026,Karbuja(Musk Melon),187,Dehradoon,Medium,Rishikesh APMC,1600,1200,1400,Uttarakhand,Other
08/04/2026,Apple,17,Dehradoon,Medium,Rishikesh APMC,8000,5000,7650,Uttarakhand,Kasmir/Shimla - II
11/04/2026,Apple,17,Dehradoon,Medium,Rishikesh APMC,7900,5000,7400,Uttarakhand,Kasmir/Shimla - II
18/04/2026,Apple,17,Dehradoon,Medium,Rishikesh APMC,9500,5500,8000,Uttarakhand,Kasmir/Shimla - II
19/04/2026,Apple,17,Dehradoon,Medium,Rishikesh APMC,9500,5500,8200,Uttarakhand,Kasmir/Shimla - II
21/04/2026,Apple,17,Dehradoon,Medium,Rishikesh APMC,9500,5500,8200,Uttarakhand,Kasmir/Shimla - II
23/04/2026,Apple,17,Dehradoon,Medium,Rishikesh APMC,9500,6500,8400,Uttarakhand,Kasmir/Shimla - II
01/05/2026,Apple,17,Dehradoon,Medium,Rishikesh APMC,11000,7500,8600,Uttarakhand,Kasmir/Shimla - II
09/05/2026,Apple,17,Dehradoon,Medium,Rishikesh APMC,10000,6500,7800,Uttarakhand,Kasmir/Shimla - II
17/05/2026,Apple,17,Dehradoon,Medium,Rishikesh APMC,11000,6500,8000,Uttarakhand,Kasmir/Shimla - II
02/04/2026,Apple,17,Dehradoon,Medium,Rishikesh APMC,8700,5200,7800,Uttarakhand,Other
27/04/2026,Bhindi(Ladies Finger),85,Dehradoon,Medium,Rishikesh APMC,2500,1800,2000,Uttarakhand,Other
28/04/2026,Bhindi(Ladies Finger),85,Dehradoon,Medium,Rishikesh APMC,2500,1800,2050,Uttarakhand,Other
08/04/2026,Tomato,78,Dehradoon,Medium,Rishikesh APMC,1500,1000,1250,Uttarakhand,Other
25/04/2026,Green Chilli,87,Dehradoon,Medium,Rishikesh APMC,2200,2000,2100,Uttarakhand,Other
05/05/2026,Green Chilli,87,Dehradoon,Medium,Rishikesh APMC,2200,1800,2000,Uttarakhand,Other
06/05/2026,Green Chilli,87,Dehradoon,Medium,Rishikesh APMC,2500,1800,2000,Uttarakhand,Other
08/05/2026,Green Chilli,87,Dehradoon,Medium,Rishikesh APMC,2500,1800,2000,Uttarakhand,Other
07/04/2026,Mousambi(Sweet Lime),77,Dehradoon,Medium,Rishikesh APMC,2800,2000,2550,Uttarakhand,Other
13/04/2026,Mousambi(Sweet Lime),77,Dehradoon,Medium,Rishikesh APMC,2800,2000,2500,Uttarakhand,Other
25/04/2026,Mousambi(Sweet Lime),77,Dehradoon,Medium,Rishikesh APMC,4000,2500,3200,Uttarakhand,Other
29/04/2026,Mousambi(Sweet Lime),77,Dehradoon,Medium,Rishikesh APMC,4200,2800,3000,Uttarakhand,Other
08/05/2026,Mousambi(Sweet Lime),77,Dehradoon,Medium,Rishikesh APMC,3800,2800,3000,Uttarakhand,Other
13/05/2026,Mousambi(Sweet Lime),77,Dehradoon,Medium,Rishikesh APMC,6000,3500,5000,Uttarakhand,Other
18/05/2026,Mousambi(Sweet Lime),77,Dehradoon,Medium,Rishikesh APMC,5500,3500,4600,Uttarakhand,Other
17/05/2026,Green Chilli,87,Dehradoon,Medium,Rishikesh APMC,2800,2000,2200,Uttarakhand,Other
04/04/2026,Pumpkin,84,Dehradoon,Medium,Rishikesh APMC,1500,1200,1400,Uttarakhand,Other
05/04/2026,Pumpkin,84,Dehradoon,Medium,Rishikesh APMC,1300,1000,1250,Uttarakhand,Other
14/04/2026,Pumpkin,84,Dehradoon,Medium,Rishikesh APMC,1200,800,1050,Uttarakhand,Other
29/04/2026,Water Melon,73,Dehradoon,Medium,Rishikesh APMC,1000,650,850,Uttarakhand,Other
02/05/2026,Water Melon,73,Dehradoon,Medium,Rishikesh APMC,1000,600,850,Uttarakhand,Other
05/05/2026,Water Melon,73,Dehradoon,Medium,Rishikesh APMC,800,500,600,Uttarakhand,Other
07/05/2026,Water Melon,73,Dehradoon,Medium,Rishikesh APMC,700,500,600,Uttarakhand,Other
09/05/2026,Water Melon,73,Dehradoon,Medium,Rishikesh APMC,700,500,600,Uttarakhand,Other
11/05/2026,Water Melon,73,Dehradoon,Medium,Rishikesh APMC,800,500,600,Uttarakhand,Other
16/05/2026,Water Melon,73,Dehradoon,Medium,Rishikesh APMC,600,400,500,Uttarakhand,Other
19/05/2026,Water Melon,73,Dehradoon,Medium,Rishikesh APMC,600,300,450,Uttarakhand,Other
13/05/2026,Bhindi(Ladies Finger),85,Dehradoon,Medium,Rishikesh APMC,2500,1500,2000,Uttarakhand,Other
14/05/2026,Bhindi(Ladies Finger),85,Dehradoon,Medium,Rishikesh APMC,2000,1200,1500,Uttarakhand,Other
18/05/2026,Bhindi(Ladies Finger),85,Dehradoon,Medium,Rishikesh APMC,2000,1200,1500,Uttarakhand,Other
19/04/2026,Tomato,78,Dehradoon,Medium,Rishikesh APMC,2500,1500,2000,Uttarakhand,Other
03/05/2026,Bhindi(Ladies Finger),85,Dehradoon,Medium,Rishikesh APMC,2200,1500,1800,Uttarakhand,Other
11/05/2026,Bhindi(Ladies Finger),85,Dehradoon,Medium,Rishikesh APMC,2500,1500,1800,Uttarakhand,Other
01/05/2026,Bhindi(Ladies Finger),85,Dehradoon,Medium,Rishikesh APMC,2000,1500,1850,Uttarakhand,Other
08/05/2026,Tomato,78,Dehradoon,Medium,Rishikesh APMC,1500,1000,1250,Uttarakhand,Other
14/05/2026,Tomato,78,Dehradoon,Medium,Rishikesh APMC,1400,1000,1200,Uttarakhand,Other
18/05/2026,Tomato,78,Dehradoon,Medium,Rishikesh APMC,1450,1000,1200,Uttarakhand,Other
18/04/2026,Bitter gourd,81,Dehradoon,Medium,Rishikesh APMC,2500,1800,2000,Uttarakhand,Other
28/04/2026,Bitter gourd,81,Dehradoon,Medium,Rishikesh APMC,2100,1200,1800,Uttarakhand,Other
07/05/2026,Bitter gourd,81,Dehradoon,Medium,Rishikesh APMC,1500,1200,1450,Uttarakhand,Other
04/04/2026,Bottle gourd,82,Dehradoon,Medium,Rishikesh APMC,1200,800,1000,Uttarakhand,Other
07/04/2026,Bottle gourd,82,Dehradoon,Medium,Rishikesh APMC,1000,600,850,Uttarakhand,Other
06/04/2026,Bottle gourd,82,Dehradoon,Medium,Rishikesh APMC,1000,600,800,Uttarakhand,Other
29/04/2026,Bottle gourd,82,Dehradoon,Medium,Rishikesh APMC,700,500,600,Uttarakhand,Other
12/05/2026,Bottle gourd,82,Dehradoon,Medium,Rishikesh APMC,1200,800,1150,Uttarakhand,Other
19/04/2026,Bottle gourd,82,Dehradoon,Medium,Rishikesh APMC,1500,800,1050,Uttarakhand,Other
23/04/2026,Bottle gourd,82,Dehradoon,Medium,Rishikesh APMC,700,500,600,Uttarakhand,Other
04/05/2026,Bottle gourd,82,Dehradoon,Medium,Rishikesh APMC,800,600,700,Uttarakhand,Other
03/05/2026,Papaya,72,Dehradoon,Medium,Rishikesh APMC,2200,1800,2000,Uttarakhand,Other
11/05/2026,Papaya,72,Dehradoon,Medium,Rishikesh APMC,2200,1800,2000,Uttarakhand,Other
12/05/2026,Papaya,72,Dehradoon,Medium,Rishikesh APMC,2300,1800,2000,Uttarakhand,Other
13/05/2026,Papaya,72,Dehradoon,Medium,Rishikesh APMC,2200,1800,2000,Uttarakhand,Other
17/05/2026,Papaya,72,Dehradoon,Medium,Rishikesh APMC,2300,1800,2000,Uttarakhand,Other
18/05/2026,Papaya,72,Dehradoon,Medium,Rishikesh APMC,2200,1800,2000,Uttarakhand,Other
19/05/2026,Papaya,72,Dehradoon,Medium,Rishikesh APMC,2300,1800,2000,Uttarakhand,Other
12/04/2026,Water Melon,73,Dehradoon,Medium,Rishikesh APMC,1200,800,1000,Uttarakhand,Other
18/04/2026,Water Melon,73,Dehradoon,Medium,Rishikesh APMC,1200,800,1000,Uttarakhand,Other
02/04/2026,Banana,19,Dehradoon,Medium,Rishikesh APMC,1800,1400,1550,Uttarakhand,Other
11/04/2026,Banana,19,Dehradoon,Medium,Rishikesh APMC,1800,1400,1550,Uttarakhand,Other
12/04/2026,Banana,19,Dehradoon,Medium,Rishikesh APMC,1800,1400,1500,Uttarakhand,Other
16/04/2026,Banana,19,Dehradoon,Medium,Rishikesh APMC,1750,1400,1500,Uttarakhand,Other
18/04/2026,Banana,19,Dehradoon,Medium,Rishikesh APMC,1800,1400,1600,Uttarakhand,Other
22/04/2026,Banana,19,Dehradoon,Medium,Rishikesh APMC,2000,1800,1900,Uttarakhand,Other
26/04/2026,Banana,19,Dehradoon,Medium,Rishikesh APMC,2200,1800,2000,Uttarakhand,Other
28/04/2026,Banana,19,Dehradoon,Medium,Rishikesh APMC,2000,1600,1850,Uttarakhand,Other
29/04/2026,Banana,19,Dehradoon,Medium,Rishikesh APMC,2200,1600,1800,Uttarakhand,Other
03/05/2026,Banana,19,Dehradoon,Medium,Rishikesh APMC,2000,1500,1650,Uttarakhand,Other
12/05/2026,Banana,19,Dehradoon,Medium,Rishikesh APMC,1700,1500,1650,Uttarakhand,Other
13/05/2026,Banana,19,Dehradoon,Medium,Rishikesh APMC,1700,1500,1600,Uttarakhand,Other
16/05/2026,Banana,19,Dehradoon,Medium,Rishikesh APMC,1700,1500,1600,Uttarakhand,Other
02/04/2026,Cucumbar(Kheera),159,Dehradoon,Medium,Rishikesh APMC,1600,1200,1500,Uttarakhand,Other
07/04/2026,Cucumbar(Kheera),159,Dehradoon,Medium,Rishikesh APMC,850,600,800,Uttarakhand,Other
06/04/2026,Cucumbar(Kheera),159,Dehradoon,Medium,Rishikesh APMC,1000,500,800,Uttarakhand,Other
23/04/2026,Cucumbar(Kheera),159,Dehradoon,Medium,Rishikesh APMC,500,400,450,Uttarakhand,Other
08/04/2026,Ginger(Green),103,Dehradoon,Medium,Rishikesh APMC,6200,4500,5000,Uttarakhand,Other
07/04/2026,Ginger(Green),103,Dehradoon,Medium,Rishikesh APMC,6300,4400,5000,Uttarakhand,Other
18/05/2026,Mango,20,Dehradoon,Medium,Rishikesh APMC,5800,3500,4600,Uttarakhand,Safeda
02/04/2026,Green Chilli,87,Dehradoon,Medium,Rishikesh APMC,6300,4800,5000,Uttarakhand,Other
03/04/2026,Green Chilli,87,Dehradoon,Medium,Rishikesh APMC,6200,4800,5100,Uttarakhand,Other
08/04/2026,Green Chilli,87,Dehradoon,Medium,Rishikesh APMC,3500,3000,3300,Uttarakhand,Other
11/04/2026,Green Chilli,87,Dehradoon,Medium,Rishikesh APMC,3500,2500,3000,Uttarakhand,Other
12/04/2026,Green Chilli,87,Dehradoon,Medium,Rishikesh APMC,3000,2000,2500,Uttarakhand,Other
18/04/2026,Pumpkin,84,Dehradoon,Medium,Rishikesh APMC,1000,800,900,Uttarakhand,Other
01/05/2026,Pumpkin,84,Dehradoon,Medium,Rishikesh APMC,600,450,500,Uttarakhand,Other
10/05/2026,Pumpkin,84,Dehradoon,Medium,Rishikesh APMC,550,400,450,Uttarakhand,Other
12/05/2026,Pumpkin,84,Dehradoon,Medium,Rishikesh APMC,600,400,550,Uttarakhand,Other
14/05/2026,Pumpkin,84,Dehradoon,Medium,Rishikesh APMC,500,300,400,Uttarakhand,Other
01/04/2026,Orange,18,Dehradoon,Medium,Rishikesh APMC,4500,2800,3800,Uttarakhand,Other
07/04/2026,Orange,18,Dehradoon,Medium,Rishikesh APMC,4500,3000,4000,Uttarakhand,Other
05/04/2026,Orange,18,Dehradoon,Medium,Rishikesh APMC,4500,3800,4000,Uttarakhand,Other
20/04/2026,Orange,18,Dehradoon,Medium,Rishikesh APMC,6200,3200,4800,Uttarakhand,Other
01/05/2026,Cucumbar(Kheera),159,Dehradoon,Medium,Rishikesh APMC,600,450,500,Uttarakhand,Other
17/05/2026,Cucumbar(Kheera),159,Dehradoon,Medium,Rishikesh APMC,950,600,800,Uttarakhand,Other
18/05/2026,Cucumbar(Kheera),159,Dehradoon,Medium,Rishikesh APMC,800,500,600,Uttarakhand,Other
19/05/2026,Banana,19,Dehradoon,Medium,Rishikesh APMC,1800,1500,1600,Uttarakhand,Other
01/04/2026,Lime,180,Dehradoon,Medium,Rishikesh APMC,5200,3000,4500,Uttarakhand,Other
02/04/2026,Lime,180,Dehradoon,Medium,Rishikesh APMC,5000,3000,4550,Uttarakhand,Other
07/04/2026,Lime,180,Dehradoon,Medium,Rishikesh APMC,5000,3000,4550,Uttarakhand,Other
10/04/2026,Lime,180,Dehradoon,Medium,Rishikesh APMC,5500,3000,4500,Uttarakhand,Other
11/04/2026,Lime,180,Dehradoon,Medium,Rishikesh APMC,4500,3000,4000,Uttarakhand,Other
14/04/2026,Lime,180,Dehradoon,Medium,Rishikesh APMC,5000,3000,4000,Uttarakhand,Other
19/04/2026,Lime,180,Dehradoon,Medium,Rishikesh APMC,8200,5000,7600,Uttarakhand,Other
10/04/2026,Raddish,161,Dehradoon,Medium,Rishikesh APMC,800,600,700,Uttarakhand,Other
21/04/2026,Raddish,161,Dehradoon,Medium,Rishikesh APMC,1500,1000,1300,Uttarakhand,Other
22/04/2026,Raddish,161,Dehradoon,Medium,Rishikesh APMC,1200,800,1000,Uttarakhand,Other
23/04/2026,Raddish,161,Dehradoon,Medium,Rishikesh APMC,1200,850,1000,Uttarakhand,Other
25/04/2026,Raddish,161,Dehradoon,Medium,Rishikesh APMC,1500,850,1000,Uttarakhand,Other
02/05/2026,Raddish,161,Dehradoon,Medium,Rishikesh APMC,1000,600,800,Uttarakhand,Other
05/05/2026,Raddish,161,Dehradoon,Medium,Rishikesh APMC,1000,600,850,Uttarakhand,Other
01/04/2026,Papaya,72,Dehradoon,Medium,Rishikesh APMC,2400,1800,2050,Uttarakhand,Other
09/04/2026,Papaya,72,Dehradoon,Medium,Rishikesh APMC,2150,1800,2000,Uttarakhand,Other
12/04/2026,Papaya,72,Dehradoon,Medium,Rishikesh APMC,2200,1800,2000,Uttarakhand,Other
13/04/2026,Papaya,72,Dehradoon,Medium,Rishikesh APMC,2150,1800,2000,Uttarakhand,Other
22/04/2026,Papaya,72,Dehradoon,Medium,Rishikesh APMC,2000,1800,1900,Uttarakhand,Other
10/04/2026,Cabbage,154,Dehradoon,Medium,Rishikesh APMC,300,200,250,Uttarakhand,Other
18/05/2026,Brinjal,35,Dehradoon,Medium,Rishikesh APMC,1600,1000,1200,Uttarakhand,Other
19/04/2026,Onion,23,Dehradoon,Medium,Rishikesh APMC,1800,1200,1500,Uttarakhand,Local
08/04/2026,Potato,24,Dehradoon,Medium,Rishikesh APMC,610,400,575,Uttarakhand,Other
16/04/2026,Potato,24,Dehradoon,Medium,Rishikesh APMC,600,410,500,Uttarakhand,Other
18/04/2026,Potato,24,Dehradoon,Medium,Rishikesh APMC,600,400,550,Uttarakhand,Other
14/04/2026,Brinjal,35,Dehradoon,Medium,Rishikesh APMC,2000,1200,1550,Uttarakhand,Other
13/04/2026,Brinjal,35,Dehradoon,Medium,Rishikesh APMC,2000,1250,1500,Uttarakhand,Other
05/05/2026,Cauliflower,34,Dehradoon,Medium,Rishikesh APMC,2500,1500,2000,Uttarakhand,Other
08/05/2026,Cauliflower,34,Dehradoon,Medium,Rishikesh APMC,2000,1500,1800,Uttarakhand,Other
18/05/2026,Cauliflower,34,Dehradoon,Medium,Rishikesh APMC,1800,1200,1600,Uttarakhand,Other
04/04/2026,Onion,23,Dehradoon,Medium,Rishikesh APMC,1700,1500,1600,Uttarakhand,Other
21/04/2026,Onion,23,Dehradoon,Medium,Rishikesh APMC,1750,1500,1600,Uttarakhand,Other
14/04/2026,Grapes,22,Dehradoon,Medium,Rishikesh APMC,6200,3500,4550,Uttarakhand,Other
22/04/2026,Grapes,22,Dehradoon,Medium,Rishikesh APMC,5600,3500,4500,Uttarakhand,Other
02/05/2026,Grapes,22,Dehradoon,Medium,Rishikesh APMC,5800,3500,4500,Uttarakhand,Other
04/05/2026,Grapes,22,Dehradoon,Medium,Rishikesh APMC,5200,3500,4500,Uttarakhand,Other
10/05/2026,Grapes,22,Dehradoon,Medium,Rishikesh APMC,5000,3500,4500,Uttarakhand,Other
11/05/2026,Grapes,22,Dehradoon,Medium,Rishikesh APMC,5000,3500,4500,Uttarakhand,Other
18/05/2026,Grapes,22,Dehradoon,Medium,Rishikesh APMC,6700,3800,5500,Uttarakhand,Other
01/04/2026,Cauliflower,34,Dehradoon,Medium,Rishikesh APMC,800,500,600,Uttarakhand,Other
02/04/2026,Cauliflower,34,Dehradoon,Medium,Rishikesh APMC,800,500,650,Uttarakhand,Other
03/04/2026,Cauliflower,34,Dehradoon,Medium,Rishikesh APMC,850,500,600,Uttarakhand,Other
06/04/2026,Cauliflower,34,Dehradoon,Medium,Rishikesh APMC,800,500,600,Uttarakhand,Other
09/04/2026,Cauliflower,34,Dehradoon,Medium,Rishikesh APMC,850,600,800,Uttarakhand,Other
10/04/2026,Cauliflower,34,Dehradoon,Medium,Rishikesh APMC,1000,800,900,Uttarakhand,Other
05/04/2026,Brinjal,35,Dehradoon,Medium,Rishikesh APMC,1800,1200,1650,Uttarakhand,Other
17/04/2026,Cauliflower,34,Dehradoon,Medium,Rishikesh APMC,1400,800,1250,Uttarakhand,Other
23/04/2026,Cauliflower,34,Dehradoon,Medium,Rishikesh APMC,3000,2000,2500,Uttarakhand,Other
25/04/2026,Cauliflower,34,Dehradoon,Medium,Rishikesh APMC,3500,2000,2800,Uttarakhand,Other
28/04/2026,Cauliflower,34,Dehradoon,Medium,Rishikesh APMC,2000,1800,1900,Uttarakhand,Other
29/04/2026,Cauliflower,34,Dehradoon,Medium,Rishikesh APMC,2500,1800,2000,Uttarakhand,Other
17/04/2026,Brinjal,35,Dehradoon,Medium,Rishikesh APMC,2000,1200,1550,Uttarakhand,Other
11/05/2026,Cauliflower,34,Dehradoon,Medium,Rishikesh APMC,1800,1200,1500,Uttarakhand,Other
28/04/2026,Brinjal,35,Dehradoon,Medium,Rishikesh APMC,1500,1200,1300,Uttarakhand,Other
02/04/2026,Potato,24,Dehradoon,Medium,Rishikesh APMC,600,450,550,Uttarakhand,Other
29/04/2026,Onion,23,Dehradoon,Medium,Rishikesh APMC,1600,1100,1400,Uttarakhand,Other
06/05/2026,Onion,23,Dehradoon,Medium,Rishikesh APMC,1600,1100,1450,Uttarakhand,Other
07/05/2026,Onion,23,Dehradoon,Medium,Rishikesh APMC,1600,1100,1500,Uttarakhand,Other
10/05/2026,Onion,23,Dehradoon,Medium,Rishikesh APMC,1700,1150,1500,Uttarakhand,Other
16/05/2026,Onion,23,Dehradoon,Medium,Rishikesh APMC,1700,1200,1400,Uttarakhand,Other
05/05/2026,Brinjal,35,Dehradoon,Medium,Rishikesh APMC,1300,1000,1100,Uttarakhand,Other
08/05/2026,Brinjal,35,Dehradoon,Medium,Rishikesh APMC,1500,1000,1200,Uttarakhand,Other
13/05/2026,Brinjal,35,Dehradoon,Medium,Rishikesh APMC,1600,1000,1200,Uttarakhand,Other
16/05/2026,Brinjal,35,Dehradoon,Medium,Rishikesh APMC,1500,1050,1200,Uttarakhand,Other
19/05/2026,Brinjal,35,Dehradoon,Medium,Rishikesh APMC,1600,1000,1250,Uttarakhand,Other
10/04/2026,Carrot,153,Dehradoon,Medium,Rishikesh APMC,1600,1400,1500,Uttarakhand,Other
04/04/2026,Pomegranate,190,Dehradoon,Medium,Rishikesh APMC,9400,5000,6700,Uttarakhand,Other
07/04/2026,Pomegranate,190,Dehradoon,Medium,Rishikesh APMC,7000,5000,6500,Uttarakhand,Other
19/04/2026,Pomegranate,190,Dehradoon,Medium,Rishikesh APMC,7000,5200,6500,Uttarakhand,Other
21/04/2026,Pomegranate,190,Dehradoon,Medium,Rishikesh APMC,7200,5200,6100,Uttarakhand,Other
29/04/2026,Pomegranate,190,Dehradoon,Medium,Rishikesh APMC,11500,6500,9500,Uttarakhand,Other
04/05/2026,Pomegranate,190,Dehradoon,Medium,Rishikesh APMC,10500,7000,10000,Uttarakhand,Other
10/05/2026,Pomegranate,190,Dehradoon,Medium,Rishikesh APMC,11000,6500,10500,Uttarakhand,Other
13/05/2026,Pomegranate,190,Dehradoon,Medium,Rishikesh APMC,11000,7000,9000,Uttarakhand,Other
22/04/2026,Potato,24,Dehradoon,Medium,Rishikesh APMC,610,400,550,Uttarakhand,Other
01/05/2026,Potato,24,Dehradoon,Medium,Rishikesh APMC,620,450,550,Uttarakhand,Other
09/05/2026,Potato,24,Dehradoon,Medium,Rishikesh APMC,665,450,550,Uttarakhand,Other
12/04/2026,French Beans(Frasbean),298,Dehradoon,Medium,Rishikesh APMC,2000,1500,1800,Uttarakhand,Other
14/04/2026,French Beans(Frasbean),298,Dehradoon,Medium,Rishikesh APMC,2400,1500,1850,Uttarakhand,Other
20/04/2026,French Beans(Frasbean),298,Dehradoon,Medium,Rishikesh APMC,2500,1800,2000,Uttarakhand,Other
24/04/2026,French Beans(Frasbean),298,Dehradoon,Medium,Rishikesh APMC,2800,2000,2500,Uttarakhand,Other
26/04/2026,French Beans(Frasbean),298,Dehradoon,Medium,Rishikesh APMC,2800,2000,2550,Uttarakhand,Other
02/05/2026,French Beans(Frasbean),298,Dehradoon,Medium,Rishikesh APMC,2000,1500,1800,Uttarakhand,Other
04/05/2026,French Beans(Frasbean),298,Dehradoon,Medium,Rishikesh APMC,2100,1500,1800,Uttarakhand,Other
03/04/2026,French Beans(Frasbean),298,Dehradoon,Medium,Rishikesh APMC,3000,2000,2500,Uttarakhand,Other
25/04/2026,Cabbage,154,Dehradoon,Medium,Rishikesh APMC,450,300,350,Uttarakhand,Other
09/05/2026,Cabbage,154,Dehradoon,Medium,Rishikesh APMC,500,300,400,Uttarakhand,Other
13/02/2026,Papaya,72,Dehradoon,Medium,Rishikesh APMC,2500,1800,2000,Uttarakhand,Other
19/02/2026,Papaya,72,Dehradoon,Medium,Rishikesh APMC,2200,1800,2050,Uttarakhand,Other
23/02/2026,Papaya,72,Dehradoon,Medium,Rishikesh APMC,2500,1800,2000,Uttarakhand,Other
11/02/2026,Field Pea,64,Dehradoon,Medium,Rishikesh APMC,1500,1200,1400,Uttarakhand,Other
14/02/2026,Field Pea,64,Dehradoon,Medium,Rishikesh APMC,1500,1200,1400,Uttarakhand,Other
17/02/2026,Field Pea,64,Dehradoon,Medium,Rishikesh APMC,1900,1200,1500,Uttarakhand,Other
23/02/2026,Field Pea,64,Dehradoon,Medium,Rishikesh APMC,2000,1200,1800,Uttarakhand,Other
03/02/2026,Brinjal,35,Dehradoon,Medium,Rishikesh APMC,1700,1200,1400,Uttarakhand,Other
09/02/2026,Capsicum,164,Dehradoon,Medium,Rishikesh APMC,2350,1800,2000,Uttarakhand,Other
08/02/2026,Capsicum,164,Dehradoon,Medium,Rishikesh APMC,2400,1800,2050,Uttarakhand,Other
10/02/2026,Capsicum,164,Dehradoon,Medium,Rishikesh APMC,2300,1800,2050,Uttarakhand,Other
11/02/2026,Capsicum,164,Dehradoon,Medium,Rishikesh APMC,2500,1800,2000,Uttarakhand,Other
12/02/2026,Capsicum,164,Dehradoon,Medium,Rishikesh APMC,2500,1800,2000,Uttarakhand,Other
03/02/2026,Mousambi(Sweet Lime),77,Dehradoon,Medium,Rishikesh APMC,2750,2500,2600,Uttarakhand,Other
07/02/2026,Pumpkin,84,Dehradoon,Medium,Rishikesh APMC,1500,1000,1250,Uttarakhand,Other
11/02/2026,Pumpkin,84,Dehradoon,Medium,Rishikesh APMC,1500,1000,1150,Uttarakhand,Other
13/02/2026,Pumpkin,84,Dehradoon,Medium,Rishikesh APMC,1500,1000,1150,Uttarakhand,Other
24/02/2026,Tomato,78,Dehradoon,Medium,Rishikesh APMC,1400,1000,1200,Uttarakhand,Other
06/02/2026,Green Chilli,87,Dehradoon,Medium,Rishikesh APMC,7800,5500,6500,Uttarakhand,Other
27/02/2026,Ginger(Green),103,Dehradoon,Medium,Rishikesh APMC,5600,4600,5050,Uttarakhand,Other
18/02/2026,Raddish,161,Dehradoon,Medium,Rishikesh APMC,575,400,500,Uttarakhand,Other
25/02/2026,Raddish,161,Dehradoon,Medium,Rishikesh APMC,700,500,600,Uttarakhand,Other
10/02/2026,Ginger(Green),103,Dehradoon,Medium,Rishikesh APMC,5600,4000,4500,Uttarakhand,Other
13/02/2026,Ginger(Green),103,Dehradoon,Medium,Rishikesh APMC,5000,4000,4600,Uttarakhand,Other
16/02/2026,Raddish,161,Dehradoon,Medium,Rishikesh APMC,550,400,450,Uttarakhand,Other
04/02/2026,Raddish,161,Dehradoon,Medium,Rishikesh APMC,600,500,550,Uttarakhand,Other
11/02/2026,Raddish,161,Dehradoon,Medium,Rishikesh APMC,550,500,525,Uttarakhand,Other
07/02/2026,Ginger(Green),103,Dehradoon,Medium,Rishikesh APMC,5200,4000,4500,Uttarakhand,Other
01/02/2026,Banana,19,Dehradoon,Medium,Rishikesh APMC,1650,1300,1400,Uttarakhand,Other
02/02/2026,Banana,19,Dehradoon,Medium,Rishikesh APMC,1650,1300,1450,Uttarakhand,Other
27/02/2026,Banana,19,Dehradoon,Medium,Rishikesh APMC,2000,1400,1600,Uttarakhand,Other
21/02/2026,Banana,19,Dehradoon,Medium,Rishikesh APMC,1600,1200,1400,Uttarakhand,Other
19/02/2026,Banana,19,Dehradoon,Medium,Rishikesh APMC,1500,1200,1400,Uttarakhand,Other
20/02/2026,Banana,19,Dehradoon,Medium,Rishikesh APMC,1600,1200,1400,Uttarakhand,Other
22/02/2026,Banana,19,Dehradoon,Medium,Rishikesh APMC,1600,1200,1450,Uttarakhand,Other
24/02/2026,Banana,19,Dehradoon,Medium,Rishikesh APMC,2000,1400,1850,Uttarakhand,Other
23/02/2026,Banana,19,Dehradoon,Medium,Rishikesh APMC,2000,1400,1800,Uttarakhand,Other
11/02/2026,Cauliflower,34,Dehradoon,Medium,Rishikesh APMC,800,500,625,Uttarakhand,Other
01/02/2026,Cauliflower,34,Dehradoon,Medium,Rishikesh APMC,800,500,600,Uttarakhand,Other
02/02/2026,Cauliflower,34,Dehradoon,Local,Rishikesh APMC,750,550,650,Uttarakhand,Other
13/02/2026,Cauliflower,34,Dehradoon,Medium,Rishikesh APMC,800,500,600,Uttarakhand,Other
18/02/2026,Cauliflower,34,Dehradoon,Medium,Rishikesh APMC,600,400,500,Uttarakhand,Other
24/02/2026,Cauliflower,34,Dehradoon,Medium,Rishikesh APMC,600,350,500,Uttarakhand,Other
25/02/2026,Cauliflower,34,Dehradoon,Medium,Rishikesh APMC,600,300,450,Uttarakhand,Other
09/02/2026,Onion,23,Dehradoon,Medium,Rishikesh APMC,1900,1600,1800,Uttarakhand,Nasik
12/02/2026,Brinjal,35,Dehradoon,Medium,Rishikesh APMC,1500,1000,1225,Uttarakhand,Other
13/02/2026,Brinjal,35,Dehradoon,Medium,Rishikesh APMC,1600,1000,1200,Uttarakhand,Other
17/02/2026,Brinjal,35,Dehradoon,Medium,Rishikesh APMC,1600,1200,1400,Uttarakhand,Other
21/02/2026,Brinjal,35,Dehradoon,Medium,Rishikesh APMC,1800,1200,1500,Uttarakhand,Other
18/02/2026,Onion,23,Dehradoon,Medium,Rishikesh APMC,1950,1800,1875,Uttarakhand,Nasik
11/02/2026,Potato,24,Dehradoon,Medium,Rishikesh APMC,600,400,500,Uttarakhand,Other
21/02/2026,Potato,24,Dehradoon,Medium,Rishikesh APMC,625,550,600,Uttarakhand,Other
27/02/2026,Potato,24,Dehradoon,Medium,Rishikesh APMC,575,480,550,Uttarakhand,Other
26/02/2026,Onion,23,Dehradoon,Medium,Rishikesh APMC,1900,1700,1800,Uttarakhand,Other
12/02/2026,Cabbage,154,Dehradoon,Medium,Rishikesh APMC,450,300,400,Uttarakhand,Other
21/02/2026,Cabbage,154,Dehradoon,Medium,Rishikesh APMC,325,250,300,Uttarakhand,Other
20/02/2026,Cabbage,154,Dehradoon,Medium,Rishikesh APMC,350,250,325,Uttarakhand,Other
22/02/2026,Cabbage,154,Dehradoon,Medium,Rishikesh APMC,350,250,300,Uttarakhand,Other
27/02/2026,Cabbage,154,Dehradoon,Medium,Rishikesh APMC,300,200,250,Uttarakhand,Other
05/02/2026,Cabbage,154,Dehradoon,Medium,Rishikesh APMC,500,400,450,Uttarakhand,Other
07/02/2026,Cabbage,154,Dehradoon,Medium,Rishikesh APMC,500,400,475,Uttarakhand,Other
04/02/2026,Tomato,78,Dehradoon,Medium,Rishikesh APMC,1600,1100,1400,Uttarakhand,Other
06/02/2026,Tomato,78,Dehradoon,Medium,Rishikesh APMC,1600,1150,1450,Uttarakhand,Other
17/02/2026,Tomato,78,Dehradoon,Medium,Rishikesh APMC,1300,1000,1250,Uttarakhand,Other
10/02/2026,Tomato,78,Dehradoon,Local,Rishikesh APMC,1400,1000,1250,Uttarakhand,Other
10/02/2026,Tomato,78,Dehradoon,Medium,Rishikesh APMC,1400,1000,1250,Uttarakhand,Other
08/02/2026,Tomato,78,Dehradoon,Local,Rishikesh APMC,1400,1100,1250,Uttarakhand,Other
18/02/2026,Tomato,78,Dehradoon,Medium,Rishikesh APMC,1300,1000,1200,Uttarakhand,Other
25/02/2026,Green Chilli,87,Dehradoon,Medium,Rishikesh APMC,7500,5500,6000,Uttarakhand,Other
27/02/2026,Green Chilli,87,Dehradoon,Medium,Rishikesh APMC,7100,5000,5800,Uttarakhand,Other
22/02/2026,Green Chilli,87,Dehradoon,Medium,Rishikesh APMC,8000,5500,6200,Uttarakhand,Other
17/02/2026,Onion,23,Dehradoon,Medium,Rishikesh APMC,1900,1800,1825,Uttarakhand,Other
03/02/2026,Carrot,153,Dehradoon,Medium,Rishikesh APMC,1250,800,1000,Uttarakhand,Other
05/02/2026,Onion,23,Dehradoon,Medium,Rishikesh APMC,2000,1800,1950,Uttarakhand,Other
06/02/2026,Onion,23,Dehradoon,Medium,Rishikesh APMC,2000,1800,1900,Uttarakhand,Other
07/02/2026,Onion,23,Dehradoon,Medium,Rishikesh APMC,2025,1800,1950,Uttarakhand,Other
16/02/2026,Carrot,153,Dehradoon,Medium,Rishikesh APMC,1100,900,1000,Uttarakhand,Other
21/02/2026,Carrot,153,Dehradoon,Medium,Rishikesh APMC,1500,1000,1200,Uttarakhand,Other
26/02/2026,Carrot,153,Dehradoon,Medium,Rishikesh APMC,1600,1200,1500,Uttarakhand,Other
02/02/2026,Green Chilli,87,Dehradoon,Medium,Rishikesh APMC,8500,5000,6050,Uttarakhand,Other
05/02/2026,Green Chilli,87,Dehradoon,Medium,Rishikesh APMC,8000,5500,6550,Uttarakhand,Other
13/02/2026,Green Chilli,87,Dehradoon,Medium,Rishikesh APMC,6300,5000,5600,Uttarakhand,Other
19/02/2026,Green Chilli,87,Dehradoon,Medium,Rishikesh APMC,7600,5500,6200,Uttarakhand,Other
10/02/2026,Mousambi(Sweet Lime),77,Dehradoon,Medium,Rishikesh APMC,2800,2500,2650,Uttarakhand,Other
11/02/2026,Mousambi(Sweet Lime),77,Dehradoon,Medium,Rishikesh APMC,2800,2500,2600,Uttarakhand,Other
12/02/2026,Mousambi(Sweet Lime),77,Dehradoon,Medium,Rishikesh APMC,2800,2500,2650,Uttarakhand,Other
19/02/2026,Mousambi(Sweet Lime),77,Dehradoon,Medium,Rishikesh APMC,2700,2400,2550,Uttarakhand,Other
04/02/2026,Lime,180,Dehradoon,Medium,Rishikesh APMC,2800,2000,2500,Uttarakhand,Other
06/02/2026,Lime,180,Dehradoon,Medium,Rishikesh APMC,3200,2000,2500,Uttarakhand,Other
07/02/2026,Lime,180,Dehradoon,Medium,Rishikesh APMC,3250,2000,2500,Uttarakhand,Other
16/02/2026,Lime,180,Dehradoon,Medium,Rishikesh APMC,3200,2000,2600,Uttarakhand,Other
10/02/2026,French Beans(Frasbean),298,Dehradoon,Medium,Rishikesh APMC,2700,1600,1850,Uttarakhand,Other
16/02/2026,French Beans(Frasbean),298,Dehradoon,Medium,Rishikesh APMC,2600,1800,2000,Uttarakhand,Other
18/02/2026,French Beans(Frasbean),298,Dehradoon,Medium,Rishikesh APMC,2550,1800,2000,Uttarakhand,Other
20/02/2026,French Beans(Frasbean),298,Dehradoon,Medium,Rishikesh APMC,3000,2000,2600,Uttarakhand,Other
27/02/2026,French Beans(Frasbean),298,Dehradoon,Medium,Rishikesh APMC,3400,2200,2800,Uttarakhand,Other
23/02/2026,French Beans(Frasbean),298,Dehradoon,Medium,Rishikesh APMC,2950,2000,2700,Uttarakhand,Other
02/02/2026,French Beans(Frasbean),298,Dehradoon,Medium,Rishikesh APMC,2450,1600,1800,Uttarakhand,Other
05/02/2026,French Beans(Frasbean),298,Dehradoon,Medium,Rishikesh APMC,2400,1600,1800,Uttarakhand,Other
04/02/2026,Apple,17,Dehradoon,Medium,Rishikesh APMC,6700,4500,5800,Uttarakhand,Kasmir/Shimla - II
10/02/2026,Apple,17,Dehradoon,Medium,Rishikesh APMC,7000,4500,5850,Uttarakhand,Kasmir/Shimla - II
13/02/2026,Apple,17,Dehradoon,Medium,Rishikesh APMC,7500,4500,6000,Uttarakhand,Kasmir/Shimla - II
17/02/2026,Apple,17,Dehradoon,Medium,Rishikesh APMC,7600,4600,6250,Uttarakhand,Kasmir/Shimla - II
25/02/2026,Apple,17,Dehradoon,Medium,Rishikesh APMC,7600,4600,6800,Uttarakhand,Kasmir/Shimla - II
07/02/2026,Pomegranate,190,Dehradoon,Medium,Rishikesh APMC,7000,4500,5400,Uttarakhand,Other
24/02/2026,Pomegranate,190,Dehradoon,Medium,Rishikesh APMC,8750,4800,6200,Uttarakhand,Other
26/02/2026,Pomegranate,190,Dehradoon,Medium,Rishikesh APMC,8800,4800,6400,Uttarakhand,Other
01/02/2026,Orange,18,Dehradoon,Medium,Rishikesh APMC,3100,2500,2800,Uttarakhand,Other
10/02/2026,Orange,18,Dehradoon,Medium,Rishikesh APMC,3300,2500,2800,Uttarakhand,Other
12/02/2026,Orange,18,Dehradoon,Medium,Rishikesh APMC,3350,2500,2800,Uttarakhand,Other
11/02/2026,Guava,185,Dehradoon,Medium,Rishikesh APMC,3200,2200,2850,Uttarakhand,Other
16/02/2026,Guava,185,Dehradoon,Medium,Rishikesh APMC,3200,2250,2550,Uttarakhand,Other
22/02/2026,Guava,185,Dehradoon,Medium,Rishikesh APMC,3300,2200,2600,Uttarakhand,Other
25/02/2026,Guava,185,Dehradoon,Medium,Rishikesh APMC,3800,2400,2850,Uttarakhand,Other
20/03/2026,Pomegranate,190,Dehradoon,Medium,Rishikesh APMC,9200,5000,6400,Uttarakhand,Other
18/03/2026,Pomegranate,190,Dehradoon,Medium,Rishikesh APMC,9000,5000,6200,Uttarakhand,Other
25/03/2026,Pomegranate,190,Dehradoon,Medium,Rishikesh APMC,9300,5000,6700,Uttarakhand,Other
29/03/2026,Pomegranate,190,Dehradoon,Medium,Rishikesh APMC,9500,5000,6750,Uttarakhand,Other
26/03/2026,Pomegranate,190,Dehradoon,Medium,Rishikesh APMC,9300,5000,6800,Uttarakhand,Other
02/03/2026,Apple,17,Dehradoon,Medium,Rishikesh APMC,8500,4800,7000,Uttarakhand,Kasmir/Shimla - II
01/03/2026,Apple,17,Dehradoon,Medium,Rishikesh APMC,7800,4600,6750,Uttarakhand,Kasmir/Shimla - II
06/03/2026,Apple,17,Dehradoon,Medium,Rishikesh APMC,8500,5000,7250,Uttarakhand,Kasmir/Shimla - II
13/03/2026,Apple,17,Dehradoon,Medium,Rishikesh APMC,8600,5200,7250,Uttarakhand,Kasmir/Shimla - II
14/03/2026,Apple,17,Dehradoon,Medium,Rishikesh APMC,8500,4500,7500,Uttarakhand,Kasmir/Shimla - II
19/03/2026,Apple,17,Dehradoon,Medium,Rishikesh APMC,8500,5000,7050,Uttarakhand,Kasmir/Shimla - II
22/03/2026,Apple,17,Dehradoon,Medium,Rishikesh APMC,8600,5200,7600,Uttarakhand,Kasmir/Shimla - II
25/03/2026,Apple,17,Dehradoon,Medium,Rishikesh APMC,8700,5200,7600,Uttarakhand,Other
06/03/2026,Banana,19,Dehradoon,Medium,Rishikesh APMC,2000,1200,1500,Uttarakhand,Other
09/03/2026,Banana,19,Dehradoon,Medium,Rishikesh APMC,2200,1400,1650,Uttarakhand,Other
11/03/2026,Banana,19,Dehradoon,Medium,Rishikesh APMC,2200,1400,1650,Uttarakhand,Other
22/03/2026,Banana,19,Dehradoon,Medium,Rishikesh APMC,1800,1400,1650,Uttarakhand,Other
28/03/2026,Banana,19,Dehradoon,Medium,Rishikesh APMC,1800,1400,1500,Uttarakhand,Other
25/03/2026,Grapes,22,Dehradoon,Medium,Rishikesh APMC,5500,3800,4550,Uttarakhand,Other
28/03/2026,Grapes,22,Dehradoon,Medium,Rishikesh APMC,5600,3800,4500,Uttarakhand,Other
09/03/2026,Lime,180,Dehradoon,Medium,Rishikesh APMC,4500,3000,3200,Uttarakhand,Other
11/03/2026,Lime,180,Dehradoon,Medium,Rishikesh APMC,4500,3000,3250,Uttarakhand,Other
12/03/2026,Lime,180,Dehradoon,Medium,Rishikesh APMC,4500,3000,3200,Uttarakhand,Other
20/03/2026,Lime,180,Dehradoon,Small,Rishikesh APMC,4800,3000,3600,Uttarakhand,Other
30/03/2026,Mousambi(Sweet Lime),77,Dehradoon,Medium,Rishikesh APMC,3000,2400,2800,Uttarakhand,Other
09/03/2026,Cauliflower,34,Dehradoon,Medium,Rishikesh APMC,650,350,500,Uttarakhand,Other
11/03/2026,Cauliflower,34,Dehradoon,Medium,Rishikesh APMC,600,300,550,Uttarakhand,Other
14/03/2026,Cauliflower,34,Dehradoon,Medium,Rishikesh APMC,650,450,500,Uttarakhand,Other
22/03/2026,Cauliflower,34,Dehradoon,Medium,Rishikesh APMC,550,300,450,Uttarakhand,Other
25/03/2026,Cauliflower,34,Dehradoon,Medium,Rishikesh APMC,600,400,550,Uttarakhand,Other
05/03/2026,Potato,24,Dehradoon,Medium,Rishikesh APMC,550,450,500,Uttarakhand,Other
10/03/2026,Potato,24,Dehradoon,Medium,Rishikesh APMC,600,450,500,Uttarakhand,Other
17/03/2026,Potato,24,Dehradoon,Medium,Rishikesh APMC,600,400,550,Uttarakhand,Other
09/03/2026,Potato,24,Dehradoon,Medium,Rishikesh APMC,600,450,525,Uttarakhand,Other
18/03/2026,Potato,24,Dehradoon,Medium,Rishikesh APMC,610,400,560,Uttarakhand,Other
01/03/2026,Potato,24,Dehradoon,Medium,Rishikesh APMC,600,450,500,Uttarakhand,Other
02/03/2026,Potato,24,Dehradoon,Medium,Rishikesh APMC,550,400,500,Uttarakhand,Other
16/03/2026,Potato,24,Dehradoon,Medium,Rishikesh APMC,610,400,500,Uttarakhand,Other
24/03/2026,Potato,24,Dehradoon,Medium,Rishikesh APMC,600,400,500,Uttarakhand,Other
20/03/2026,Potato,24,Dehradoon,Medium,Rishikesh APMC,610,400,550,Uttarakhand,Other
22/03/2026,Potato,24,Dehradoon,Medium,Rishikesh APMC,600,400,550,Uttarakhand,Other
21/03/2026,Potato,24,Dehradoon,Medium,Rishikesh APMC,600,400,500,Uttarakhand,Other
13/03/2026,Grapes,22,Dehradoon,Medium,Rishikesh APMC,5200,3800,4500,Uttarakhand,Other
16/03/2026,Grapes,22,Dehradoon,Medium,Rishikesh APMC,5000,3500,4200,Uttarakhand,Other
30/03/2026,Potato,24,Dehradoon,Medium,Rishikesh APMC,610,400,550,Uttarakhand,Other
27/03/2026,Potato,24,Dehradoon,Medium,Rishikesh APMC,600,450,500,Uttarakhand,Other
17/03/2026,Onion,23,Dehradoon,Medium,Rishikesh APMC,1900,1700,1800,Uttarakhand,Other
29/03/2026,Orange,18,Dehradoon,Medium,Rishikesh APMC,4500,2800,3800,Uttarakhand,Other
06/03/2026,Orange,18,Dehradoon,Medium,Rishikesh APMC,4500,2800,3550,Uttarakhand,Other
07/03/2026,Orange,18,Dehradoon,Medium,Rishikesh APMC,4500,2800,3500,Uttarakhand,Other
10/03/2026,Orange,18,Dehradoon,Medium,Rishikesh APMC,4600,2800,3550,Uttarakhand,Other
09/03/2026,Orange,18,Dehradoon,Medium,Rishikesh APMC,4600,2800,3500,Uttarakhand,Other
12/03/2026,Orange,18,Dehradoon,Medium,Rishikesh APMC,4600,2800,3500,Uttarakhand,Other
20/03/2026,Orange,18,Dehradoon,Medium,Rishikesh APMC,4500,2800,3800,Uttarakhand,Other
16/03/2026,Orange,18,Dehradoon,Medium,Rishikesh APMC,4400,2800,3500,Uttarakhand,Other
22/03/2026,Onion,23,Dehradoon,Medium,Rishikesh APMC,1700,1500,1600,Uttarakhand,Other
25/03/2026,Onion,23,Dehradoon,Medium,Rishikesh APMC,1700,1500,1600,Uttarakhand,Other
26/03/2026,Onion,23,Dehradoon,Medium,Rishikesh APMC,1700,1500,1650,Uttarakhand,Other
02/03/2026,French Beans(Frasbean),298,Dehradoon,Medium,Rishikesh APMC,3200,2400,2600,Uttarakhand,Other
07/03/2026,French Beans(Frasbean),298,Dehradoon,Medium,Rishikesh APMC,3200,2500,2600,Uttarakhand,Other
10/03/2026,French Beans(Frasbean),298,Dehradoon,Medium,Rishikesh APMC,3200,2500,2850,Uttarakhand,Other
09/03/2026,French Beans(Frasbean),298,Dehradoon,Medium,Rishikesh APMC,3200,2500,2800,Uttarakhand,Other
18/03/2026,French Beans(Frasbean),298,Dehradoon,Medium,Rishikesh APMC,3000,2500,2800,Uttarakhand,Other
16/03/2026,French Beans(Frasbean),298,Dehradoon,Medium,Rishikesh APMC,3000,2400,2600,Uttarakhand,Other
06/03/2026,Pumpkin,84,Dehradoon,Medium,Rishikesh APMC,1500,1000,1250,Uttarakhand,Other
05/03/2026,Pumpkin,84,Dehradoon,Medium,Rishikesh APMC,1500,1000,1200,Uttarakhand,Other
12/03/2026,Pumpkin,84,Dehradoon,Medium,Rishikesh APMC,1600,1200,1500,Uttarakhand,Other
26/03/2026,Pumpkin,84,Dehradoon,Medium,Rishikesh APMC,1600,1200,1450,Uttarakhand,Other
18/03/2026,Papaya,72,Dehradoon,Medium,Rishikesh APMC,2300,1800,2000,Uttarakhand,Other
16/03/2026,Papaya,72,Dehradoon,Medium,Rishikesh APMC,2200,1800,2000,Uttarakhand,Other
25/03/2026,Papaya,72,Dehradoon,Medium,Rishikesh APMC,2600,1800,2050,Uttarakhand,Other
26/03/2026,Papaya,72,Dehradoon,Medium,Rishikesh APMC,2500,1800,2000,Uttarakhand,Other
10/03/2026,Ginger(Green),103,Dehradoon,Medium,Rishikesh APMC,6100,4500,5500,Uttarakhand,Other
18/03/2026,Ginger(Green),103,Dehradoon,Medium,Rishikesh APMC,5600,4500,5200,Uttarakhand,Other
16/03/2026,Ginger(Green),103,Dehradoon,Medium,Rishikesh APMC,5500,4500,5000,Uttarakhand,Other
21/03/2026,Ginger(Green),103,Dehradoon,Medium,Rishikesh APMC,6250,4500,5800,Uttarakhand,Other
19/03/2026,Green Chilli,87,Dehradoon,Medium,Rishikesh APMC,6000,4800,5550,Uttarakhand,Other
22/03/2026,Green Chilli,87,Dehradoon,Medium,Rishikesh APMC,6200,4800,5600,Uttarakhand,Other
29/03/2026,Ginger(Green),103,Dehradoon,Medium,Rishikesh APMC,6000,4500,5800,Uttarakhand,Other
30/03/2026,Green Chilli,87,Dehradoon,Medium,Rishikesh APMC,6100,4800,5000,Uttarakhand,Other
30/03/2026,Raddish,161,Dehradoon,Medium,Rishikesh APMC,600,400,500,Uttarakhand,Other
13/03/2026,Raddish,161,Dehradoon,Medium,Rishikesh APMC,600,400,500,Uttarakhand,Raddish
02/03/2026,Raddish,161,Dehradoon,Medium,Rishikesh APMC,700,500,600,Uttarakhand,Other
09/03/2026,Raddish,161,Dehradoon,Medium,Rishikesh APMC,650,400,550,Uttarakhand,Other
11/03/2026,Raddish,161,Dehradoon,Medium,Rishikesh APMC,600,400,500,Uttarakhand,Other
12/03/2026,Raddish,161,Dehradoon,Medium,Rishikesh APMC,600,400,550,Uttarakhand,Other
21/03/2026,Raddish,161,Dehradoon,Medium,Rishikesh APMC,600,450,500,Uttarakhand,Other
28/03/2026,Carrot,153,Dehradoon,Medium,Rishikesh APMC,1800,1200,1550,Uttarakhand,Other
05/03/2026,Green Chilli,87,Dehradoon,Medium,Rishikesh APMC,6800,5200,5800,Uttarakhand,Other
07/03/2026,Ginger(Green),103,Dehradoon,Medium,Rishikesh APMC,5800,4500,5000,Uttarakhand,Other
02/03/2026,Cabbage,154,Dehradoon,Medium,Rishikesh APMC,350,250,300,Uttarakhand,Other
07/03/2026,Cabbage,154,Dehradoon,Medium,Rishikesh APMC,300,200,250,Uttarakhand,Other
12/03/2026,Cabbage,154,Dehradoon,Medium,Rishikesh APMC,350,250,300,Uttarakhand,Other
16/03/2026,Cabbage,154,Dehradoon,Medium,Rishikesh APMC,350,250,300,Uttarakhand,Other
20/03/2026,Cabbage,154,Dehradoon,Medium,Rishikesh APMC,350,200,300,Uttarakhand,Other
12/03/2026,Carrot,153,Dehradoon,Medium,Rishikesh APMC,1500,850,1200,Uttarakhand,Other
14/03/2026,Carrot,153,Dehradoon,Medium,Rishikesh APMC,1600,1200,1400,Uttarakhand,Other
07/03/2026,Field Pea,64,Dehradoon,Medium,Rishikesh APMC,1600,1000,1200,Uttarakhand,Other
22/03/2026,Field Pea,64,Dehradoon,Medium,Rishikesh APMC,1500,1100,1300,Uttarakhand,Other
26/03/2026,Field Pea,64,Dehradoon,Medium,Rishikesh APMC,1500,1100,1300,Uttarakhand,Other
19/03/2026,Tomato,78,Dehradoon,Medium,Rishikesh APMC,1500,1000,1200,Uttarakhand,Other
02/03/2026,Brinjal,35,Dehradoon,Medium,Rishikesh APMC,1500,1000,1200,Uttarakhand,Other
07/03/2026,Brinjal,35,Dehradoon,Medium,Rishikesh APMC,1800,1200,1350,Uttarakhand,Other
18/03/2026,Brinjal,35,Dehradoon,Medium,Rishikesh APMC,1800,1200,1500,Uttarakhand,Other
19/03/2026,Brinjal,35,Dehradoon,Medium,Rishikesh APMC,1800,1200,1550,Uttarakhand,Other
13/03/2026,Bottle gourd,82,Dehradoon,Medium,Rishikesh APMC,1800,1500,1650,Uttarakhand,Other
20/03/2026,Cucumbar(Kheera),159,Dehradoon,Medium,Rishikesh APMC,1500,1200,1400,Uttarakhand,Other
19/03/2026,Cucumbar(Kheera),159,Dehradoon,Medium,Rishikesh APMC,1600,1200,1450,Uttarakhand,Other
21/03/2026,Cucumbar(Kheera),159,Dehradoon,Medium,Rishikesh APMC,1450,1200,1400,Uttarakhand,Other
28/03/2026,Cucumbar(Kheera),159,Dehradoon,Medium,Rishikesh APMC,1600,1200,1500,Uttarakhand,Other
07/04/2026,Raddish,161,Dehradoon,Medium,Rishikesh APMC,700,500,650,Uttarakhand,Other
18/04/2026,Raddish,161,Dehradoon,Medium,Rishikesh APMC,1000,600,850,Uttarakhand,Other
06/05/2026,Raddish,161,Dehradoon,Medium,Rishikesh APMC,1000,600,800,Uttarakhand,Other
12/05/2026,Raddish,161,Dehradoon,Medium,Rishikesh APMC,1000,600,800,Uttarakhand,Other
26/04/2026,Cucumbar(Kheera),159,Dehradoon,Medium,Rishikesh APMC,500,400,450,Uttarakhand,Other
05/05/2026,Cucumbar(Kheera),159,Dehradoon,Medium,Rishikesh APMC,800,400,600,Uttarakhand,Other
03/05/2026,Cucumbar(Kheera),159,Dehradoon,Medium,Rishikesh APMC,550,400,500,Uttarakhand,Other
08/05/2026,Cucumbar(Kheera),159,Dehradoon,Medium,Rishikesh APMC,700,500,600,Uttarakhand,Other
09/05/2026,Cucumbar(Kheera),159,Dehradoon,Medium,Rishikesh APMC,600,400,500,Uttarakhand,Other
13/05/2026,Cucumbar(Kheera),159,Dehradoon,Medium,Rishikesh APMC,800,500,600,Uttarakhand,Other
16/05/2026,Cucumbar(Kheera),159,Dehradoon,Medium,Rishikesh APMC,1000,600,800,Uttarakhand,Other
25/04/2026,Brinjal,35,Dehradoon,Medium,Rishikesh APMC,2000,1200,1550,Uttarakhand,Other
03/05/2026,Brinjal,35,Dehradoon,Medium,Rishikesh APMC,1600,1200,1400,Uttarakhand,Other
01/05/2026,Brinjal,35,Dehradoon,Medium,Rishikesh APMC,1500,1250,1300,Uttarakhand,Other
02/05/2026,Brinjal,35,Dehradoon,Medium,Rishikesh APMC,1500,1200,1350,Uttarakhand,Other
04/05/2026,Brinjal,35,Dehradoon,Medium,Rishikesh APMC,1550,1200,1400,Uttarakhand,Other
07/05/2026,Brinjal,35,Dehradoon,Medium,Rishikesh APMC,1500,1000,1250,Uttarakhand,Other
11/05/2026,Brinjal,35,Dehradoon,Medium,Rishikesh APMC,1500,1000,1250,Uttarakhand,Other
05/04/2026,Cauliflower,34,Dehradoon,Medium,Rishikesh APMC,850,600,700,Uttarakhand,Other
04/04/2026,Cauliflower,34,Dehradoon,Medium,Rishikesh APMC,800,550,600,Uttarakhand,Other
19/04/2026,Cauliflower,34,Dehradoon,Medium,Rishikesh APMC,2500,1800,2000,Uttarakhand,Other
27/04/2026,Cauliflower,34,Dehradoon,Medium,Rishikesh APMC,2100,1800,2000,Uttarakhand,Other
12/04/2026,Brinjal,35,Dehradoon,Medium,Rishikesh APMC,2000,1200,1550,Uttarakhand,Other
01/05/2026,Cauliflower,34,Dehradoon,Medium,Rishikesh APMC,2500,1800,2050,Uttarakhand,Other
02/05/2026,Cauliflower,34,Dehradoon,Medium,Rishikesh APMC,2000,1500,1800,Uttarakhand,Other
04/05/2026,Cauliflower,34,Dehradoon,Medium,Rishikesh APMC,2000,1500,1800,Uttarakhand,Other
10/05/2026,Cauliflower,34,Dehradoon,Medium,Rishikesh APMC,1600,1200,1500,Uttarakhand,Other
01/04/2026,Brinjal,35,Dehradoon,Medium,Rishikesh APMC,1850,1200,1500,Uttarakhand,Other
11/04/2026,Cauliflower,34,Dehradoon,Medium,Rishikesh APMC,1200,800,1000,Uttarakhand,Other
13/04/2026,Cauliflower,34,Dehradoon,Medium,Rishikesh APMC,1200,800,1000,Uttarakhand,Other
20/04/2026,Brinjal,35,Dehradoon,Medium,Rishikesh APMC,2000,1200,1500,Uttarakhand,Other
16/04/2026,Bitter gourd,81,Dehradoon,Medium,Rishikesh APMC,2500,1800,2000,Uttarakhand,Other
21/04/2026,Bitter gourd,81,Dehradoon,Medium,Rishikesh APMC,2500,1800,2100,Uttarakhand,Other
23/04/2026,Bitter gourd,81,Dehradoon,Medium,Rishikesh APMC,2500,1800,2200,Uttarakhand,Other
26/04/2026,Bitter gourd,81,Dehradoon,Medium,Rishikesh APMC,2500,1800,2150,Uttarakhand,Other
29/04/2026,Bitter gourd,81,Dehradoon,Medium,Rishikesh APMC,1800,1200,1500,Uttarakhand,Other
01/05/2026,Bitter gourd,81,Dehradoon,Medium,Rishikesh APMC,1800,1200,1600,Uttarakhand,Other
02/05/2026,Bitter gourd,81,Dehradoon,Medium,Rishikesh APMC,1800,1200,1500,Uttarakhand,Other
05/05/2026,Tomato,78,Dehradoon,Medium,Rishikesh APMC,2000,1000,1250,Uttarakhand,Other
10/05/2026,Tomato,78,Dehradoon,Medium,Rishikesh APMC,1200,1000,1100,Uttarakhand,Other
12/05/2026,Tomato,78,Dehradoon,Medium,Rishikesh APMC,1400,1000,1200,Uttarakhand,Other
07/04/2026,Tomato,78,Dehradoon,Medium,Rishikesh APMC,1500,1000,1200,Uttarakhand,Other
08/05/2026,Bhindi(Ladies Finger),85,Dehradoon,Medium,Rishikesh APMC,2000,1500,1850,Uttarakhand,Other
14/04/2026,Tomato,78,Dehradoon,Medium,Rishikesh APMC,1800,1000,1500,Uttarakhand,Other
19/05/2026,Bhindi(Ladies Finger),85,Dehradoon,Medium,Rishikesh APMC,2000,1200,1600,Uttarakhand,Other
24/04/2026,Tomato,78,Dehradoon,Medium,Rishikesh APMC,2600,1500,2050,Uttarakhand,Other
25/04/2026,Tomato,78,Dehradoon,Medium,Rishikesh APMC,1700,800,1200,Uttarakhand,Other
04/04/2026,Tomato,78,Dehradoon,Medium,Rishikesh APMC,1600,1000,1200,Uttarakhand,Other
17/04/2026,Bhindi(Ladies Finger),85,Dehradoon,Medium,Rishikesh APMC,3000,2200,2600,Uttarakhand,Other
20/04/2026,Bhindi(Ladies Finger),85,Dehradoon,Medium,Rishikesh APMC,3500,2200,2800,Uttarakhand,Other
23/04/2026,Bhindi(Ladies Finger),85,Dehradoon,Medium,Rishikesh APMC,2850,2000,2500,Uttarakhand,Other
10/05/2026,Bhindi(Ladies Finger),85,Dehradoon,Medium,Rishikesh APMC,2000,1500,1850,Uttarakhand,Other
27/04/2026,Tomato,78,Dehradoon,Medium,Rishikesh APMC,2400,1200,1500,Uttarakhand,Other
16/04/2026,Water Melon,73,Dehradoon,Medium,Rishikesh APMC,1100,800,1000,Uttarakhand,Other
17/04/2026,Water Melon,73,Dehradoon,Medium,Rishikesh APMC,1200,800,1050,Uttarakhand,Other
20/04/2026,Water Melon,73,Dehradoon,Medium,Rishikesh APMC,1500,800,1200,Uttarakhand,Other
22/04/2026,Water Melon,73,Dehradoon,Medium,Rishikesh APMC,1200,800,1000,Uttarakhand,Other
28/04/2026,Water Melon,73,Dehradoon,Medium,Rishikesh APMC,800,600,700,Uttarakhand,Other
08/05/2026,Water Melon,73,Dehradoon,Medium,Rishikesh APMC,800,500,650,Uttarakhand,Other
18/05/2026,Water Melon,73,Dehradoon,Medium,Rishikesh APMC,600,300,400,Uttarakhand,Other
11/04/2026,Ginger(Green),103,Dehradoon,Medium,Rishikesh APMC,6000,4500,5000,Uttarakhand,Other
06/04/2026,Green Chilli,87,Dehradoon,Medium,Rishikesh APMC,3500,3000,3200,Uttarakhand,Other
09/04/2026,Green Chilli,87,Dehradoon,Medium,Rishikesh APMC,5000,4000,4500,Uttarakhand,Other
14/04/2026,Green Chilli,87,Dehradoon,Medium,Rishikesh APMC,3100,2000,2500,Uttarakhand,Other
20/04/2026,Green Chilli,87,Dehradoon,Medium,Rishikesh APMC,2850,2000,2500,Uttarakhand,Other
23/04/2026,Green Chilli,87,Dehradoon,Medium,Rishikesh APMC,2250,2000,2100,Uttarakhand,Other
03/05/2026,Green Chilli,87,Dehradoon,Medium,Rishikesh APMC,2200,1800,2000,Uttarakhand,Other
05/04/2026,Mousambi(Sweet Lime),77,Dehradoon,Medium,Rishikesh APMC,2800,2000,2600,Uttarakhand,Other
14/04/2026,Mousambi(Sweet Lime),77,Dehradoon,Medium,Rishikesh APMC,2800,2000,2600,Uttarakhand,Other
16/04/2026,Mousambi(Sweet Lime),77,Dehradoon,Medium,Rishikesh APMC,2800,2200,2600,Uttarakhand,Other
12/05/2026,Green Chilli,87,Dehradoon,Medium,Rishikesh APMC,2500,1800,2050,Uttarakhand,Other
04/05/2026,Mousambi(Sweet Lime),77,Dehradoon,Medium,Rishikesh APMC,3800,2800,3000,Uttarakhand,Other
03/05/2026,Mousambi(Sweet Lime),77,Dehradoon,Medium,Rishikesh APMC,3800,2800,3000,Uttarakhand,Other
09/05/2026,Mousambi(Sweet Lime),77,Dehradoon,Medium,Rishikesh APMC,4500,2800,3500,Uttarakhand,Other
10/05/2026,Mousambi(Sweet Lime),77,Dehradoon,Medium,Rishikesh APMC,4600,2800,3500,Uttarakhand,Other
12/05/2026,Mousambi(Sweet Lime),77,Dehradoon,Medium,Rishikesh APMC,5600,3600,4500,Uttarakhand,Other
01/04/2026,Pumpkin,84,Dehradoon,Medium,Rishikesh APMC,1500,1200,1400,Uttarakhand,Other
06/04/2026,Pumpkin,84,Dehradoon,Medium,Rishikesh APMC,1250,1000,1200,Uttarakhand,Other
16/04/2026,Pumpkin,84,Dehradoon,Medium,Rishikesh APMC,1000,800,900,Uttarakhand,Other
17/04/2026,Pumpkin,84,Dehradoon,Medium,Rishikesh APMC,1000,850,900,Uttarakhand,Other
04/05/2026,Pumpkin,84,Dehradoon,Medium,Rishikesh APMC,700,400,500,Uttarakhand,Other
07/05/2026,Pumpkin,84,Dehradoon,Medium,Rishikesh APMC,600,400,550,Uttarakhand,Other
09/05/2026,Pumpkin,84,Dehradoon,Medium,Rishikesh APMC,550,450,500,Uttarakhand,Other
14/11/2025,Cucumbar(Kheera),159,Dehradoon,FAQ,Rishikesh APMC,2000,1250,1500,Uttarakhand,Other
05/11/2025,Raddish,161,Dehradoon,FAQ,Rishikesh APMC,1150,800,1000,Uttarakhand,Other
06/11/2025,Raddish,161,Dehradoon,FAQ,Rishikesh APMC,1050,800,1000,Uttarakhand,Other
12/11/2025,Raddish,161,Dehradoon,Small,Rishikesh APMC,1000,700,900,Uttarakhand,Other
13/11/2025,Raddish,161,Dehradoon,Small,Rishikesh APMC,1000,700,925,Uttarakhand,Other
18/11/2025,Raddish,161,Dehradoon,Medium,Rishikesh APMC,900,750,800,Uttarakhand,Other
18/12/2025,Raddish,161,Dehradoon,Small,Rishikesh APMC,600,400,500,Uttarakhand,Raddish
12/12/2025,Pumpkin,84,Dehradoon,Medium,Rishikesh APMC,1200,1000,1100,Uttarakhand,Other
17/12/2025,Pumpkin,84,Dehradoon,Medium,Rishikesh APMC,1400,1000,1250,Uttarakhand,Other
28/12/2025,Brinjal,35,Dehradoon,Medium,Rishikesh APMC,1800,1250,1500,Uttarakhand,Other
03/12/2025,Cauliflower,34,Dehradoon,Small,Rishikesh APMC,2250,1800,2000,Uttarakhand,Other
29/12/2025,Cauliflower,34,Dehradoon,Local,Rishikesh APMC,700,600,650,Uttarakhand,Other
18/12/2025,Potato,24,Dehradoon,Small,Rishikesh APMC,975,850,900,Uttarakhand,Other
24/12/2025,Potato,24,Dehradoon,Medium,Rishikesh APMC,900,800,830,Uttarakhand,Other
05/12/2025,Banana,19,Dehradoon,Medium,Rishikesh APMC,1400,1000,1200,Uttarakhand,Other
06/12/2025,Banana,19,Dehradoon,Medium,Rishikesh APMC,1350,1000,1200,Uttarakhand,Other
17/12/2025,Banana,19,Dehradoon,Grade C,Rishikesh APMC,1400,1100,1200,Uttarakhand,Other
03/12/2025,Green Chilli,87,Dehradoon,Medium,Rishikesh APMC,4500,3500,3800,Uttarakhand,Other
21/12/2025,Ginger(Green),103,Dehradoon,Medium,Rishikesh APMC,4200,3800,4000,Uttarakhand,Other
24/12/2025,Ginger(Green),103,Dehradoon,Medium,Rishikesh APMC,4600,3800,4000,Uttarakhand,Other
27/12/2025,Pomegranate,190,Dehradoon,Medium,Rishikesh APMC,5025,3000,4200,Uttarakhand,Other
29/12/2025,Pomegranate,190,Dehradoon,Grade C,Rishikesh APMC,5000,3000,4000,Uttarakhand,Other
06/12/2025,Pomegranate,190,Dehradoon,Medium,Rishikesh APMC,5800,3200,4200,Uttarakhand,Other
24/12/2025,Pomegranate,190,Dehradoon,Medium,Rishikesh APMC,5400,3200,4000,Uttarakhand,Other
07/12/2025,Pomegranate,190,Dehradoon,Medium,Rishikesh APMC,5850,3200,4200,Uttarakhand,Other
05/12/2025,Guava,185,Dehradoon,Small,Rishikesh APMC,3500,2200,2600,Uttarakhand,Other
23/12/2025,Tomato,78,Dehradoon,Medium,Rishikesh APMC,3400,2100,3200,Uttarakhand,Other
20/12/2025,Tomato,78,Dehradoon,Small,Rishikesh APMC,3800,2050,3000,Uttarakhand,Other
21/12/2025,Tomato,78,Dehradoon,Grade C,Rishikesh APMC,3400,2000,3000,Uttarakhand,Other
08/12/2025,Cabbage,154,Dehradoon,Small,Rishikesh APMC,1000,850,900,Uttarakhand,Other
11/12/2025,Cabbage,154,Dehradoon,Medium,Rishikesh APMC,1000,800,950,Uttarakhand,Other
12/12/2025,Cabbage,154,Dehradoon,Medium,Rishikesh APMC,1000,850,900,Uttarakhand,Other
29/12/2025,Cabbage,154,Dehradoon,Medium,Rishikesh APMC,650,500,550,Uttarakhand,Other
23/12/2025,Cabbage,154,Dehradoon,Medium,Rishikesh APMC,750,500,600,Uttarakhand,Other
01/12/2025,Potato,24,Dehradoon,Small,Rishikesh APMC,1100,1000,1050,Uttarakhand,Other
04/12/2025,Potato,24,Dehradoon,Small,Rishikesh APMC,1100,950,1000,Uttarakhand,Other
06/12/2025,Potato,24,Dehradoon,Small,Rishikesh APMC,1100,950,1000,Uttarakhand,Other
07/12/2025,Potato,24,Dehradoon,Small,Rishikesh APMC,1100,900,1050,Uttarakhand,Other
16/12/2025,Mousambi(Sweet Lime),77,Dehradoon,Medium,Rishikesh APMC,3200,2400,2700,Uttarakhand,Other
23/12/2025,Mousambi(Sweet Lime),77,Dehradoon,Medium,Rishikesh APMC,2700,2250,2400,Uttarakhand,Other
16/12/2025,Papaya,72,Dehradoon,Medium,Rishikesh APMC,2150,1800,2025,Uttarakhand,Other
10/12/2025,Pumpkin,84,Dehradoon,Medium,Rishikesh APMC,1200,800,1000,Uttarakhand,Other
09/12/2025,Pumpkin,84,Dehradoon,Small,Rishikesh APMC,1200,800,1050,Uttarakhand,Other
06/12/2025,Cucumbar(Kheera),159,Dehradoon,Small,Rishikesh APMC,1650,1400,1500,Uttarakhand,Other
20/12/2025,Cucumbar(Kheera),159,Dehradoon,Medium,Rishikesh APMC,1625,1400,1500,Uttarakhand,Other
27/12/2025,Cucumbar(Kheera),159,Dehradoon,Medium,Rishikesh APMC,1600,1200,1500,Uttarakhand,Other
08/12/2025,Cucumbar(Kheera),159,Dehradoon,Small,Rishikesh APMC,1600,1450,1500,Uttarakhand,Other
28/12/2025,Cucumbar(Kheera),159,Dehradoon,Medium,Rishikesh APMC,1500,1000,1200,Uttarakhand,Other
09/12/2025,Cucumbar(Kheera),159,Dehradoon,Small,Rishikesh APMC,1800,1200,1600,Uttarakhand,Other
03/12/2025,Cucumbar(Kheera),159,Dehradoon,Small,Rishikesh APMC,2000,1500,1800,Uttarakhand,Other
09/12/2025,Mousambi(Sweet Lime),77,Dehradoon,Medium,Rishikesh APMC,3000,2450,2600,Uttarakhand,Other
08/12/2025,Mousambi(Sweet Lime),77,Dehradoon,Medium,Rishikesh APMC,2800,2400,2600,Uttarakhand,Other
12/12/2025,Mousambi(Sweet Lime),77,Dehradoon,Medium,Rishikesh APMC,3000,2400,2600,Uttarakhand,Other
24/12/2025,Mousambi(Sweet Lime),77,Dehradoon,Medium,Rishikesh APMC,2500,2100,2200,Uttarakhand,Other
07/12/2025,Papaya,72,Dehradoon,Medium,Rishikesh APMC,2100,1800,2050,Uttarakhand,Other
08/12/2025,Papaya,72,Dehradoon,Small,Rishikesh APMC,2100,1875,2000,Uttarakhand,Other
01/12/2025,Bottle gourd,82,Dehradoon,Medium,Rishikesh APMC,2050,1500,2000,Uttarakhand,Other
16/12/2025,Tomato,78,Dehradoon,Small,Rishikesh APMC,3800,2000,3000,Uttarakhand,Other
17/12/2025,Tomato,78,Dehradoon,Medium,Rishikesh APMC,3750,2000,3025,Uttarakhand,Other
01/12/2025,Chikoos(Sapota),71,Dehradoon,Medium,Rishikesh APMC,4000,3000,3400,Uttarakhand,Other
11/12/2025,Green Chilli,87,Dehradoon,Medium,Rishikesh APMC,4200,3500,4075,Uttarakhand,Other
14/12/2025,Green Chilli,87,Dehradoon,Small,Rishikesh APMC,4400,3550,4000,Uttarakhand,Other
30/12/2025,Green Chilli,87,Dehradoon,Local,Rishikesh APMC,3800,3000,3500,Uttarakhand,Other
29/12/2025,Green Chilli,87,Dehradoon,Medium,Rishikesh APMC,3650,3000,3400,Uttarakhand,Other
10/12/2025,Tomato,78,Dehradoon,Small,Rishikesh APMC,2400,1200,2050,Uttarakhand,Other
05/12/2025,Green Chilli,87,Dehradoon,Medium,Rishikesh APMC,4500,3500,3850,Uttarakhand,Other
10/12/2025,Green Chilli,87,Dehradoon,Small,Rishikesh APMC,4200,3500,4000,Uttarakhand,Other
12/12/2025,Orange,18,Dehradoon,Medium,Rishikesh APMC,4000,3200,3500,Uttarakhand,Other
23/12/2025,Orange,18,Dehradoon,Medium,Rishikesh APMC,3450,3000,3200,Uttarakhand,Other
27/12/2025,Orange,18,Dehradoon,Medium,Rishikesh APMC,3300,3000,3200,Uttarakhand,Other
08/12/2025,Apple,17,Dehradoon,Medium,Rishikesh APMC,5900,4000,4800,Uttarakhand,Kasmir/Shimla - II
28/12/2025,Apple,17,Dehradoon,Medium,Rishikesh APMC,5800,3500,4000,Uttarakhand,Kasmir/Shimla - II
07/12/2025,Apple,17,Dehradoon,Medium,Rishikesh APMC,5900,4000,4850,Uttarakhand,Other
30/12/2025,Capsicum,164,Dehradoon,Medium,Rishikesh APMC,2350,1800,2000,Uttarakhand,Other
28/12/2025,Field Pea,64,Dehradoon,Local,Rishikesh APMC,2400,1800,2000,Uttarakhand,Other
11/12/2025,Ginger(Green),103,Dehradoon,Medium,Rishikesh APMC,5000,3500,4250,Uttarakhand,Other
14/12/2025,Onion,23,Dehradoon,Medium,Rishikesh APMC,1400,1250,1325,Uttarakhand,Other
08/12/2025,Onion,23,Dehradoon,Small,Rishikesh APMC,1400,1250,1300,Uttarakhand,Other
11/12/2025,Onion,23,Dehradoon,Small,Rishikesh APMC,1400,1200,1300,Uttarakhand,Other
01/12/2025,Carrot,153,Dehradoon,Medium,Rishikesh APMC,2400,2000,2200,Uttarakhand,Other
09/12/2025,Carrot,153,Dehradoon,Small,Rishikesh APMC,2000,1400,1825,Uttarakhand,Other
07/12/2025,Carrot,153,Dehradoon,Local,Rishikesh APMC,2000,1400,1850,Uttarakhand,Other
19/12/2025,Carrot,153,Dehradoon,Local,Rishikesh APMC,1500,800,1250,Uttarakhand,Other
30/12/2025,Carrot,153,Dehradoon,Medium,Rishikesh APMC,1200,800,1000,Uttarakhand,Other
24/12/2025,Raddish,161,Dehradoon,Medium,Rishikesh APMC,400,300,350,Uttarakhand,Other
28/12/2025,Raddish,161,Dehradoon,Medium,Rishikesh APMC,450,350,400,Uttarakhand,Other
29/12/2025,Raddish,161,Dehradoon,Medium,Rishikesh APMC,450,400,425,Uttarakhand,Other
04/12/2025,Raddish,161,Dehradoon,Medium,Rishikesh APMC,750,500,550,Uttarakhand,Other
09/12/2025,Raddish,161,Dehradoon,Small,Rishikesh APMC,600,400,550,Uttarakhand,Other
12/12/2025,Raddish,161,Dehradoon,Medium,Rishikesh APMC,550,350,450,Uttarakhand,Other
06/12/2025,French Beans(Frasbean),298,Dehradoon,Medium,Rishikesh APMC,2350,1500,2000,Uttarakhand,Other
08/12/2025,French Beans(Frasbean),298,Dehradoon,Medium,Rishikesh APMC,2300,1500,2000,Uttarakhand,Other
11/12/2025,French Beans(Frasbean),298,Dehradoon,Medium,Rishikesh APMC,2300,1550,2000,Uttarakhand,Other
19/12/2025,French Beans(Frasbean),298,Dehradoon,Medium,Rishikesh APMC,2075,1800,2000,Uttarakhand,Other
28/12/2025,French Beans(Frasbean),298,Dehradoon,Medium,Rishikesh APMC,2000,1600,1800,Uttarakhand,Other
21/12/2025,Indian Beans(Seam),299,Dehradoon,Medium,Rishikesh APMC,3400,2000,3200,Uttarakhand,Other
28/12/2025,Indian Beans(Seam),299,Dehradoon,Medium,Rishikesh APMC,2000,1500,1600,Uttarakhand,Other
02/12/2025,Lime,180,Dehradoon,Medium,Rishikesh APMC,4000,3500,3850,Uttarakhand,Other
03/12/2025,Lime,180,Dehradoon,Small,Rishikesh APMC,4000,3550,3700,Uttarakhand,Other
21/12/2025,Lime,180,Dehradoon,Medium,Rishikesh APMC,3600,3000,3200,Uttarakhand,Other
02/12/2025,Brinjal,35,Dehradoon,Medium,Rishikesh APMC,1800,1200,1450,Uttarakhand,Other
09/12/2025,Brinjal,35,Dehradoon,Medium,Rishikesh APMC,1500,1000,1250,Uttarakhand,Other
07/12/2025,Brinjal,35,Dehradoon,Medium,Rishikesh APMC,1500,1000,1250,Uttarakhand,Other
08/12/2025,Brinjal,35,Dehradoon,Small,Rishikesh APMC,1500,1000,1200,Uttarakhand,Other
12/11/2025,Pomegranate,190,Dehradoon,Small,Rishikesh APMC,8500,6500,8000,Uttarakhand,Other
21/11/2025,Pomegranate,190,Dehradoon,Small,Rishikesh APMC,9400,5400,7200,Uttarakhand,Other
20/11/2025,Pomegranate,190,Dehradoon,Small,Rishikesh APMC,11000,6500,8600,Uttarakhand,Other
27/11/2025,Pomegranate,190,Dehradoon,Medium,Rishikesh APMC,9000,5400,7350,Uttarakhand,Other
07/11/2025,Guava,185,Dehradoon,Small,Rishikesh APMC,3000,2000,2450,Uttarakhand,Other
13/11/2025,Guava,185,Dehradoon,Local,Rishikesh APMC,2800,2000,2550,Uttarakhand,Other
09/11/2025,Guava,185,Dehradoon,Small,Rishikesh APMC,2800,2000,2450,Uttarakhand,Other
14/11/2025,Guava,185,Dehradoon,Medium,Rishikesh APMC,2800,2000,2500,Uttarakhand,Other
21/11/2025,Guava,185,Dehradoon,Small,Rishikesh APMC,3200,2250,2650,Uttarakhand,Other
26/11/2025,Guava,185,Dehradoon,Small,Rishikesh APMC,3000,2200,2650,Uttarakhand,Other
10/11/2025,Cucumbar(Kheera),159,Dehradoon,Small,Rishikesh APMC,2000,1250,1500,Uttarakhand,Other
17/11/2025,Cucumbar(Kheera),159,Dehradoon,FAQ,Rishikesh APMC,2000,1250,1550,Uttarakhand,Other
22/11/2025,Cucumbar(Kheera),159,Dehradoon,Small,Rishikesh APMC,2000,1225,1550,Uttarakhand,Other
16/11/2025,Raddish,161,Dehradoon,FAQ,Rishikesh APMC,1000,700,900,Uttarakhand,Raddish
11/11/2025,Raddish,161,Dehradoon,Small,Rishikesh APMC,900,750,800,Uttarakhand,Raddish
22/11/2025,Raddish,161,Dehradoon,Small,Rishikesh APMC,900,750,800,Uttarakhand,Other
25/11/2025,Raddish,161,Dehradoon,Local,Rishikesh APMC,825,700,800,Uttarakhand,Raddish
11/11/2025,Colacasia,318,Dehradoon,FAQ,Rishikesh APMC,2050,1200,1500,Uttarakhand,Other
02/11/2025,Colacasia,318,Dehradoon,FAQ,Rishikesh APMC,2200,1800,2000,Uttarakhand,Other
14/11/2025,Colacasia,318,Dehradoon,Small,Rishikesh APMC,2000,1200,1500,Uttarakhand,Other
07/11/2025,Lime,180,Dehradoon,Small,Rishikesh APMC,4500,2800,3600,Uttarakhand,Other
08/11/2025,Lime,180,Dehradoon,Small,Rishikesh APMC,4000,2800,3500,Uttarakhand,Other
09/11/2025,Lime,180,Dehradoon,Small,Rishikesh APMC,4050,2800,3500,Uttarakhand,Other
17/11/2025,Lime,180,Dehradoon,Small,Rishikesh APMC,4000,2500,3500,Uttarakhand,Other
19/11/2025,Lime,180,Dehradoon,Small,Rishikesh APMC,4000,2500,3400,Uttarakhand,Other
03/11/2025,Lime,180,Dehradoon,Small,Rishikesh APMC,4400,2800,3650,Uttarakhand,Lime
04/11/2025,Lime,180,Dehradoon,Small,Rishikesh APMC,4400,2800,3600,Uttarakhand,Lime
05/11/2025,Lime,180,Dehradoon,Small,Rishikesh APMC,4500,2800,3650,Uttarakhand,Lime
06/11/2025,Lime,180,Dehradoon,Small,Rishikesh APMC,4200,2800,3600,Uttarakhand,Lime
13/11/2025,Brinjal,35,Dehradoon,Small,Rishikesh APMC,2000,1500,1825,Uttarakhand,Other
22/11/2025,Brinjal,35,Dehradoon,Small,Rishikesh APMC,1800,1300,1700,Uttarakhand,Other
27/11/2025,Brinjal,35,Dehradoon,Small,Rishikesh APMC,2200,1325,1725,Uttarakhand,Other
09/11/2025,Orange,18,Dehradoon,Small,Rishikesh APMC,4250,3200,3800,Uttarakhand,Other
08/11/2025,Orange,18,Dehradoon,Small,Rishikesh APMC,4200,3200,3800,Uttarakhand,Other
05/11/2025,Orange,18,Dehradoon,Small,Rishikesh APMC,4200,3300,3800,Uttarakhand,Other
24/11/2025,Onion,23,Dehradoon,Medium,Rishikesh APMC,1550,1250,1500,Uttarakhand,Other
25/11/2025,Onion,23,Dehradoon,Small,Rishikesh APMC,1500,1250,1400,Uttarakhand,Other
28/11/2025,Onion,23,Dehradoon,Small,Rishikesh APMC,1500,1200,1475,Uttarakhand,Other
29/11/2025,Onion,23,Dehradoon,Small,Rishikesh APMC,1500,1200,1450,Uttarakhand,Other
21/11/2025,Potato,24,Dehradoon,FAQ,Rishikesh APMC,1600,1200,1500,Uttarakhand,Other
22/11/2025,Potato,24,Dehradoon,FAQ,Rishikesh APMC,1600,1250,1510,Uttarakhand,Other
07/11/2025,Potato,24,Dehradoon,FAQ,Rishikesh APMC,1800,1400,1600,Uttarakhand,Other
10/11/2025,Potato,24,Dehradoon,FAQ,Rishikesh APMC,1800,1400,1600,Uttarakhand,Other
21/11/2025,Ginger(Green),103,Dehradoon,Small,Rishikesh APMC,4200,3250,3800,Uttarakhand,Other
10/11/2025,Cabbage,154,Dehradoon,Medium,Rishikesh APMC,1700,1400,1575,Uttarakhand,Other
13/11/2025,Chikoos(Sapota),71,Dehradoon,Small,Rishikesh APMC,4000,3000,3550,Uttarakhand,Other
19/11/2025,Chikoos(Sapota),71,Dehradoon,Medium,Rishikesh APMC,4075,3000,3450,Uttarakhand,Other
22/11/2025,Chikoos(Sapota),71,Dehradoon,Small,Rishikesh APMC,4000,3075,3600,Uttarakhand,Other
19/11/2025,Mousambi(Sweet Lime),77,Dehradoon,Small,Rishikesh APMC,2755,2400,2600,Uttarakhand,Other
20/11/2025,Mousambi(Sweet Lime),77,Dehradoon,Medium,Rishikesh APMC,2800,2400,2650,Uttarakhand,Other
24/11/2025,Mousambi(Sweet Lime),77,Dehradoon,Small,Rishikesh APMC,2800,2050,2600,Uttarakhand,Other
25/11/2025,Mousambi(Sweet Lime),77,Dehradoon,Medium,Rishikesh APMC,2725,2000,2650,Uttarakhand,Other
26/11/2025,Mousambi(Sweet Lime),77,Dehradoon,Medium,Rishikesh APMC,2800,2000,2650,Uttarakhand,Other
14/11/2025,Ginger(Green),103,Dehradoon,Medium,Rishikesh APMC,5000,3200,4000,Uttarakhand,Other
03/11/2025,Ginger(Green),103,Dehradoon,FAQ,Rishikesh APMC,7100,4250,6200,Uttarakhand,Other
06/11/2025,Ginger(Green),103,Dehradoon,FAQ,Rishikesh APMC,6000,4000,5300,Uttarakhand,Other
04/11/2025,Ginger(Green),103,Dehradoon,FAQ,Rishikesh APMC,7000,4000,6200,Uttarakhand,Other
18/11/2025,Green Chilli,87,Dehradoon,Small,Rishikesh APMC,3000,2150,2800,Uttarakhand,Other
08/11/2025,Bhindi(Ladies Finger),85,Dehradoon,Medium,Rishikesh APMC,3800,2800,3500,Uttarakhand,Other
13/11/2025,Bhindi(Ladies Finger),85,Dehradoon,Small,Rishikesh APMC,4000,2850,3500,Uttarakhand,Other
07/11/2025,Pumpkin,84,Dehradoon,Small,Rishikesh APMC,1200,850,1000,Uttarakhand,Other
08/11/2025,Pumpkin,84,Dehradoon,FAQ,Rishikesh APMC,1050,800,1000,Uttarakhand,Other
12/11/2025,Pumpkin,84,Dehradoon,Local,Rishikesh APMC,1000,850,900,Uttarakhand,Other
03/11/2025,Pumpkin,84,Dehradoon,FAQ,Rishikesh APMC,1200,850,1000,Uttarakhand,Other
05/11/2025,Pumpkin,84,Dehradoon,FAQ,Rishikesh APMC,1200,850,1000,Uttarakhand,Other
12/11/2025,Ginger(Green),103,Dehradoon,Medium,Rishikesh APMC,6050,3200,4000,Uttarakhand,Other
03/11/2025,Cabbage,154,Dehradoon,FAQ,Rishikesh APMC,2000,1600,1800,Uttarakhand,Other
04/11/2025,Cabbage,154,Dehradoon,FAQ,Rishikesh APMC,2000,1600,1850,Uttarakhand,Other
09/11/2025,Cabbage,154,Dehradoon,Small,Rishikesh APMC,1800,1400,1650,Uttarakhand,Other
13/11/2025,Mousambi(Sweet Lime),77,Dehradoon,Small,Rishikesh APMC,2600,2450,2500,Uttarakhand,Other
04/11/2025,Mousambi(Sweet Lime),77,Dehradoon,Small,Rishikesh APMC,2800,2400,2500,Uttarakhand,Other
18/11/2025,Cauliflower,34,Dehradoon,Medium,Rishikesh APMC,2000,1250,1625,Uttarakhand,Other
17/11/2025,Brinjal,35,Dehradoon,FAQ,Rishikesh APMC,1850,1400,1600,Uttarakhand,Other
12/11/2025,Cauliflower,34,Dehradoon,Medium,Rishikesh APMC,1500,1250,1400,Uttarakhand,Other
13/11/2025,Cauliflower,34,Dehradoon,Small,Rishikesh APMC,1400,1200,1350,Uttarakhand,Other
24/11/2025,Cauliflower,34,Dehradoon,Medium,Rishikesh APMC,1800,1250,1600,Uttarakhand,Other
16/11/2025,Cauliflower,34,Dehradoon,Small,Rishikesh APMC,4000,2502,3500,Uttarakhand,Other
28/11/2025,Orange,18,Dehradoon,Medium,Rishikesh APMC,3600,3000,3200,Uttarakhand,Other
29/11/2025,Orange,18,Dehradoon,Small,Rishikesh APMC,3600,3000,3250,Uttarakhand,Other
22/11/2025,Cauliflower,34,Dehradoon,Small,Rishikesh APMC,1825,1200,1600,Uttarakhand,Other
20/11/2025,Cauliflower,34,Dehradoon,Medium,Rishikesh APMC,2000,1200,1600,Uttarakhand,Other
06/11/2025,Cauliflower,34,Dehradoon,FAQ,Rishikesh APMC,1700,1400,1500,Uttarakhand,Other
02/11/2025,Banana,19,Dehradoon,Small,Rishikesh APMC,1400,1100,1250,Uttarakhand,Other
10/11/2025,Banana,19,Dehradoon,Small,Rishikesh APMC,1500,1100,1250,Uttarakhand,Other
26/11/2025,Banana,19,Dehradoon,Medium,Rishikesh APMC,1400,1000,1250,Uttarakhand,Other
19/11/2025,Banana,19,Dehradoon,Medium,Rishikesh APMC,1325,1000,1240,Uttarakhand,Other
24/11/2025,Banana,19,Dehradoon,Small,Rishikesh APMC,1300,1000,1250,Uttarakhand,Other
17/11/2025,Banana,19,Dehradoon,Small,Rishikesh APMC,1300,1000,1200,Uttarakhand,Other
11/11/2025,Banana,19,Dehradoon,Medium,Rishikesh APMC,1400,1100,1200,Uttarakhand,Other
13/11/2025,Tomato,78,Dehradoon,FAQ,Rishikesh APMC,3000,1800,2400,Uttarakhand,Other
19/11/2025,Tomato,78,Dehradoon,FAQ,Rishikesh APMC,3400,2100,3050,Uttarakhand,Other
23/11/2025,Tomato,78,Dehradoon,Medium,Rishikesh APMC,4550,3800,4000,Uttarakhand,Other
09/11/2025,Tomato,78,Dehradoon,FAQ,Rishikesh APMC,2300,1400,1925,Uttarakhand,Other
02/11/2025,Apple,17,Dehradoon,Small,Rishikesh APMC,6200,2800,4200,Uttarakhand,Other
10/11/2025,Apple,17,Dehradoon,Small,Rishikesh APMC,5800,2475,4200,Uttarakhand,Other
10/11/2025,Tomato,78,Dehradoon,FAQ,Rishikesh APMC,2300,1400,1950,Uttarakhand,Other
03/11/2025,Tomato,78,Dehradoon,FAQ,Rishikesh APMC,2000,1400,1800,Uttarakhand,Other
24/11/2025,Green Chilli,87,Dehradoon,Small,Rishikesh APMC,3600,2400,3000,Uttarakhand,Other
21/11/2025,Pumpkin,84,Dehradoon,Local,Rishikesh APMC,1000,850,925,Uttarakhand,Other
05/11/2025,Bhindi(Ladies Finger),85,Dehradoon,FAQ,Rishikesh APMC,2650,1800,2000,Uttarakhand,Other
19/11/2025,Bhindi(Ladies Finger),85,Dehradoon,Medium,Rishikesh APMC,4000,2200,3500,Uttarakhand,Other
01/11/2025,Bottle gourd,82,Dehradoon,FAQ,Rishikesh APMC,2500,1800,2300,Uttarakhand,Bottle Gourd
02/11/2025,Bottle gourd,82,Dehradoon,FAQ,Rishikesh APMC,2400,1500,1840,Uttarakhand,Bottle Gourd
03/11/2025,Bitter gourd,81,Dehradoon,FAQ,Rishikesh APMC,3800,3000,3500,Uttarakhand,Other
28/11/2025,Tomato,78,Dehradoon,Medium,Rishikesh APMC,3500,2400,3025,Uttarakhand,Other
11/11/2025,Bottle gourd,82,Dehradoon,Small,Rishikesh APMC,1950,1550,1600,Uttarakhand,Other
13/11/2025,Carrot,153,Dehradoon,Medium,Rishikesh APMC,2400,1800,2050,Uttarakhand,Other
06/11/2025,Brinjal,35,Dehradoon,FAQ,Rishikesh APMC,2400,1500,1800,Uttarakhand,Brinjal
26/11/2025,Bottle gourd,82,Dehradoon,Small,Rishikesh APMC,2500,1800,2000,Uttarakhand,Other
25/11/2025,Bottle gourd,82,Dehradoon,Local,Rishikesh APMC,2400,1800,2000,Uttarakhand,Other
27/11/2025,Bottle gourd,82,Dehradoon,Small,Rishikesh APMC,2400,1800,2050,Uttarakhand,Other
03/11/2025,Orange,18,Dehradoon,Small,Rishikesh APMC,4200,3500,3800,Uttarakhand,Other
18/11/2025,Orange,18,Dehradoon,Small,Rishikesh APMC,4000,3000,3600,Uttarakhand,Other
07/11/2025,Papaya,72,Dehradoon,Small,Rishikesh APMC,2000,1600,1850,Uttarakhand,Other
11/11/2025,Papaya,72,Dehradoon,Small,Rishikesh APMC,2000,1600,1850,Uttarakhand,Other
04/11/2025,Papaya,72,Dehradoon,Small,Rishikesh APMC,2000,1600,1800,Uttarakhand,Other
14/11/2025,Papaya,72,Dehradoon,Small,Rishikesh APMC,2200,1600,1800,Uttarakhand,Other
22/11/2025,Papaya,72,Dehradoon,Small,Rishikesh APMC,2500,2050,2100,Uttarakhand,Other
25/11/2025,Papaya,72,Dehradoon,Small,Rishikesh APMC,2500,2000,2100,Uttarakhand,Other
27/11/2025,Papaya,72,Dehradoon,Medium,Rishikesh APMC,2500,2000,2150,Uttarakhand,Other
27/11/2025,Bhindi(Ladies Finger),85,Dehradoon,Small,Rishikesh APMC,4500,3000,4050,Uttarakhand,Other
07/11/2025,Green Chilli,87,Dehradoon,FAQ,Rishikesh APMC,2500,2000,2100,Uttarakhand,Other
13/11/2025,Green Chilli,87,Dehradoon,Medium,Rishikesh APMC,3000,2050,2400,Uttarakhand,Other
03/01/2026,Field Pea,64,Dehradoon,Medium,Rishikesh APMC,2100,1600,1800,Uttarakhand,Other
04/01/2026,Field Pea,64,Dehradoon,Medium,Rishikesh APMC,1900,1600,1800,Uttarakhand,Other
09/01/2026,Field Pea,64,Dehradoon,Medium,Rishikesh APMC,2000,1500,1850,Uttarakhand,Other
16/01/2026,Field Pea,64,Dehradoon,Medium,Rishikesh APMC,2000,1600,1800,Uttarakhand,Other
23/01/2026,Field Pea,64,Dehradoon,Medium,Rishikesh APMC,2000,1400,1850,Uttarakhand,Other
29/01/2026,Field Pea,64,Dehradoon,Medium,Rishikesh APMC,2000,1500,1800,Uttarakhand,Other
09/01/2026,Mousambi(Sweet Lime),77,Dehradoon,Medium,Rishikesh APMC,2600,2250,2500,Uttarakhand,Other
14/01/2026,Mousambi(Sweet Lime),77,Dehradoon,Medium,Rishikesh APMC,2800,2400,2650,Uttarakhand,Other
19/01/2026,Mousambi(Sweet Lime),77,Dehradoon,Medium,Rishikesh APMC,2800,2400,2600,Uttarakhand,Other
23/01/2026,Mousambi(Sweet Lime),77,Dehradoon,Medium,Rishikesh APMC,2800,2400,2600,Uttarakhand,Other
02/01/2026,Apple,17,Dehradoon,Medium,Rishikesh APMC,4800,3400,3800,Uttarakhand,Kasmir/Shimla - II
03/01/2026,Apple,17,Dehradoon,Medium,Rishikesh APMC,4500,3400,3850,Uttarakhand,Kasmir/Shimla - II
05/01/2026,Apple,17,Dehradoon,Medium,Rishikesh APMC,4250,3400,3850,Uttarakhand,Kasmir/Shimla - II
14/01/2026,Apple,17,Dehradoon,Medium,Rishikesh APMC,5500,3500,3850,Uttarakhand,Kasmir/Shimla - II
24/01/2026,Apple,17,Dehradoon,Medium,Rishikesh APMC,6800,3800,5050,Uttarakhand,Kasmir/Shimla - II
29/01/2026,Onion,23,Dehradoon,Medium,Rishikesh APMC,2400,1800,2000,Uttarakhand,Nasik
30/01/2026,Onion,23,Dehradoon,Local,Rishikesh APMC,2200,1650,1875,Uttarakhand,Nasik
30/01/2026,Brinjal,35,Dehradoon,Medium,Rishikesh APMC,1500,1200,1400,Uttarakhand,Brinjal
14/01/2026,Potato,24,Dehradoon,Medium,Rishikesh APMC,650,600,625,Uttarakhand,Other
24/01/2026,Potato,24,Dehradoon,Medium,Rishikesh APMC,500,400,450,Uttarakhand,Other
09/01/2026,Brinjal,35,Dehradoon,Medium,Rishikesh APMC,2000,1500,1850,Uttarakhand,Other
05/01/2026,Potato,24,Dehradoon,Medium,Rishikesh APMC,675,600,625,Uttarakhand,Other
10/01/2026,Potato,24,Dehradoon,Medium,Rishikesh APMC,640,600,625,Uttarakhand,Other
30/01/2026,Potato,24,Dehradoon,Medium,Rishikesh APMC,580,425,500,Uttarakhand,Other
02/01/2026,Cauliflower,34,Dehradoon,Medium,Rishikesh APMC,700,500,600,Uttarakhand,Other
05/01/2026,Cauliflower,34,Dehradoon,Medium,Rishikesh APMC,700,600,650,Uttarakhand,Other
11/01/2026,Cauliflower,34,Dehradoon,Medium,Rishikesh APMC,650,500,550,Uttarakhand,Other
08/01/2026,Brinjal,35,Dehradoon,Medium,Rishikesh APMC,2000,1500,1800,Uttarakhand,Other
26/01/2026,Brinjal,35,Dehradoon,Medium,Rishikesh APMC,2000,1400,1650,Uttarakhand,Other
20/01/2026,Brinjal,35,Dehradoon,Medium,Rishikesh APMC,1800,1250,1500,Uttarakhand,Other
21/01/2026,Onion,23,Dehradoon,Medium,Rishikesh APMC,2050,1800,2000,Uttarakhand,Other
04/01/2026,Onion,23,Dehradoon,Medium,Rishikesh APMC,2500,1800,2000,Uttarakhand,Other
09/01/2026,Onion,23,Dehradoon,Medium,Rishikesh APMC,2400,1850,2000,Uttarakhand,Other
10/01/2026,Onion,23,Dehradoon,Medium,Rishikesh APMC,2200,1800,2050,Uttarakhand,Other
19/01/2026,Onion,23,Dehradoon,Medium,Rishikesh APMC,2000,1800,1900,Uttarakhand,Other
06/01/2026,Orange,18,Dehradoon,Grade C,Rishikesh APMC,3500,2500,3000,Uttarakhand,Other
12/01/2026,Orange,18,Dehradoon,Medium,Rishikesh APMC,3250,2500,2800,Uttarakhand,Other
14/01/2026,Orange,18,Dehradoon,Medium,Rishikesh APMC,3250,2500,2800,Uttarakhand,Other
20/01/2026,Orange,18,Dehradoon,Medium,Rishikesh APMC,3100,2550,2800,Uttarakhand,Other
19/01/2026,Orange,18,Dehradoon,Medium,Rishikesh APMC,3100,2500,2850,Uttarakhand,Other
29/01/2026,Orange,18,Dehradoon,Medium,Rishikesh APMC,3200,2500,2800,Uttarakhand,Other
16/01/2026,Brinjal,35,Dehradoon,Medium,Rishikesh APMC,1500,1200,1400,Uttarakhand,Brinjal
07/01/2026,Green Chilli,87,Dehradoon,Medium,Rishikesh APMC,6000,3500,4550,Uttarakhand,Other
20/01/2026,Green Chilli,87,Dehradoon,Medium,Rishikesh APMC,5400,3800,4650,Uttarakhand,Other
23/01/2026,Green Chilli,87,Dehradoon,Medium,Rishikesh APMC,6600,4500,5550,Uttarakhand,Other
24/01/2026,Green Chilli,87,Dehradoon,Medium,Rishikesh APMC,6600,4500,5500,Uttarakhand,Other
14/01/2026,Papaya,72,Dehradoon,Medium,Rishikesh APMC,2400,1800,2000,Uttarakhand,Other
20/01/2026,Papaya,72,Dehradoon,Medium,Rishikesh APMC,2400,1800,2000,Uttarakhand,Other
18/01/2026,Papaya,72,Dehradoon,Medium,Rishikesh APMC,2200,1800,2050,Uttarakhand,Other
22/01/2026,Papaya,72,Dehradoon,Medium,Rishikesh APMC,2400,1850,2000,Uttarakhand,Other
27/01/2026,Papaya,72,Dehradoon,Medium,Rishikesh APMC,2500,1800,2000,Uttarakhand,Other
04/01/2026,Raddish,161,Dehradoon,Medium,Rishikesh APMC,550,400,500,Uttarakhand,Raddish
09/01/2026,Raddish,161,Dehradoon,Medium,Rishikesh APMC,700,500,625,Uttarakhand,Raddish
03/01/2026,Raddish,161,Dehradoon,Medium,Rishikesh APMC,500,400,475,Uttarakhand,Other
20/01/2026,Raddish,161,Dehradoon,Medium,Rishikesh APMC,700,600,625,Uttarakhand,Other
02/01/2026,Cabbage,154,Dehradoon,Local,Rishikesh APMC,600,500,550,Uttarakhand,Other
10/01/2026,Cabbage,154,Dehradoon,Medium,Rishikesh APMC,500,400,425,Uttarakhand,Other
16/01/2026,Cabbage,154,Dehradoon,Medium,Rishikesh APMC,650,450,550,Uttarakhand,Other
20/01/2026,Cabbage,154,Dehradoon,Medium,Rishikesh APMC,600,450,500,Uttarakhand,Other
30/01/2026,Cabbage,154,Dehradoon,Local,Rishikesh APMC,600,400,500,Uttarakhand,Other
21/01/2026,Raddish,161,Dehradoon,Medium,Rishikesh APMC,750,550,650,Uttarakhand,Raddish
24/01/2026,Raddish,161,Dehradoon,Medium,Rishikesh APMC,700,500,650,Uttarakhand,Raddish
01/01/2026,French Beans(Frasbean),298,Dehradoon,Medium,Rishikesh APMC,2050,1600,1800,Uttarakhand,Other
02/01/2026,French Beans(Frasbean),298,Dehradoon,Medium,Rishikesh APMC,2000,1800,1900,Uttarakhand,Other
06/01/2026,French Beans(Frasbean),298,Dehradoon,Medium,Rishikesh APMC,2000,1500,1800,Uttarakhand,Other
09/01/2026,French Beans(Frasbean),298,Dehradoon,Medium,Rishikesh APMC,2000,1500,1850,Uttarakhand,Other
02/01/2026,Tomato,78,Dehradoon,Medium,Rishikesh APMC,3800,2200,3200,Uttarakhand,Other
10/01/2026,Tomato,78,Dehradoon,Medium,Rishikesh APMC,2800,2000,2400,Uttarakhand,Other
13/01/2026,Tomato,78,Dehradoon,Medium,Rishikesh APMC,2800,2000,2450,Uttarakhand,Other
24/01/2026,Tomato,78,Dehradoon,Medium,Rishikesh APMC,2200,1800,2000,Uttarakhand,Other
18/01/2026,Tomato,78,Dehradoon,Medium,Rishikesh APMC,2500,1850,2000,Uttarakhand,Other
28/01/2026,Tomato,78,Dehradoon,Medium,Rishikesh APMC,2400,1650,2000,Uttarakhand,Other
01/01/2026,Turnip,341,Dehradoon,Medium,Rishikesh APMC,1150,1050,1100,Uttarakhand,Other
19/01/2026,Pumpkin,84,Dehradoon,Medium,Rishikesh APMC,1125,1000,1050,Uttarakhand,Other
26/01/2026,Pumpkin,84,Dehradoon,Medium,Rishikesh APMC,1200,900,1000,Uttarakhand,Other
06/01/2026,Pumpkin,84,Dehradoon,Medium,Rishikesh APMC,1200,1000,1100,Uttarakhand,Other
13/01/2026,Pumpkin,84,Dehradoon,Medium,Rishikesh APMC,1200,1000,1100,Uttarakhand,Other
10/01/2026,Pumpkin,84,Dehradoon,Medium,Rishikesh APMC,1200,1000,1150,Uttarakhand,Other
02/01/2026,Lime,180,Dehradoon,Medium,Rishikesh APMC,3600,2500,3200,Uttarakhand,Other
19/01/2026,Guava,185,Dehradoon,Medium,Rishikesh APMC,3000,2200,2500,Uttarakhand,Other
18/01/2026,Guava,185,Dehradoon,Medium,Rishikesh APMC,3000,2200,2550,Uttarakhand,Other
27/01/2026,Guava,185,Dehradoon,Medium,Rishikesh APMC,3250,2200,2700,Uttarakhand,Other
30/01/2026,Guava,185,Dehradoon,Medium,Rishikesh APMC,3200,2200,2800,Uttarakhand,Other
29/01/2026,Lime,180,Dehradoon,Medium,Rishikesh APMC,3000,2000,2500,Uttarakhand,Other
30/01/2026,Lime,180,Dehradoon,Medium,Rishikesh APMC,3000,2000,2500,Uttarakhand,Other
22/01/2026,Banana,19,Dehradoon,Medium,Rishikesh APMC,1700,1200,1500,Uttarakhand,Other
30/01/2026,Papaya,72,Dehradoon,Medium,Rishikesh APMC,2250,1800,2000,Uttarakhand,Other
02/01/2026,Mousambi(Sweet Lime),77,Dehradoon,Medium,Rishikesh APMC,2500,2000,2200,Uttarakhand,Other
04/01/2026,Mousambi(Sweet Lime),77,Dehradoon,Medium,Rishikesh APMC,2500,2000,2100,Uttarakhand,Other
05/01/2026,Mousambi(Sweet Lime),77,Dehradoon,Medium,Rishikesh APMC,2500,2000,2200,Uttarakhand,Other
23/01/2026,Banana,19,Dehradoon,Medium,Rishikesh APMC,1700,1200,1550,Uttarakhand,Other
26/01/2026,Banana,19,Dehradoon,Medium,Rishikesh APMC,1700,1200,1500,Uttarakhand,Other
05/01/2026,Green Chilli,87,Dehradoon,Medium,Rishikesh APMC,5500,3200,4500,Uttarakhand,Other
13/01/2026,Green Chilli,87,Dehradoon,Medium,Rishikesh APMC,4800,3800,4650,Uttarakhand,Other
03/01/2026,Indian Beans(Seam),299,Dehradoon,Medium,Rishikesh APMC,1800,1500,1650,Uttarakhand,Other
07/01/2026,Indian Beans(Seam),299,Dehradoon,Medium,Rishikesh APMC,1800,1500,1625,Uttarakhand,Other
05/01/2026,Carrot,153,Dehradoon,Medium,Rishikesh APMC,1000,800,925,Uttarakhand,Other
09/01/2026,Carrot,153,Dehradoon,Medium,Rishikesh APMC,1000,850,900,Uttarakhand,Other
30/01/2026,Carrot,153,Dehradoon,Medium,Rishikesh APMC,1200,800,900,Uttarakhand,Other
23/01/2026,Carrot,153,Dehradoon,Medium,Rishikesh APMC,1200,850,1050,Uttarakhand,Other
22/01/2026,Ginger(Green),103,Dehradoon,Medium,Rishikesh APMC,5600,4000,4550,Uttarakhand,Other
23/01/2026,Ginger(Green),103,Dehradoon,Medium,Rishikesh APMC,5500,4000,4500,Uttarakhand,Other
29/01/2026,Ginger(Green),103,Dehradoon,Small,Rishikesh APMC,5500,4000,4550,Uttarakhand,Other
09/01/2026,Capsicum,164,Dehradoon,Medium,Rishikesh APMC,2500,1800,1925,Uttarakhand,Other
01/01/2026,Pomegranate,190,Dehradoon,Medium,Rishikesh APMC,5100,3000,4000,Uttarakhand,Other
02/01/2026,Pomegranate,190,Dehradoon,Medium,Rishikesh APMC,5000,3000,4000,Uttarakhand,Other
05/01/2026,Pomegranate,190,Dehradoon,Medium,Rishikesh APMC,5500,3000,4050,Uttarakhand,Other
07/01/2026,Pomegranate,190,Dehradoon,Medium,Rishikesh APMC,5800,3000,4050,Uttarakhand,Other
13/01/2026,Pomegranate,190,Dehradoon,Medium,Rishikesh APMC,6500,3000,4500,Uttarakhand,Other
11/01/2026,Pomegranate,190,Dehradoon,Medium,Rishikesh APMC,6000,3000,4050,Uttarakhand,Other
21/01/2026,Pomegranate,190,Dehradoon,Medium,Rishikesh APMC,6450,3000,4400,Uttarakhand,Other
02/01/2026,Ginger(Green),103,Dehradoon,Medium,Rishikesh APMC,5000,4000,4500,Uttarakhand,Other
04/01/2026,Ginger(Green),103,Dehradoon,Medium,Rishikesh APMC,5000,4000,4500,Uttarakhand,Other
05/01/2026,Ginger(Green),103,Dehradoon,Medium,Rishikesh APMC,4800,3500,4500,Uttarakhand,Other
16/01/2026,Ginger(Green),103,Dehradoon,Medium,Rishikesh APMC,5500,4000,4500,Uttarakhand,Other
03/04/2026,Orange,18,Dehradoon,Medium,Rishikesh APMC,4500,3800,4000,Uttarakhand,Other
06/04/2026,Orange,18,Dehradoon,Medium,Rishikesh APMC,4200,3000,3500,Uttarakhand,Other
08/04/2026,Orange,18,Dehradoon,Medium,Rishikesh APMC,4550,3000,4000,Uttarakhand,Other
19/04/2026,Orange,18,Dehradoon,Medium,Rishikesh APMC,6000,3200,4300,Uttarakhand,Other
12/04/2026,Apple,17,Dehradoon,Medium,Rishikesh APMC,8000,5000,7500,Uttarakhand,Kasmir/Shimla - II
13/04/2026,Apple,17,Dehradoon,Medium,Rishikesh APMC,8000,5000,7550,Uttarakhand,Kasmir/Shimla - II
22/04/2026,Apple,17,Dehradoon,Medium,Rishikesh APMC,10000,6500,8500,Uttarakhand,Kasmir/Shimla - II
05/05/2026,Apple,17,Dehradoon,Medium,Rishikesh APMC,10000,7800,9200,Uttarakhand,Kasmir/Shimla - II
11/05/2026,Apple,17,Dehradoon,Medium,Rishikesh APMC,11500,6500,8500,Uttarakhand,Kasmir/Shimla - II
16/05/2026,Apple,17,Dehradoon,Medium,Rishikesh APMC,11000,6500,7500,Uttarakhand,Kasmir/Shimla - II
04/04/2026,Apple,17,Dehradoon,Medium,Rishikesh APMC,8800,5000,7800,Uttarakhand,Other
05/04/2026,Apple,17,Dehradoon,Medium,Rishikesh APMC,8800,5000,7850,Uttarakhand,Other
24/04/2026,Banana,19,Dehradoon,Medium,Rishikesh APMC,2200,1800,2000,Uttarakhand,Other
01/05/2026,Banana,19,Dehradoon,Medium,Rishikesh APMC,2500,1600,1800,Uttarakhand,Other
02/05/2026,Banana,19,Dehradoon,Medium,Rishikesh APMC,2400,1800,2000,Uttarakhand,Other
06/05/2026,Banana,19,Dehradoon,Medium,Rishikesh APMC,2000,1500,1650,Uttarakhand,Other
07/05/2026,Banana,19,Dehradoon,Medium,Rishikesh APMC,1800,1500,1600,Uttarakhand,Other
08/05/2026,Banana,19,Dehradoon,Medium,Rishikesh APMC,1800,1500,1650,Uttarakhand,Other
09/05/2026,Banana,19,Dehradoon,Medium,Rishikesh APMC,1800,1500,1600,Uttarakhand,Other
14/05/2026,Banana,19,Dehradoon,Medium,Rishikesh APMC,1700,1500,1650,Uttarakhand,Other
17/05/2026,Banana,19,Dehradoon,Medium,Rishikesh APMC,1800,1500,1600,Uttarakhand,Other
06/04/2026,Banana,19,Dehradoon,Medium,Rishikesh APMC,1800,1400,1500,Uttarakhand,Other
09/04/2026,Banana,19,Dehradoon,Medium,Rishikesh APMC,1800,1400,1550,Uttarakhand,Other
14/04/2026,Banana,19,Dehradoon,Medium,Rishikesh APMC,1850,1400,1500,Uttarakhand,Other
19/04/2026,Karbuja(Musk Melon),187,Dehradoon,Medium,Rishikesh APMC,2600,2200,2500,Uttarakhand,Other
20/04/2026,Karbuja(Musk Melon),187,Dehradoon,Medium,Rishikesh APMC,2800,2200,2600,Uttarakhand,Other
01/05/2026,Karbuja(Musk Melon),187,Dehradoon,Medium,Rishikesh APMC,2000,1500,1850,Uttarakhand,Other
10/05/2026,Karbuja(Musk Melon),187,Dehradoon,Medium,Rishikesh APMC,1600,1000,1200,Uttarakhand,Other
12/05/2026,Karbuja(Musk Melon),187,Dehradoon,Medium,Rishikesh APMC,1700,1000,1200,Uttarakhand,Other
16/05/2026,Karbuja(Musk Melon),187,Dehradoon,Medium,Rishikesh APMC,1100,850,950,Uttarakhand,Other
17/05/2026,Karbuja(Musk Melon),187,Dehradoon,Medium,Rishikesh APMC,1000,800,900,Uttarakhand,Other
08/04/2026,Lime,180,Dehradoon,Medium,Rishikesh APMC,5500,3000,4500,Uttarakhand,Lime
17/04/2026,Lime,180,Dehradoon,Medium,Rishikesh APMC,8000,5000,7550,Uttarakhand,Lime
05/04/2026,Lime,180,Dehradoon,Medium,Rishikesh APMC,5000,3000,4500,Uttarakhand,Other
06/04/2026,Lime,180,Dehradoon,Medium,Rishikesh APMC,4600,3000,4000,Uttarakhand,Other
09/04/2026,Lime,180,Dehradoon,Medium,Rishikesh APMC,5500,3000,4550,Uttarakhand,Other
20/04/2026,Lime,180,Dehradoon,Medium,Rishikesh APMC,8500,5000,7700,Uttarakhand,Other
02/04/2026,Papaya,72,Dehradoon,Medium,Rishikesh APMC,2400,1800,2000,Uttarakhand,Other
04/04/2026,Papaya,72,Dehradoon,Medium,Rishikesh APMC,2300,1800,2000,Uttarakhand,Other
06/04/2026,Papaya,72,Dehradoon,Medium,Rishikesh APMC,2200,1800,2000,Uttarakhand,Other
21/04/2026,Papaya,72,Dehradoon,Medium,Rishikesh APMC,2200,1800,2050,Uttarakhand,Other
23/04/2026,Papaya,72,Dehradoon,Medium,Rishikesh APMC,2100,1800,2000,Uttarakhand,Other
04/05/2026,Papaya,72,Dehradoon,Medium,Rishikesh APMC,2100,1800,2000,Uttarakhand,Other
11/05/2026,Bottle gourd,82,Dehradoon,Medium,Rishikesh APMC,1200,800,1100,Uttarakhand,Other
16/05/2026,Bottle gourd,82,Dehradoon,Medium,Rishikesh APMC,1100,800,1000,Uttarakhand,Other
18/05/2026,Bottle gourd,82,Dehradoon,Medium,Rishikesh APMC,900,600,750,Uttarakhand,Other
19/05/2026,Bottle gourd,82,Dehradoon,Medium,Rishikesh APMC,1000,600,700,Uttarakhand,Other
01/04/2026,Field Pea,64,Dehradoon,Medium,Rishikesh APMC,1800,1000,1200,Uttarakhand,Other
02/04/2026,Field Pea,64,Dehradoon,Medium,Rishikesh APMC,1750,1000,1200,Uttarakhand,Other
10/05/2026,Bottle gourd,82,Dehradoon,Medium,Rishikesh APMC,1400,800,1100,Uttarakhand,Other
11/04/2026,Bottle gourd,82,Dehradoon,Medium,Rishikesh APMC,1000,600,800,Uttarakhand,Other
16/04/2026,Bottle gourd,82,Dehradoon,Medium,Rishikesh APMC,800,600,700,Uttarakhand,Other
17/04/2026,Bottle gourd,82,Dehradoon,Medium,Rishikesh APMC,1200,600,1000,Uttarakhand,Other
20/04/2026,Bottle gourd,82,Dehradoon,Medium,Rishikesh APMC,1500,800,1000,Uttarakhand,Other
01/05/2026,Bottle gourd,82,Dehradoon,Medium,Rishikesh APMC,800,500,600,Uttarakhand,Other
05/04/2026,Bottle gourd,82,Dehradoon,Medium,Rishikesh APMC,1000,600,800,Uttarakhand,Other
26/04/2026,Bottle gourd,82,Dehradoon,Medium,Rishikesh APMC,700,550,600,Uttarakhand,Other
03/05/2026,Bottle gourd,82,Dehradoon,Medium,Rishikesh APMC,800,600,650,Uttarakhand,Other
06/05/2026,Bottle gourd,82,Dehradoon,Medium,Rishikesh APMC,800,600,700,Uttarakhand,Other
12/04/2026,Onion,23,Dehradoon,Medium,Rishikesh APMC,1800,1500,1650,Uttarakhand,Other
16/04/2026,Onion,23,Dehradoon,Medium,Rishikesh APMC,1700,1500,1650,Uttarakhand,Other
28/04/2026,Onion,23,Dehradoon,Medium,Rishikesh APMC,1600,1200,1500,Uttarakhand,Other
18/04/2026,Grapes,22,Dehradoon,Medium,Rishikesh APMC,5800,3500,4800,Uttarakhand,Other
23/04/2026,Grapes,22,Dehradoon,Medium,Rishikesh APMC,5700,3500,4500,Uttarakhand,Other
29/04/2026,Grapes,22,Dehradoon,Medium,Rishikesh APMC,5800,3500,4500,Uttarakhand,Other
12/05/2026,Grapes,22,Dehradoon,Medium,Rishikesh APMC,5200,3500,4500,Uttarakhand,Other
02/04/2026,Carrot,153,Dehradoon,Medium,Rishikesh APMC,1800,1200,1550,Uttarakhand,Other
04/04/2026,Carrot,153,Dehradoon,Medium,Rishikesh APMC,1500,1000,1250,Uttarakhand,Other
05/04/2026,Carrot,153,Dehradoon,Medium,Rishikesh APMC,1600,1000,1400,Uttarakhand,Other
09/04/2026,Carrot,153,Dehradoon,Medium,Rishikesh APMC,1600,1400,1550,Uttarakhand,Other
14/04/2026,Carrot,153,Dehradoon,Medium,Rishikesh APMC,1800,1400,1500,Uttarakhand,Other
10/04/2026,Potato,24,Dehradoon,Medium,Rishikesh APMC,610,400,550,Uttarakhand,Other
11/04/2026,Potato,24,Dehradoon,Medium,Rishikesh APMC,610,400,500,Uttarakhand,Other
23/04/2026,Potato,24,Dehradoon,Medium,Rishikesh APMC,620,400,515,Uttarakhand,Other
24/04/2026,Potato,24,Dehradoon,Medium,Rishikesh APMC,610,400,500,Uttarakhand,Other
07/04/2026,Potato,24,Dehradoon,Medium,Rishikesh APMC,600,450,550,Uttarakhand,Other
06/04/2026,Potato,24,Dehradoon,Medium,Rishikesh APMC,620,470,550,Uttarakhand,Other
03/04/2026,Onion,23,Dehradoon,Medium,Rishikesh APMC,1700,1500,1600,Uttarakhand,Other
07/04/2026,Onion,23,Dehradoon,Medium,Rishikesh APMC,1800,1600,1750,Uttarakhand,Other
08/04/2026,Onion,23,Dehradoon,Medium,Rishikesh APMC,1800,1600,1700,Uttarakhand,Other
04/05/2026,Onion,23,Dehradoon,Medium,Rishikesh APMC,1600,1200,1300,Uttarakhand,Other
08/05/2026,Onion,23,Dehradoon,Medium,Rishikesh APMC,1600,1100,1550,Uttarakhand,Other
09/05/2026,Onion,23,Dehradoon,Medium,Rishikesh APMC,1700,1200,1500,Uttarakhand,Other
03/05/2026,Potato,24,Dehradoon,Medium,Rishikesh APMC,620,450,500,Uttarakhand,Other
04/05/2026,Potato,24,Dehradoon,Medium,Rishikesh APMC,620,450,600,Uttarakhand,Other
10/05/2026,Potato,24,Dehradoon,Medium,Rishikesh APMC,660,450,550,Uttarakhand,Other
12/05/2026,Potato,24,Dehradoon,Medium,Rishikesh APMC,645,450,500,Uttarakhand,Other
14/05/2026,Potato,24,Dehradoon,Medium,Rishikesh APMC,685,460,580,Uttarakhand,Other
10/04/2026,Pomegranate,190,Dehradoon,Medium,Rishikesh APMC,7100,5000,6500,Uttarakhand,Other
22/04/2026,Pomegranate,190,Dehradoon,Medium,Rishikesh APMC,9500,5800,8000,Uttarakhand,Other
02/05/2026,Pomegranate,190,Dehradoon,Medium,Rishikesh APMC,10500,7000,10000,Uttarakhand,Other
11/05/2026,Pomegranate,190,Dehradoon,Medium,Rishikesh APMC,13000,7000,10500,Uttarakhand,Other
12/05/2026,Pomegranate,190,Dehradoon,Medium,Rishikesh APMC,11500,7000,10500,Uttarakhand,Other
14/05/2026,Pomegranate,190,Dehradoon,Medium,Rishikesh APMC,11000,7000,9050,Uttarakhand,Other
07/04/2026,French Beans(Frasbean),298,Dehradoon,Medium,Rishikesh APMC,2000,1500,1850,Uttarakhand,Other
18/04/2026,French Beans(Frasbean),298,Dehradoon,Medium,Rishikesh APMC,2100,1500,1800,Uttarakhand,Other
22/04/2026,French Beans(Frasbean),298,Dehradoon,Medium,Rishikesh APMC,3000,2000,2500,Uttarakhand,Other
06/05/2026,French Beans(Frasbean),298,Dehradoon,Medium,Rishikesh APMC,2200,1500,2000,Uttarakhand,Other
11/05/2026,French Beans(Frasbean),298,Dehradoon,Medium,Rishikesh APMC,2500,1500,1800,Uttarakhand,Other
13/05/2026,French Beans(Frasbean),298,Dehradoon,Medium,Rishikesh APMC,2800,1500,2000,Uttarakhand,Other
14/05/2026,French Beans(Frasbean),298,Dehradoon,Medium,Rishikesh APMC,2800,1800,2500,Uttarakhand,Other
16/05/2026,French Beans(Frasbean),298,Dehradoon,Medium,Rishikesh APMC,3000,1800,2500,Uttarakhand,Other
17/05/2026,French Beans(Frasbean),298,Dehradoon,Medium,Rishikesh APMC,3100,1800,2500,Uttarakhand,Other
01/04/2026,Cabbage,154,Dehradoon,Medium,Rishikesh APMC,400,300,350,Uttarakhand,Other
05/04/2026,Cabbage,154,Dehradoon,Medium,Rishikesh APMC,350,250,300,Uttarakhand,Other
04/04/2026,Cabbage,154,Dehradoon,Medium,Rishikesh APMC,500,350,400,Uttarakhand,Other
16/04/2026,Cabbage,154,Dehradoon,Medium,Rishikesh APMC,350,250,300,Uttarakhand,Other
22/04/2026,Cabbage,154,Dehradoon,Medium,Rishikesh APMC,500,300,350,Uttarakhand,Other
24/04/2026,Cabbage,154,Dehradoon,Medium,Rishikesh APMC,400,300,350,Uttarakhand,Other
27/04/2026,Cabbage,154,Dehradoon,Medium,Rishikesh APMC,325,250,300,Uttarakhand,Other
01/05/2026,Cabbage,154,Dehradoon,Medium,Rishikesh APMC,500,250,350,Uttarakhand,Other
02/05/2026,Cabbage,154,Dehradoon,Medium,Rishikesh APMC,500,300,400,Uttarakhand,Other
08/05/2026,Cabbage,154,Dehradoon,Medium,Rishikesh APMC,600,450,500,Uttarakhand,Other
10/05/2026,Cabbage,154,Dehradoon,Medium,Rishikesh APMC,500,400,450,Uttarakhand,Other
11/05/2026,Cabbage,154,Dehradoon,Medium,Rishikesh APMC,600,400,550,Uttarakhand,Other
14/05/2026,Cabbage,154,Dehradoon,Medium,Rishikesh APMC,600,400,550,Uttarakhand,Other
11/12/2025,Tomato,78,Dehradoon,Medium,Rishikesh APMC,2500,1200,2000,Uttarakhand,Other
05/12/2025,Cucumbar(Kheera),159,Dehradoon,Medium,Rishikesh APMC,2000,1525,1600,Uttarakhand,Other
11/12/2025,Cucumbar(Kheera),159,Dehradoon,Medium,Rishikesh APMC,1800,1200,1650,Uttarakhand,Other
01/12/2025,Cucumbar(Kheera),159,Dehradoon,Medium,Rishikesh APMC,2100,1500,1800,Uttarakhand,Other
02/12/2025,Cucumbar(Kheera),159,Dehradoon,Local,Rishikesh APMC,2100,1500,1800,Uttarakhand,Other
07/12/2025,Cucumbar(Kheera),159,Dehradoon,Medium,Rishikesh APMC,1600,1400,1500,Uttarakhand,Other
10/12/2025,Cucumbar(Kheera),159,Dehradoon,Small,Rishikesh APMC,1825,1200,1600,Uttarakhand,Other
02/12/2025,Pomegranate,190,Dehradoon,Medium,Rishikesh APMC,6850,3200,4200,Uttarakhand,Other
12/12/2025,Pomegranate,190,Dehradoon,Medium,Rishikesh APMC,5800,3200,4250,Uttarakhand,Other
14/12/2025,Pomegranate,190,Dehradoon,Local,Rishikesh APMC,3000,2400,2700,Uttarakhand,Other
19/12/2025,Pomegranate,190,Dehradoon,Medium,Rishikesh APMC,5500,3250,3800,Uttarakhand,Other
03/12/2025,Guava,185,Dehradoon,Medium,Rishikesh APMC,3500,2200,2600,Uttarakhand,Other
07/12/2025,Guava,185,Dehradoon,Medium,Rishikesh APMC,2800,2000,2300,Uttarakhand,Other
12/12/2025,Guava,185,Dehradoon,Medium,Rishikesh APMC,2800,2000,2300,Uttarakhand,Other
19/12/2025,Guava,185,Dehradoon,Medium,Rishikesh APMC,2800,2400,2600,Uttarakhand,Other
28/12/2025,Guava,185,Dehradoon,Medium,Rishikesh APMC,2600,2000,2200,Uttarakhand,Other
17/12/2025,Raddish,161,Dehradoon,Medium,Rishikesh APMC,600,500,525,Uttarakhand,Other
19/12/2025,Raddish,161,Dehradoon,Medium,Rishikesh APMC,500,375,450,Uttarakhand,Other
23/12/2025,Raddish,161,Dehradoon,Medium,Rishikesh APMC,400,300,325,Uttarakhand,Other
05/12/2025,Carrot,153,Dehradoon,Small,Rishikesh APMC,2500,2000,2250,Uttarakhand,Other
04/12/2025,Lime,180,Dehradoon,Medium,Rishikesh APMC,4000,3600,3700,Uttarakhand,Other
10/12/2025,Lime,180,Dehradoon,Medium,Rishikesh APMC,4600,3500,3800,Uttarakhand,Other
27/12/2025,Lime,180,Dehradoon,Medium,Rishikesh APMC,3100,2600,3050,Uttarakhand,Other
05/12/2025,Apple,17,Dehradoon,Small,Rishikesh APMC,6500,3000,4650,Uttarakhand,Kasmir/Shimla - II
09/12/2025,Apple,17,Dehradoon,Medium,Rishikesh APMC,6000,4000,4800,Uttarakhand,Kasmir/Shimla - II
17/12/2025,Apple,17,Dehradoon,Medium,Rishikesh APMC,6100,4000,4800,Uttarakhand,Kasmir/Shimla - II
20/12/2025,Apple,17,Dehradoon,Medium,Rishikesh APMC,5600,4000,4550,Uttarakhand,Kasmir/Shimla - II
14/12/2025,Pumpkin,84,Dehradoon,Medium,Rishikesh APMC,1200,800,1050,Uttarakhand,Other
02/12/2025,Tomato,78,Dehradoon,Small,Rishikesh APMC,3600,2400,3325,Uttarakhand,Other
28/12/2025,Potato,24,Dehradoon,Medium,Rishikesh APMC,820,700,750,Uttarakhand,Other
21/12/2025,Potato,24,Dehradoon,Medium,Rishikesh APMC,900,800,850,Uttarakhand,Other
29/12/2025,Potato,24,Dehradoon,Medium,Rishikesh APMC,750,600,700,Uttarakhand,Other
01/12/2025,Apple,17,Dehradoon,Medium,Rishikesh APMC,6500,3000,4500,Uttarakhand,Other
03/12/2025,Apple,17,Dehradoon,Grade B,Rishikesh APMC,6500,3000,4650,Uttarakhand,Other
04/12/2025,Apple,17,Dehradoon,Medium,Rishikesh APMC,6500,3000,4600,Uttarakhand,Other
12/12/2025,Apple,17,Dehradoon,Medium,Rishikesh APMC,6000,4000,5000,Uttarakhand,Other
11/12/2025,Orange,18,Dehradoon,Medium,Rishikesh APMC,4000,3200,3550,Uttarakhand,Other
14/12/2025,Orange,18,Dehradoon,Local,Rishikesh APMC,4050,3350,3500,Uttarakhand,Other
17/12/2025,Orange,18,Dehradoon,Grade C,Rishikesh APMC,3800,3000,3550,Uttarakhand,Other
18/12/2025,Orange,18,Dehradoon,Medium,Rishikesh APMC,3650,3000,3400,Uttarakhand,Other
20/12/2025,Orange,18,Dehradoon,Medium,Rishikesh APMC,3600,3000,3500,Uttarakhand,Other
27/12/2025,Banana,19,Dehradoon,Medium,Rishikesh APMC,1300,1000,1200,Uttarakhand,Other
07/12/2025,Banana,19,Dehradoon,Small,Rishikesh APMC,1300,1050,1200,Uttarakhand,Other
10/12/2025,Banana,19,Dehradoon,Medium,Rishikesh APMC,1325,1050,1200,Uttarakhand,Other
21/12/2025,Banana,19,Dehradoon,Medium,Rishikesh APMC,1300,1100,1200,Uttarakhand,Other
01/12/2025,Raddish,161,Dehradoon,Medium,Rishikesh APMC,750,500,650,Uttarakhand,Raddish
03/12/2025,Ginger(Green),103,Dehradoon,Small,Rishikesh APMC,4250,3500,4000,Uttarakhand,Other
28/12/2025,Ginger(Green),103,Dehradoon,Medium,Rishikesh APMC,5800,4000,4200,Uttarakhand,Other
17/12/2025,Ginger(Green),103,Dehradoon,Small,Rishikesh APMC,5000,4000,4525,Uttarakhand,Other
06/12/2025,Raddish,161,Dehradoon,Small,Rishikesh APMC,600,450,500,Uttarakhand,Other
03/12/2025,Cabbage,154,Dehradoon,Medium,Rishikesh APMC,1200,800,1000,Uttarakhand,Other
16/12/2025,Cabbage,154,Dehradoon,Medium,Rishikesh APMC,1000,600,800,Uttarakhand,Other
24/12/2025,Cabbage,154,Dehradoon,Medium,Rishikesh APMC,800,500,600,Uttarakhand,Other
30/12/2025,Cabbage,154,Dehradoon,Medium,Rishikesh APMC,800,600,700,Uttarakhand,Other
04/12/2025,Cabbage,154,Dehradoon,Medium,Rishikesh APMC,1200,850,1000,Uttarakhand,Other
09/12/2025,Cabbage,154,Dehradoon,Small,Rishikesh APMC,1000,800,900,Uttarakhand,Other
10/12/2025,Cabbage,154,Dehradoon,Small,Rishikesh APMC,1000,850,900,Uttarakhand,Other
12/12/2025,Tomato,78,Dehradoon,Medium,Rishikesh APMC,3200,1800,2500,Uttarakhand,Other
18/12/2025,Tomato,78,Dehradoon,Medium,Rishikesh APMC,3800,2000,3000,Uttarakhand,Other
19/12/2025,Cauliflower,34,Dehradoon,Local,Rishikesh APMC,950,550,700,Uttarakhand,Other
14/12/2025,Cabbage,154,Dehradoon,Small,Rishikesh APMC,5000,3500,4100,Uttarakhand,Other
27/12/2025,Raddish,161,Dehradoon,Medium,Rishikesh APMC,450,300,400,Uttarakhand,Raddish
24/12/2025,Cauliflower,34,Dehradoon,Medium,Rishikesh APMC,800,550,700,Uttarakhand,Other
16/12/2025,Carrot,153,Dehradoon,Medium,Rishikesh APMC,1250,800,900,Uttarakhand,Other
24/12/2025,Lime,180,Dehradoon,Grade C,Rishikesh APMC,3500,3000,3200,Uttarakhand,Lime
02/12/2025,Onion,23,Dehradoon,Small,Rishikesh APMC,1400,1200,1300,Uttarakhand,Other
07/12/2025,Onion,23,Dehradoon,Small,Rishikesh APMC,1400,1200,1300,Uttarakhand,Other
17/12/2025,Onion,23,Dehradoon,Small,Rishikesh APMC,2050,1600,1800,Uttarakhand,Other
23/12/2025,Onion,23,Dehradoon,Medium,Rishikesh APMC,2150,1600,1900,Uttarakhand,Other
20/12/2025,Onion,23,Dehradoon,Small,Rishikesh APMC,2000,1500,1850,Uttarakhand,Other
04/12/2025,French Beans(Frasbean),298,Dehradoon,Medium,Rishikesh APMC,2500,2000,2200,Uttarakhand,Other
05/12/2025,French Beans(Frasbean),298,Dehradoon,Medium,Rishikesh APMC,2500,2000,2200,Uttarakhand,Other
18/12/2025,French Beans(Frasbean),298,Dehradoon,Local,Rishikesh APMC,2100,2000,2050,Uttarakhand,Other
21/12/2025,French Beans(Frasbean),298,Dehradoon,Medium,Rishikesh APMC,2000,1600,1800,Uttarakhand,Other
24/12/2025,French Beans(Frasbean),298,Dehradoon,Medium,Rishikesh APMC,1800,1550,1650,Uttarakhand,Other
27/12/2025,French Beans(Frasbean),298,Dehradoon,Small,Rishikesh APMC,2200,1800,2075,Uttarakhand,Other
23/12/2025,Indian Beans(Seam),299,Dehradoon,Small,Rishikesh APMC,3200,2000,3000,Uttarakhand,Indian Beans (Seam)
20/12/2025,Indian Beans(Seam),299,Dehradoon,Medium,Rishikesh APMC,3500,2000,3250,Uttarakhand,Other
21/12/2025,Onion,23,Dehradoon,Small,Rishikesh APMC,2000,1500,1800,Uttarakhand,Other
25/12/2025,Onion,23,Dehradoon,Medium,Rishikesh APMC,2000,1600,1850,Uttarakhand,Other
24/12/2025,Onion,23,Dehradoon,Medium,Rishikesh APMC,2100,1650,1900,Uttarakhand,Other
28/12/2025,Onion,23,Dehradoon,Medium,Rishikesh APMC,2200,1800,2050,Uttarakhand,Other
30/12/2025,Onion,23,Dehradoon,Medium,Rishikesh APMC,2050,1800,1950,Uttarakhand,Other
06/12/2025,Brinjal,35,Dehradoon,Small,Rishikesh APMC,1500,1000,1200,Uttarakhand,Brinjal
03/12/2025,Brinjal,35,Dehradoon,Small,Rishikesh APMC,1600,1000,1400,Uttarakhand,Other
18/12/2025,Brinjal,35,Dehradoon,Medium,Rishikesh APMC,1650,1200,1450,Uttarakhand,Other
19/12/2025,Brinjal,35,Dehradoon,Medium,Rishikesh APMC,1600,1200,1500,Uttarakhand,Other
06/12/2025,Cauliflower,34,Dehradoon,Small,Rishikesh APMC,2200,1550,2000,Uttarakhand,Other
14/12/2025,Cauliflower,34,Dehradoon,Medium,Rishikesh APMC,1500,1000,1250,Uttarakhand,Other
18/12/2025,Cauliflower,34,Dehradoon,Medium,Rishikesh APMC,1100,600,950,Uttarakhand,Other
28/12/2025,Cauliflower,34,Dehradoon,Medium,Rishikesh APMC,650,450,500,Uttarakhand,Other
29/12/2025,Cauliflower,34,Dehradoon,Medium,Rishikesh APMC,850,600,750,Uttarakhand,Other
04/12/2025,Pumpkin,84,Dehradoon,Medium,Rishikesh APMC,1200,950,1000,Uttarakhand,Other
05/12/2025,Pumpkin,84,Dehradoon,Medium,Rishikesh APMC,1200,900,1000,Uttarakhand,Other
06/12/2025,Pumpkin,84,Dehradoon,Medium,Rishikesh APMC,1100,800,1050,Uttarakhand,Other
08/12/2025,Pumpkin,84,Dehradoon,Medium,Rishikesh APMC,1200,800,1000,Uttarakhand,Other
12/12/2025,Bottle gourd,82,Dehradoon,Medium,Rishikesh APMC,1800,1250,1500,Uttarakhand,Bottle Gourd
05/12/2025,Mousambi(Sweet Lime),77,Dehradoon,Medium,Rishikesh APMC,2800,2400,2600,Uttarakhand,Other
23/12/2025,Green Chilli,87,Dehradoon,Medium,Rishikesh APMC,3700,2700,3000,Uttarakhand,Green Chilly
10/12/2025,Ginger(Green),103,Dehradoon,Small,Rishikesh APMC,5000,3500,4200,Uttarakhand,Other
04/12/2025,Mousambi(Sweet Lime),77,Dehradoon,Small,Rishikesh APMC,2800,2400,2650,Uttarakhand,Other
28/12/2025,Mousambi(Sweet Lime),77,Dehradoon,Medium,Rishikesh APMC,2600,2400,2500,Uttarakhand,Other
03/12/2025,Papaya,72,Dehradoon,Medium,Rishikesh APMC,2200,2000,2150,Uttarakhand,Other
14/12/2025,Papaya,72,Dehradoon,Local,Rishikesh APMC,2200,1800,2050,Uttarakhand,Other
29/12/2025,Papaya,72,Dehradoon,Medium,Rishikesh APMC,2000,1800,1950,Uttarakhand,Other
18/12/2025,Papaya,72,Dehradoon,Medium,Rishikesh APMC,2050,1800,2000,Uttarakhand,Other
20/12/2025,Papaya,72,Dehradoon,Medium,Rishikesh APMC,2100,1800,2000,Uttarakhand,Other
23/12/2025,Papaya,72,Dehradoon,Medium,Rishikesh APMC,2000,1800,1950,Uttarakhand,Other
21/12/2025,Papaya,72,Dehradoon,Medium,Rishikesh APMC,2100,1800,2000,Uttarakhand,Other
24/12/2025,Papaya,72,Dehradoon,Medium,Rishikesh APMC,1900,1650,1800,Uttarakhand,Other
03/12/2025,Bottle gourd,82,Dehradoon,Medium,Rishikesh APMC,2200,1500,1850,Uttarakhand,Other
04/12/2025,Bottle gourd,82,Dehradoon,Small,Rishikesh APMC,2200,1500,1800,Uttarakhand,Other
16/12/2025,Turnip,341,Dehradoon,Small,Rishikesh APMC,1600,1200,1400,Uttarakhand,Other
17/12/2025,Turnip,341,Dehradoon,Medium,Rishikesh APMC,1500,1200,1400,Uttarakhand,Other
29/12/2025,Lime,180,Dehradoon,Medium,Rishikesh APMC,3500,2500,3200,Uttarakhand,Lime
30/12/2025,Lime,180,Dehradoon,Medium,Rishikesh APMC,3800,2500,3300,Uttarakhand,Lime
29/12/2025,Carrot,153,Dehradoon,Medium,Rishikesh APMC,1000,800,950,Uttarakhand,Other
01/12/2025,Green Chilli,87,Dehradoon,Local,Rishikesh APMC,5000,3500,4000,Uttarakhand,Other
19/12/2025,Green Chilli,87,Dehradoon,Local,Rishikesh APMC,3800,3000,3200,Uttarakhand,Other
23/12/2025,Field Pea,64,Dehradoon,Medium,Rishikesh APMC,3000,2600,2800,Uttarakhand,Other
21/12/2025,Field Pea,64,Dehradoon,Medium,Rishikesh APMC,3000,2500,2800,Uttarakhand,Other
08/12/2025,Green Chilli,87,Dehradoon,Medium,Rishikesh APMC,4250,3500,4000,Uttarakhand,Other
12/11/2025,Orange,18,Dehradoon,Small,Rishikesh APMC,4000,3200,3800,Uttarakhand,Other
13/11/2025,Orange,18,Dehradoon,Medium,Rishikesh APMC,4000,3250,3800,Uttarakhand,Other
23/11/2025,Cauliflower,34,Dehradoon,Medium,Rishikesh APMC,1800,1200,1650,Uttarakhand,Other
10/11/2025,Orange,18,Dehradoon,Small,Rishikesh APMC,4200,3200,3850,Uttarakhand,Other
17/11/2025,Orange,18,Dehradoon,Medium,Rishikesh APMC,4000,3000,3600,Uttarakhand,Other
20/11/2025,Orange,18,Dehradoon,Small,Rishikesh APMC,4000,3000,3550,Uttarakhand,Other
24/11/2025,Brinjal,35,Dehradoon,Small,Rishikesh APMC,1800,1300,1700,Uttarakhand,Other
09/11/2025,Ginger(Green),103,Dehradoon,Small,Rishikesh APMC,6000,4050,5500,Uttarakhand,Other
16/11/2025,Ginger(Green),103,Dehradoon,Local,Rishikesh APMC,4500,3250,4000,Uttarakhand,Other
23/11/2025,Ginger(Green),103,Dehradoon,Medium,Rishikesh APMC,4200,3200,3900,Uttarakhand,Other
25/11/2025,Ginger(Green),103,Dehradoon,Small,Rishikesh APMC,4000,2600,3800,Uttarakhand,Other
08/11/2025,Cabbage,154,Dehradoon,Small,Rishikesh APMC,1850,1400,1600,Uttarakhand,Other
12/11/2025,Cabbage,154,Dehradoon,Medium,Rishikesh APMC,1500,1000,1200,Uttarakhand,Other
13/11/2025,Cabbage,154,Dehradoon,Small,Rishikesh APMC,1500,1050,1200,Uttarakhand,Other
29/11/2025,Raddish,161,Dehradoon,Medium,Rishikesh APMC,800,600,750,Uttarakhand,Raddish
12/11/2025,Green Chilli,87,Dehradoon,Medium,Rishikesh APMC,3000,2000,2400,Uttarakhand,Other
17/11/2025,Green Chilli,87,Dehradoon,Medium,Rishikesh APMC,3000,2100,2800,Uttarakhand,Other
29/11/2025,Cauliflower,34,Dehradoon,Medium,Rishikesh APMC,1850,1200,1800,Uttarakhand,Other
11/11/2025,Cauliflower,34,Dehradoon,Small,Rishikesh APMC,1500,1200,1400,Uttarakhand,Other
24/11/2025,Chikoos(Sapota),71,Dehradoon,Small,Rishikesh APMC,3800,3200,3450,Uttarakhand,Other
26/11/2025,Chikoos(Sapota),71,Dehradoon,Small,Rishikesh APMC,4000,3000,3650,Uttarakhand,Other
27/11/2025,Chikoos(Sapota),71,Dehradoon,Medium,Rishikesh APMC,3800,3000,3500,Uttarakhand,Other
06/11/2025,Bottle gourd,82,Dehradoon,FAQ,Rishikesh APMC,2000,1600,1850,Uttarakhand,Bottle Gourd
05/11/2025,Papaya,72,Dehradoon,Small,Rishikesh APMC,2000,1650,1800,Uttarakhand,Other
09/11/2025,Papaya,72,Dehradoon,Small,Rishikesh APMC,2000,1600,1800,Uttarakhand,Other
20/11/2025,Papaya,72,Dehradoon,Small,Rishikesh APMC,2000,1600,1850,Uttarakhand,Other
25/11/2025,Papaya,72,Dehradoon,Medium,Rishikesh APMC,2500,2000,2050,Uttarakhand,Other
17/11/2025,Pumpkin,84,Dehradoon,Medium,Rishikesh APMC,1000,850,950,Uttarakhand,Other
19/11/2025,Pumpkin,84,Dehradoon,Medium,Rishikesh APMC,1050,850,900,Uttarakhand,Other
23/11/2025,Pumpkin,84,Dehradoon,Medium,Rishikesh APMC,1000,850,900,Uttarakhand,Other
21/11/2025,Bhindi(Ladies Finger),85,Dehradoon,FAQ,Rishikesh APMC,3800,2450,3500,Uttarakhand,Other
23/11/2025,Bhindi(Ladies Finger),85,Dehradoon,Medium,Rishikesh APMC,3800,2400,3550,Uttarakhand,Other
22/11/2025,Green Chilli,87,Dehradoon,FAQ,Rishikesh APMC,3500,2450,3000,Uttarakhand,Other
10/11/2025,Bhindi(Ladies Finger),85,Dehradoon,Small,Rishikesh APMC,3800,2800,3550,Uttarakhand,Other
11/11/2025,Bhindi(Ladies Finger),85,Dehradoon,FAQ,Rishikesh APMC,3800,2850,3500,Uttarakhand,Other
23/11/2025,Green Chilli,87,Dehradoon,Medium,Rishikesh APMC,3500,2400,3000,Uttarakhand,Other
26/11/2025,Green Chilli,87,Dehradoon,Local,Rishikesh APMC,4500,2500,3000,Uttarakhand,Other
27/11/2025,Pumpkin,84,Dehradoon,Local,Rishikesh APMC,1000,850,900,Uttarakhand,Other
25/11/2025,Bhindi(Ladies Finger),85,Dehradoon,Medium,Rishikesh APMC,4800,3000,4000,Uttarakhand,Other
28/11/2025,Bhindi(Ladies Finger),85,Dehradoon,Medium,Rishikesh APMC,4050,3000,4000,Uttarakhand,Other
24/11/2025,Raddish,161,Dehradoon,Medium,Rishikesh APMC,900,750,800,Uttarakhand,Raddish
26/11/2025,Raddish,161,Dehradoon,Medium,Rishikesh APMC,850,700,800,Uttarakhand,Raddish
06/11/2025,Tomato,78,Dehradoon,FAQ,Rishikesh APMC,2000,1450,1800,Uttarakhand,Other
05/11/2025,Apple,17,Dehradoon,Small,Rishikesh APMC,6000,2500,4000,Uttarakhand,Other
14/11/2025,Apple,17,Dehradoon,Medium,Rishikesh APMC,5500,2500,4300,Uttarakhand,Other
23/11/2025,Apple,17,Dehradoon,Small,Rishikesh APMC,6800,2600,4700,Uttarakhand,Other
26/11/2025,Apple,17,Dehradoon,Medium,Rishikesh APMC,7000,2850,4800,Uttarakhand,Other
25/11/2025,Apple,17,Dehradoon,Small,Rishikesh APMC,6800,2800,4800,Uttarakhand,Other
22/11/2025,Tomato,78,Dehradoon,Small,Rishikesh APMC,3850,2400,3575,Uttarakhand,Other
11/11/2025,Tomato,78,Dehradoon,FAQ,Rishikesh APMC,2400,1400,1950,Uttarakhand,Other
02/11/2025,Tomato,78,Dehradoon,FAQ,Rishikesh APMC,1650,1400,1500,Uttarakhand,Other
04/11/2025,Tomato,78,Dehradoon,FAQ,Rishikesh APMC,2000,1400,1850,Uttarakhand,Other
05/11/2025,Tomato,78,Dehradoon,FAQ,Rishikesh APMC,2000,1400,1800,Uttarakhand,Other
16/11/2025,Tomato,78,Dehradoon,FAQ,Rishikesh APMC,3200,2000,2800,Uttarakhand,Other
17/11/2025,Tomato,78,Dehradoon,FAQ,Rishikesh APMC,3500,2200,3000,Uttarakhand,Other
02/11/2025,Green Chilli,87,Dehradoon,FAQ,Rishikesh APMC,4500,3600,4000,Uttarakhand,Green Chilly
26/11/2025,Tomato,78,Dehradoon,Medium,Rishikesh APMC,4500,2600,3400,Uttarakhand,Other
07/11/2025,Bottle gourd,82,Dehradoon,Small,Rishikesh APMC,2000,1650,1800,Uttarakhand,Other
13/11/2025,Bottle gourd,82,Dehradoon,Medium,Rishikesh APMC,2000,1500,1650,Uttarakhand,Other
09/11/2025,Bottle gourd,82,Dehradoon,Small,Rishikesh APMC,1800,1500,1600,Uttarakhand,Other
09/11/2025,Bottle gourd,82,Dehradoon,FAQ,Rishikesh APMC,1050,850,1025,Uttarakhand,Other
16/11/2025,Bottle gourd,82,Dehradoon,Medium,Rishikesh APMC,2400,1500,1650,Uttarakhand,Other
19/11/2025,Bottle gourd,82,Dehradoon,Medium,Rishikesh APMC,2400,1800,2000,Uttarakhand,Other
20/11/2025,Bottle gourd,82,Dehradoon,Small,Rishikesh APMC,2200,1800,2000,Uttarakhand,Other
23/11/2025,Bottle gourd,82,Dehradoon,Medium,Rishikesh APMC,2800,1800,2575,Uttarakhand,Other
04/11/2025,Brinjal,35,Dehradoon,FAQ,Rishikesh APMC,2450,1500,1800,Uttarakhand,Brinjal
05/11/2025,Brinjal,35,Dehradoon,FAQ,Rishikesh APMC,2400,1500,1850,Uttarakhand,Brinjal
10/11/2025,Raddish,161,Dehradoon,Medium,Rishikesh APMC,900,700,850,Uttarakhand,Other
28/11/2025,Cucumbar(Kheera),159,Dehradoon,Medium,Rishikesh APMC,1800,1500,1600,Uttarakhand,Other
29/11/2025,Cucumbar(Kheera),159,Dehradoon,Medium,Rishikesh APMC,1800,1550,1600,Uttarakhand,Other
11/11/2025,Cucumbar(Kheera),159,Dehradoon,Small,Rishikesh APMC,2000,1200,1500,Uttarakhand,Other
12/11/2025,Cucumbar(Kheera),159,Dehradoon,Medium,Rishikesh APMC,2000,1200,1500,Uttarakhand,Other
11/11/2025,Guava,185,Dehradoon,Medium,Rishikesh APMC,2800,2000,2400,Uttarakhand,Other
01/11/2025,Guava,185,Dehradoon,Small,Rishikesh APMC,2500,1800,2000,Uttarakhand,Other
17/11/2025,Guava,185,Dehradoon,Medium,Rishikesh APMC,3000,2200,2600,Uttarakhand,Other
25/11/2025,Guava,185,Dehradoon,Small,Rishikesh APMC,3000,2200,2650,Uttarakhand,Other
23/11/2025,Guava,185,Dehradoon,Small,Rishikesh APMC,3200,2200,2650,Uttarakhand,Other
13/11/2025,Cucumbar(Kheera),159,Dehradoon,Small,Rishikesh APMC,2000,1200,1550,Uttarakhand,Other
04/11/2025,Cucumbar(Kheera),159,Dehradoon,FAQ,Rishikesh APMC,2000,1500,1850,Uttarakhand,Other
09/11/2025,Cucumbar(Kheera),159,Dehradoon,Small,Rishikesh APMC,2025,1200,1500,Uttarakhand,Other
11/11/2025,Pomegranate,190,Dehradoon,Small,Rishikesh APMC,9000,6500,8650,Uttarakhand,Other
02/11/2025,Pomegranate,190,Dehradoon,Small,Rishikesh APMC,10500,6500,7500,Uttarakhand,Other
05/11/2025,Pomegranate,190,Dehradoon,Small,Rishikesh APMC,8500,4500,5800,Uttarakhand,Other
06/11/2025,Pomegranate,190,Dehradoon,Small,Rishikesh APMC,8000,4500,5850,Uttarakhand,Other
14/11/2025,Pomegranate,190,Dehradoon,Small,Rishikesh APMC,8500,6500,8000,Uttarakhand,Other
17/11/2025,Pomegranate,190,Dehradoon,Small,Rishikesh APMC,12000,6500,8500,Uttarakhand,Other
23/11/2025,Pomegranate,190,Dehradoon,Small,Rishikesh APMC,9500,5400,7250,Uttarakhand,Other
11/11/2025,Lime,180,Dehradoon,Small,Rishikesh APMC,4000,2800,3500,Uttarakhand,Other
18/11/2025,Lime,180,Dehradoon,Small,Rishikesh APMC,4000,2500,3500,Uttarakhand,Other
26/11/2025,Lime,180,Dehradoon,Medium,Rishikesh APMC,3400,2200,3000,Uttarakhand,Other
27/11/2025,Lime,180,Dehradoon,Medium,Rishikesh APMC,4000,3550,3800,Uttarakhand,Other
28/11/2025,Lime,180,Dehradoon,Medium,Rishikesh APMC,4000,3500,3875,Uttarakhand,Other
29/11/2025,Lime,180,Dehradoon,Small,Rishikesh APMC,3800,3500,3600,Uttarakhand,Other
25/11/2025,Cucumbar(Kheera),159,Dehradoon,Medium,Rishikesh APMC,2100,1200,1550,Uttarakhand,Other
01/11/2025,Cabbage,154,Dehradoon,FAQ,Rishikesh APMC,2400,1800,2100,Uttarakhand,Other
05/11/2025,Cabbage,154,Dehradoon,FAQ,Rishikesh APMC,2000,1600,1800,Uttarakhand,Other
06/11/2025,Cabbage,154,Dehradoon,FAQ,Rishikesh APMC,1850,1500,1600,Uttarakhand,Other
17/11/2025,Cabbage,154,Dehradoon,Local,Rishikesh APMC,1550,1250,1375,Uttarakhand,Other
23/11/2025,Cabbage,154,Dehradoon,Medium,Rishikesh APMC,1800,1250,1600,Uttarakhand,Other
16/11/2025,Cabbage,154,Dehradoon,Medium,Rishikesh APMC,1500,1200,1350,Uttarakhand,Other
14/11/2025,Carrot,153,Dehradoon,Small,Rishikesh APMC,2400,1850,2000,Uttarakhand,Other
24/11/2025,Carrot,153,Dehradoon,Small,Rishikesh APMC,2200,1800,2175,Uttarakhand,Other
17/11/2025,Carrot,153,Dehradoon,Medium,Rishikesh APMC,2600,1800,2100,Uttarakhand,Other
13/11/2025,Brinjal,35,Dehradoon,Medium,Rishikesh APMC,2000,1500,1825,Uttarakhand,Other
24/11/2025,Potato,24,Dehradoon,Medium,Rishikesh APMC,1500,1200,1450,Uttarakhand,Other
29/11/2025,Potato,24,Dehradoon,Small,Rishikesh APMC,1400,1150,1300,Uttarakhand,Other
13/11/2025,Potato,24,Dehradoon,FAQ,Rishikesh APMC,1700,1400,1650,Uttarakhand,Other
18/11/2025,Potato,24,Dehradoon,FAQ,Rishikesh APMC,1600,1250,1500,Uttarakhand,Other
11/11/2025,Onion,23,Dehradoon,FAQ,Rishikesh APMC,1900,1500,1600,Uttarakhand,Other
12/11/2025,Onion,23,Dehradoon,FAQ,Rishikesh APMC,1900,1500,1650,Uttarakhand,Other
16/11/2025,Onion,23,Dehradoon,FAQ,Rishikesh APMC,1800,1400,1500,Uttarakhand,Other
23/11/2025,Onion,23,Dehradoon,Medium,Rishikesh APMC,1600,1350,1500,Uttarakhand,Other
27/11/2025,Onion,23,Dehradoon,Small,Rishikesh APMC,1500,1200,1400,Uttarakhand,Other
01/11/2025,Banana,19,Dehradoon,Small,Rishikesh APMC,1500,1200,1400,Uttarakhand,Other
04/11/2025,Banana,19,Dehradoon,Small,Rishikesh APMC,1500,1100,1300,Uttarakhand,Other
22/11/2025,Banana,19,Dehradoon,Small,Rishikesh APMC,1300,1000,1275,Uttarakhand,Other
20/11/2025,Banana,19,Dehradoon,Small,Rishikesh APMC,1400,1000,1250,Uttarakhand,Other
23/11/2025,Banana,19,Dehradoon,Small,Rishikesh APMC,1300,1000,1200,Uttarakhand,Other
29/11/2025,Banana,19,Dehradoon,Small,Rishikesh APMC,1400,1000,1250,Uttarakhand,Other
07/11/2025,Banana,19,Dehradoon,Medium,Rishikesh APMC,1500,1150,1300,Uttarakhand,Other
08/11/2025,Banana,19,Dehradoon,Small,Rishikesh APMC,1500,1100,1250,Uttarakhand,Other
10/11/2025,Mousambi(Sweet Lime),77,Dehradoon,Small,Rishikesh APMC,2600,2400,2500,Uttarakhand,Other
16/11/2025,Mousambi(Sweet Lime),77,Dehradoon,Medium,Rishikesh APMC,2600,2450,2500,Uttarakhand,Other
22/11/2025,Mousambi(Sweet Lime),77,Dehradoon,Medium,Rishikesh APMC,2800,2000,2650,Uttarakhand,Other
27/02/2026,Raddish,161,Dehradoon,Medium,Rishikesh APMC,675,500,650,Uttarakhand,Other
24/02/2026,Mousambi(Sweet Lime),77,Dehradoon,Medium,Rishikesh APMC,2800,2400,2650,Uttarakhand,Other
14/02/2026,Tomato,78,Dehradoon,Medium,Rishikesh APMC,1375,1100,1200,Uttarakhand,Other
16/02/2026,Tomato,78,Dehradoon,Medium,Rishikesh APMC,1350,1000,1200,Uttarakhand,Other
08/02/2026,Brinjal,35,Dehradoon,Medium,Rishikesh APMC,1600,1200,1400,Uttarakhand,Other
16/02/2026,Onion,23,Dehradoon,Medium,Rishikesh APMC,1900,1800,1850,Uttarakhand,Nasik
10/02/2026,Carrot,153,Dehradoon,Medium,Rishikesh APMC,1200,800,900,Uttarakhand,Other
02/02/2026,Onion,23,Dehradoon,Medium,Rishikesh APMC,2100,1800,2000,Uttarakhand,Other
17/02/2026,Carrot,153,Dehradoon,Medium,Rishikesh APMC,1100,900,1050,Uttarakhand,Other
08/02/2026,Potato,24,Dehradoon,Medium,Rishikesh APMC,610,400,475,Uttarakhand,Other
13/02/2026,Potato,24,Dehradoon,Medium,Rishikesh APMC,600,400,500,Uttarakhand,Other
25/02/2026,Banana,19,Dehradoon,Medium,Rishikesh APMC,2000,1400,1800,Uttarakhand,Other
10/02/2026,Banana,19,Dehradoon,Medium,Rishikesh APMC,1800,1300,1500,Uttarakhand,Other
14/02/2026,Cabbage,154,Dehradoon,Medium,Rishikesh APMC,400,300,350,Uttarakhand,Other
17/02/2026,Cabbage,154,Dehradoon,Medium,Rishikesh APMC,350,250,300,Uttarakhand,Other
18/02/2026,Cabbage,154,Dehradoon,Medium,Rishikesh APMC,350,250,300,Uttarakhand,Other
20/02/2026,Tomato,78,Dehradoon,Medium,Rishikesh APMC,1360,1000,1200,Uttarakhand,Other
06/02/2026,Ginger(Green),103,Dehradoon,Medium,Rishikesh APMC,5000,4000,4600,Uttarakhand,Other
04/02/2026,Ginger(Green),103,Dehradoon,Medium,Rishikesh APMC,5000,4000,4500,Uttarakhand,Other
19/02/2026,Field Pea,64,Dehradoon,Medium,Rishikesh APMC,2000,1200,1500,Uttarakhand,Other
18/02/2026,Field Pea,64,Dehradoon,Medium,Rishikesh APMC,2000,1200,1500,Uttarakhand,Other
27/02/2026,Field Pea,64,Dehradoon,Medium,Rishikesh APMC,2000,1200,1850,Uttarakhand,Other
22/02/2026,Ginger(Green),103,Dehradoon,Medium,Rishikesh APMC,5300,4500,5000,Uttarakhand,Other
12/02/2026,Raddish,161,Dehradoon,Medium,Rishikesh APMC,600,500,550,Uttarakhand,Other
13/02/2026,Raddish,161,Dehradoon,Medium,Rishikesh APMC,700,500,600,Uttarakhand,Other
03/02/2026,Banana,19,Dehradoon,Medium,Rishikesh APMC,1700,1300,1400,Uttarakhand,Other
20/02/2026,Carrot,153,Dehradoon,Medium,Rishikesh APMC,1500,1000,1250,Uttarakhand,Other
23/02/2026,Carrot,153,Dehradoon,Medium,Rishikesh APMC,1400,1050,1200,Uttarakhand,Other
25/02/2026,Carrot,153,Dehradoon,Medium,Rishikesh APMC,1650,1200,1400,Uttarakhand,Other
07/02/2026,Potato,24,Dehradoon,Medium,Rishikesh APMC,610,400,550,Uttarakhand,Other
19/02/2026,Potato,24,Dehradoon,Medium,Rishikesh APMC,600,500,550,Uttarakhand,Other
23/02/2026,Potato,24,Dehradoon,Medium,Rishikesh APMC,660,510,600,Uttarakhand,Other
24/02/2026,Potato,24,Dehradoon,Medium,Rishikesh APMC,650,500,600,Uttarakhand,Other
27/02/2026,Carrot,153,Dehradoon,Medium,Rishikesh APMC,1650,1200,1500,Uttarakhand,Other
19/02/2026,Onion,23,Dehradoon,Medium,Rishikesh APMC,2000,1800,1850,Uttarakhand,Other
21/02/2026,Onion,23,Dehradoon,Medium,Rishikesh APMC,2000,1800,1900,Uttarakhand,Other
03/02/2026,French Beans(Frasbean),298,Dehradoon,Medium,Rishikesh APMC,2250,1600,1850,Uttarakhand,Other
06/02/2026,French Beans(Frasbean),298,Dehradoon,Medium,Rishikesh APMC,2200,1600,1800,Uttarakhand,Other
01/02/2026,French Beans(Frasbean),298,Dehradoon,Medium,Rishikesh APMC,2200,1600,1800,Uttarakhand,Other
07/02/2026,French Beans(Frasbean),298,Dehradoon,Medium,Rishikesh APMC,2500,1600,1800,Uttarakhand,Other
11/02/2026,French Beans(Frasbean),298,Dehradoon,Medium,Rishikesh APMC,2700,1600,1850,Uttarakhand,Other
01/02/2026,Green Chilli,87,Dehradoon,Medium,Rishikesh APMC,8000,5500,6500,Uttarakhand,Other
23/02/2026,Raddish,161,Dehradoon,Medium,Rishikesh APMC,650,400,525,Uttarakhand,Raddish
01/02/2026,Pumpkin,84,Dehradoon,Medium,Rishikesh APMC,1300,1000,1200,Uttarakhand,Other
02/02/2026,Pumpkin,84,Dehradoon,Medium,Rishikesh APMC,1200,1000,1100,Uttarakhand,Other
17/02/2026,Pumpkin,84,Dehradoon,Medium,Rishikesh APMC,1500,1000,1200,Uttarakhand,Other
23/02/2026,Green Chilli,87,Dehradoon,Medium,Rishikesh APMC,7800,5500,6200,Uttarakhand,Other
02/02/2026,Papaya,72,Dehradoon,Medium,Rishikesh APMC,2400,1800,2000,Uttarakhand,Other
06/02/2026,Papaya,72,Dehradoon,Medium,Rishikesh APMC,2600,1800,2000,Uttarakhand,Other
11/02/2026,Papaya,72,Dehradoon,Medium,Rishikesh APMC,2500,1800,2000,Uttarakhand,Other
10/02/2026,Papaya,72,Dehradoon,Medium,Rishikesh APMC,2500,1800,2000,Uttarakhand,Other
12/02/2026,Papaya,72,Dehradoon,Medium,Rishikesh APMC,2500,1850,2000,Uttarakhand,Other
17/02/2026,Papaya,72,Dehradoon,Medium,Rishikesh APMC,2600,1800,2000,Uttarakhand,Other
25/02/2026,Papaya,72,Dehradoon,Medium,Rishikesh APMC,2500,1800,2050,Uttarakhand,Other
25/02/2026,Cabbage,154,Dehradoon,Medium,Rishikesh APMC,350,250,300,Uttarakhand,Other
26/02/2026,Cabbage,154,Dehradoon,Medium,Rishikesh APMC,300,200,260,Uttarakhand,Other
02/02/2026,Pomegranate,190,Dehradoon,Medium,Rishikesh APMC,6800,4550,5600,Uttarakhand,Other
11/02/2026,Pomegranate,190,Dehradoon,Medium,Rishikesh APMC,8400,4500,6200,Uttarakhand,Other
21/02/2026,Pomegranate,190,Dehradoon,Medium,Rishikesh APMC,8500,4500,6000,Uttarakhand,Other
16/02/2026,Pomegranate,190,Dehradoon,Medium,Rishikesh APMC,8400,4600,5800,Uttarakhand,Other
20/02/2026,Pomegranate,190,Dehradoon,Medium,Rishikesh APMC,8500,4500,6000,Uttarakhand,Other
23/02/2026,Pomegranate,190,Dehradoon,Medium,Rishikesh APMC,8700,4800,6200,Uttarakhand,Other
01/02/2026,Guava,185,Dehradoon,Medium,Rishikesh APMC,3000,2200,2800,Uttarakhand,Other
17/02/2026,Guava,185,Dehradoon,Medium,Rishikesh APMC,3250,2200,2500,Uttarakhand,Other
21/02/2026,Guava,185,Dehradoon,Medium,Rishikesh APMC,3200,2200,2600,Uttarakhand,Other
18/02/2026,Guava,185,Dehradoon,Medium,Rishikesh APMC,3150,2200,2500,Uttarakhand,Other
23/02/2026,Guava,185,Dehradoon,Medium,Rishikesh APMC,3800,2400,2800,Uttarakhand,Other
03/02/2026,Tomato,78,Dehradoon,Medium,Rishikesh APMC,1550,1200,1400,Uttarakhand,Other
11/02/2026,Tomato,78,Dehradoon,Medium,Rishikesh APMC,1350,1000,1200,Uttarakhand,Other
09/02/2026,Tomato,78,Dehradoon,Medium,Rishikesh APMC,1400,1050,1200,Uttarakhand,Other
23/02/2026,Tomato,78,Dehradoon,Medium,Rishikesh APMC,1450,1000,1250,Uttarakhand,Other
25/02/2026,Tomato,78,Dehradoon,Medium,Rishikesh APMC,1400,1000,1275,Uttarakhand,Other
27/02/2026,Tomato,78,Dehradoon,Medium,Rishikesh APMC,1300,1000,1200,Uttarakhand,Other
12/02/2026,Green Chilli,87,Dehradoon,Medium,Rishikesh APMC,6200,5000,5550,Uttarakhand,Other
17/02/2026,Green Chilli,87,Dehradoon,Medium,Rishikesh APMC,6800,5000,6000,Uttarakhand,Other
20/02/2026,Green Chilli,87,Dehradoon,Medium,Rishikesh APMC,8000,5500,6250,Uttarakhand,Other
12/02/2026,Lime,180,Dehradoon,Medium,Rishikesh APMC,3000,2000,2550,Uttarakhand,Other
19/02/2026,Lime,180,Dehradoon,Medium,Rishikesh APMC,3000,2000,2550,Uttarakhand,Other
21/02/2026,Lime,180,Dehradoon,Medium,Rishikesh APMC,3800,2400,2600,Uttarakhand,Other
20/02/2026,Lime,180,Dehradoon,Medium,Rishikesh APMC,4500,2500,3000,Uttarakhand,Other
27/02/2026,Lime,180,Dehradoon,Medium,Rishikesh APMC,3500,2800,3200,Uttarakhand,Other
22/02/2026,Apple,17,Dehradoon,Medium,Rishikesh APMC,7250,4600,6500,Uttarakhand,Kasmir/Shimla - II
04/02/2026,Potato,24,Dehradoon,Medium,Rishikesh APMC,600,400,500,Uttarakhand,Other
17/02/2026,Potato,24,Dehradoon,Medium,Rishikesh APMC,600,500,550,Uttarakhand,Other
12/02/2026,Potato,24,Dehradoon,Medium,Rishikesh APMC,600,450,500,Uttarakhand,Other
03/02/2026,Potato,24,Dehradoon,Medium,Rishikesh APMC,610,425,500,Uttarakhand,Other
07/02/2026,Cauliflower,34,Dehradoon,Medium,Rishikesh APMC,700,500,650,Uttarakhand,Other
19/02/2026,Cauliflower,34,Dehradoon,Medium,Rishikesh APMC,500,300,400,Uttarakhand,Other
23/02/2026,Cauliflower,34,Dehradoon,Medium,Rishikesh APMC,600,350,450,Uttarakhand,Other
22/02/2026,Brinjal,35,Dehradoon,Medium,Rishikesh APMC,1800,1250,1500,Uttarakhand,Other
23/02/2026,Brinjal,35,Dehradoon,Medium,Rishikesh APMC,1800,1250,1500,Uttarakhand,Other
26/02/2026,Brinjal,35,Dehradoon,Medium,Rishikesh APMC,2000,1200,1500,Uttarakhand,Other
03/02/2026,Apple,17,Dehradoon,Medium,Rishikesh APMC,6700,4500,5600,Uttarakhand,Kasmir/Shimla - II
18/02/2026,Apple,17,Dehradoon,Medium,Rishikesh APMC,7500,4600,6200,Uttarakhand,Kasmir/Shimla - II
03/02/2026,Orange,18,Dehradoon,Medium,Rishikesh APMC,3200,2500,2800,Uttarakhand,Other
04/02/2026,Orange,18,Dehradoon,Medium,Rishikesh APMC,3250,2500,2800,Uttarakhand,Other
16/02/2026,Orange,18,Dehradoon,Medium,Rishikesh APMC,3400,2500,2800,Uttarakhand,Other
18/02/2026,Orange,18,Dehradoon,Medium,Rishikesh APMC,3300,2500,2800,Uttarakhand,Other
25/02/2026,Orange,18,Dehradoon,Medium,Rishikesh APMC,3850,2800,3000,Uttarakhand,Other
01/01/2026,Orange,18,Dehradoon,Medium,Rishikesh APMC,3400,2800,3050,Uttarakhand,Other
02/01/2026,Orange,18,Dehradoon,Medium,Rishikesh APMC,3000,2500,2800,Uttarakhand,Other
03/01/2026,Orange,18,Dehradoon,Medium,Rishikesh APMC,3000,2550,2800,Uttarakhand,Other
10/01/2026,Orange,18,Dehradoon,Medium,Rishikesh APMC,3250,2500,2850,Uttarakhand,Other
13/01/2026,Orange,18,Dehradoon,Medium,Rishikesh APMC,3200,2528,3000,Uttarakhand,Other
03/01/2026,Onion,23,Dehradoon,Medium,Rishikesh APMC,2400,1850,2000,Uttarakhand,Nasik
04/01/2026,Potato,24,Dehradoon,Medium,Rishikesh APMC,700,600,650,Uttarakhand,Other
21/01/2026,Potato,24,Dehradoon,Medium,Rishikesh APMC,560,480,500,Uttarakhand,Other
27/01/2026,Potato,24,Dehradoon,Medium,Rishikesh APMC,550,400,425,Uttarakhand,Other
26/01/2026,Potato,24,Dehradoon,Medium,Rishikesh APMC,600,500,550,Uttarakhand,Other
28/01/2026,Potato,24,Dehradoon,Medium,Rishikesh APMC,575,410,475,Uttarakhand,Other
05/01/2026,Brinjal,35,Dehradoon,Medium,Rishikesh APMC,1800,1002,1500,Uttarakhand,Other
10/01/2026,Apple,17,Dehradoon,Medium,Rishikesh APMC,4200,3400,3800,Uttarakhand,Kasmir/Shimla - II
16/01/2026,Apple,17,Dehradoon,Medium,Rishikesh APMC,5500,3500,3800,Uttarakhand,Kasmir/Shimla - II
23/01/2026,Apple,17,Dehradoon,Medium,Rishikesh APMC,6800,3800,5000,Uttarakhand,Kasmir/Shimla - II
19/01/2026,Apple,17,Dehradoon,Medium,Rishikesh APMC,6000,3800,4500,Uttarakhand,Kasmir/Shimla - II
02/01/2026,Field Pea,64,Dehradoon,Medium,Rishikesh APMC,2100,1600,1850,Uttarakhand,Other
05/01/2026,Field Pea,64,Dehradoon,Small,Rishikesh APMC,2000,1500,1800,Uttarakhand,Other
08/01/2026,Field Pea,64,Dehradoon,Medium,Rishikesh APMC,2000,1500,1800,Uttarakhand,Other
28/01/2026,Field Pea,64,Dehradoon,Medium,Rishikesh APMC,2000,1500,1600,Uttarakhand,Other
02/01/2026,Papaya,72,Dehradoon,Medium,Rishikesh APMC,2000,1800,1950,Uttarakhand,Other
03/01/2026,Papaya,72,Dehradoon,Medium,Rishikesh APMC,2000,1800,1900,Uttarakhand,Other
09/01/2026,Papaya,72,Dehradoon,Medium,Rishikesh APMC,2500,1800,2000,Uttarakhand,Other
08/01/2026,Papaya,72,Dehradoon,Medium,Rishikesh APMC,2500,1800,2050,Uttarakhand,Other
11/01/2026,Papaya,72,Dehradoon,Medium,Rishikesh APMC,2500,1800,2000,Uttarakhand,Other
12/01/2026,Papaya,72,Dehradoon,Medium,Rishikesh APMC,2500,1800,2050,Uttarakhand,Other
17/01/2026,Papaya,72,Dehradoon,Medium,Rishikesh APMC,2200,1800,2000,Uttarakhand,Other
23/01/2026,Papaya,72,Dehradoon,Medium,Rishikesh APMC,2400,1800,2050,Uttarakhand,Other
02/01/2026,Banana,19,Dehradoon,Medium,Rishikesh APMC,1250,1000,1200,Uttarakhand,Other
04/01/2026,Banana,19,Dehradoon,Medium,Rishikesh APMC,1200,900,1000,Uttarakhand,Other
06/01/2026,Banana,19,Dehradoon,Medium,Rishikesh APMC,1350,1000,1200,Uttarakhand,Other
10/01/2026,Banana,19,Dehradoon,Medium,Rishikesh APMC,1300,1000,1200,Uttarakhand,Other
13/01/2026,Banana,19,Dehradoon,Medium,Rishikesh APMC,1800,1250,1600,Uttarakhand,Other
17/01/2026,Banana,19,Dehradoon,Medium,Rishikesh APMC,1600,1200,1500,Uttarakhand,Other
20/01/2026,Banana,19,Dehradoon,Medium,Rishikesh APMC,1800,1200,1550,Uttarakhand,Other
18/01/2026,Banana,19,Dehradoon,Medium,Rishikesh APMC,1600,1200,1550,Uttarakhand,Other
28/01/2026,Banana,19,Dehradoon,Medium,Rishikesh APMC,1700,1300,1600,Uttarakhand,Other
29/01/2026,Banana,19,Dehradoon,Medium,Rishikesh APMC,1800,1300,1600,Uttarakhand,Other
07/01/2026,Mousambi(Sweet Lime),77,Dehradoon,Medium,Rishikesh APMC,2600,2200,2500,Uttarakhand,Other
08/01/2026,Mousambi(Sweet Lime),77,Dehradoon,Medium,Rishikesh APMC,2650,2200,2500,Uttarakhand,Other
11/01/2026,Mousambi(Sweet Lime),77,Dehradoon,Medium,Rishikesh APMC,2650,2200,2500,Uttarakhand,Other
12/01/2026,Mousambi(Sweet Lime),77,Dehradoon,Medium,Rishikesh APMC,2600,2200,2500,Uttarakhand,Other
16/01/2026,Mousambi(Sweet Lime),77,Dehradoon,Medium,Rishikesh APMC,2800,2400,2500,Uttarakhand,Other
03/01/2026,Cauliflower,34,Dehradoon,Medium,Rishikesh APMC,700,500,650,Uttarakhand,Other
16/01/2026,Cauliflower,34,Dehradoon,Medium,Rishikesh APMC,1000,650,850,Uttarakhand,Other
21/01/2026,Cauliflower,34,Dehradoon,Medium,Rishikesh APMC,1200,850,1050,Uttarakhand,Other
28/01/2026,Cauliflower,34,Dehradoon,Medium,Rishikesh APMC,900,500,600,Uttarakhand,Other
08/01/2026,Onion,23,Dehradoon,Medium,Rishikesh APMC,2000,1800,1950,Uttarakhand,Other
06/01/2026,Onion,23,Dehradoon,Medium,Rishikesh APMC,2400,1800,2000,Uttarakhand,Other
07/01/2026,Onion,23,Dehradoon,Medium,Rishikesh APMC,2400,1850,2000,Uttarakhand,Other
13/01/2026,Onion,23,Dehradoon,Medium,Rishikesh APMC,2200,1800,2000,Uttarakhand,Other
11/01/2026,Onion,23,Dehradoon,Medium,Rishikesh APMC,2200,1850,2000,Uttarakhand,Other
20/01/2026,Onion,23,Dehradoon,Medium,Rishikesh APMC,2000,1850,1900,Uttarakhand,Other
22/01/2026,Onion,23,Dehradoon,Medium,Rishikesh APMC,2050,1800,1900,Uttarakhand,Other
01/01/2026,Onion,23,Dehradoon,Medium,Rishikesh APMC,2200,1800,2000,Uttarakhand,Other
02/01/2026,Onion,23,Dehradoon,Small,Rishikesh APMC,2400,1800,2000,Uttarakhand,Other
12/01/2026,Potato,24,Dehradoon,Small,Rishikesh APMC,650,600,625,Uttarakhand,Other
20/01/2026,Potato,24,Dehradoon,Medium,Rishikesh APMC,600,500,550,Uttarakhand,Other
19/01/2026,Potato,24,Dehradoon,Medium,Rishikesh APMC,550,500,525,Uttarakhand,Other
22/01/2026,Potato,24,Dehradoon,Medium,Rishikesh APMC,560,450,500,Uttarakhand,Other
02/01/2026,Brinjal,35,Dehradoon,Medium,Rishikesh APMC,1800,1200,1600,Uttarakhand,Other
07/01/2026,Brinjal,35,Dehradoon,Medium,Rishikesh APMC,2000,1500,1850,Uttarakhand,Other
01/01/2026,Cauliflower,34,Dehradoon,Medium,Rishikesh APMC,800,600,750,Uttarakhand,Other
04/01/2026,Cauliflower,34,Dehradoon,Medium,Rishikesh APMC,700,500,600,Uttarakhand,Other
12/01/2026,Cauliflower,34,Dehradoon,Medium,Rishikesh APMC,850,600,750,Uttarakhand,Other
10/01/2026,Brinjal,35,Dehradoon,Medium,Rishikesh APMC,1800,1250,1600,Uttarakhand,Other
11/01/2026,Brinjal,35,Dehradoon,Medium,Rishikesh APMC,2000,1500,1800,Uttarakhand,Other
10/01/2026,Green Chilli,87,Dehradoon,Medium,Rishikesh APMC,5500,3500,4550,Uttarakhand,Other
21/01/2026,Green Chilli,87,Dehradoon,Medium,Rishikesh APMC,6000,4000,5000,Uttarakhand,Other
03/01/2026,Ginger(Green),103,Dehradoon,Medium,Rishikesh APMC,5000,4000,4525,Uttarakhand,Other
06/01/2026,Ginger(Green),103,Dehradoon,Medium,Rishikesh APMC,5000,3500,4500,Uttarakhand,Other
08/01/2026,Ginger(Green),103,Dehradoon,Medium,Rishikesh APMC,5500,3500,4500,Uttarakhand,Other
12/01/2026,Ginger(Green),103,Dehradoon,Medium,Rishikesh APMC,5500,4000,4800,Uttarakhand,Other
14/01/2026,Ginger(Green),103,Dehradoon,Medium,Rishikesh APMC,5500,4000,4800,Uttarakhand,Other
06/01/2026,Green Chilli,87,Dehradoon,Medium,Rishikesh APMC,5800,3500,4500,Uttarakhand,Other
01/01/2026,Cabbage,154,Dehradoon,Medium,Rishikesh APMC,800,650,700,Uttarakhand,Other
03/01/2026,Cabbage,154,Dehradoon,Local,Rishikesh APMC,600,500,525,Uttarakhand,Other
06/01/2026,Cabbage,154,Dehradoon,Medium,Rishikesh APMC,600,500,550,Uttarakhand,Other
08/01/2026,Cabbage,154,Dehradoon,Medium,Rishikesh APMC,550,450,500,Uttarakhand,Other
19/01/2026,Cabbage,154,Dehradoon,Medium,Rishikesh APMC,600,400,500,Uttarakhand,Other
26/01/2026,Cabbage,154,Dehradoon,Medium,Rishikesh APMC,700,500,600,Uttarakhand,Other
04/01/2026,Tomato,78,Dehradoon,Medium,Rishikesh APMC,3800,2400,3200,Uttarakhand,Other
06/01/2026,Tomato,78,Dehradoon,Medium,Rishikesh APMC,3400,2400,3200,Uttarakhand,Other
14/01/2026,Carrot,153,Dehradoon,Medium,Rishikesh APMC,1000,800,900,Uttarakhand,Other
01/01/2026,Carrot,153,Dehradoon,Medium,Rishikesh APMC,1200,850,1000,Uttarakhand,Other
06/01/2026,Carrot,153,Dehradoon,Medium,Rishikesh APMC,1000,800,900,Uttarakhand,Other
26/01/2026,Carrot,153,Dehradoon,Medium,Rishikesh APMC,1200,850,1000,Uttarakhand,Other
14/01/2026,Pumpkin,84,Dehradoon,Medium,Rishikesh APMC,1150,1000,1050,Uttarakhand,Other
17/01/2026,Pumpkin,84,Dehradoon,Medium,Rishikesh APMC,1150,1000,1100,Uttarakhand,Other
22/01/2026,Pumpkin,84,Dehradoon,Medium,Rishikesh APMC,1100,900,1000,Uttarakhand,Other
27/01/2026,Pumpkin,84,Dehradoon,Medium,Rishikesh APMC,1500,950,1200,Uttarakhand,Other
28/01/2026,Pumpkin,84,Dehradoon,Medium,Rishikesh APMC,1500,1000,1200,Uttarakhand,Other
11/01/2026,Tomato,78,Dehradoon,Medium,Rishikesh APMC,2800,2000,2450,Uttarakhand,Other
16/01/2026,Tomato,78,Dehradoon,Medium,Rishikesh APMC,2600,1800,2000,Uttarakhand,Other
22/01/2026,Tomato,78,Dehradoon,Medium,Rishikesh APMC,2600,1800,2000,Uttarakhand,Other
26/01/2026,Tomato,78,Dehradoon,Medium,Rishikesh APMC,2600,1800,2050,Uttarakhand,Other
27/01/2026,Tomato,78,Dehradoon,Medium,Rishikesh APMC,2500,1800,2000,Uttarakhand,Other
06/01/2026,Pomegranate,190,Dehradoon,Medium,Rishikesh APMC,5800,3000,4000,Uttarakhand,Other
12/01/2026,Pomegranate,190,Dehradoon,Medium,Rishikesh APMC,6000,3000,4000,Uttarakhand,Other
14/01/2026,Pomegranate,190,Dehradoon,Medium,Rishikesh APMC,6500,3000,4525,Uttarakhand,Other
26/01/2026,Pomegranate,190,Dehradoon,Medium,Rishikesh APMC,6500,3000,4500,Uttarakhand,Other
27/01/2026,Pomegranate,190,Dehradoon,Medium,Rishikesh APMC,6300,3000,4500,Uttarakhand,Other
28/01/2026,Pomegranate,190,Dehradoon,Medium,Rishikesh APMC,6500,3000,4500,Uttarakhand,Other
19/01/2026,Capsicum,164,Dehradoon,Medium,Rishikesh APMC,2000,1500,1850,Uttarakhand,Other
24/01/2026,Capsicum,164,Dehradoon,Medium,Rishikesh APMC,2500,1850,2000,Uttarakhand,Other
28/01/2026,Capsicum,164,Dehradoon,Medium,Rishikesh APMC,2500,1800,2050,Uttarakhand,Other
04/01/2026,French Beans(Frasbean),298,Dehradoon,Medium,Rishikesh APMC,2000,1800,1900,Uttarakhand,Other
16/01/2026,French Beans(Frasbean),298,Dehradoon,Medium,Rishikesh APMC,2000,1500,1800,Uttarakhand,Other
18/01/2026,French Beans(Frasbean),298,Dehradoon,Medium,Rishikesh APMC,2400,1500,2050,Uttarakhand,Other
24/01/2026,French Beans(Frasbean),298,Dehradoon,Medium,Rishikesh APMC,2800,1600,2000,Uttarakhand,Other
22/01/2026,French Beans(Frasbean),298,Dehradoon,Medium,Rishikesh APMC,2650,1600,2000,Uttarakhand,Other
28/01/2026,French Beans(Frasbean),298,Dehradoon,Medium,Rishikesh APMC,2250,1600,1850,Uttarakhand,Other
08/01/2026,Green Chilli,87,Dehradoon,Medium,Rishikesh APMC,6000,3500,4550,Uttarakhand,Other
28/01/2026,Green Chilli,87,Dehradoon,Medium,Rishikesh APMC,6550,4500,5500,Uttarakhand,Other
03/01/2026,Green Chilli,87,Dehradoon,Medium,Rishikesh APMC,3800,3025,3500,Uttarakhand,Other
09/01/2026,Green Chilli,87,Dehradoon,Medium,Rishikesh APMC,6000,3500,4500,Uttarakhand,Other
02/01/2026,Raddish,161,Dehradoon,Medium,Rishikesh APMC,500,400,450,Uttarakhand,Raddish
07/01/2026,Raddish,161,Dehradoon,Medium,Rishikesh APMC,600,400,500,Uttarakhand,Raddish
10/01/2026,Raddish,161,Dehradoon,Medium,Rishikesh APMC,550,400,500,Uttarakhand,Raddish
17/01/2026,Raddish,161,Dehradoon,Medium,Rishikesh APMC,700,600,650,Uttarakhand,Raddish
29/01/2026,Raddish,161,Dehradoon,Medium,Rishikesh APMC,650,500,600,Uttarakhand,Other
01/01/2026,Raddish,161,Dehradoon,Medium,Rishikesh APMC,500,400,425,Uttarakhand,Other
14/01/2026,Raddish,161,Dehradoon,Medium,Rishikesh APMC,700,600,650,Uttarakhand,Other
21/01/2026,Ginger(Green),103,Dehradoon,Medium,Rishikesh APMC,5600,4000,4500,Uttarakhand,Other
06/01/2026,Guava,185,Dehradoon,Medium,Rishikesh APMC,3500,2000,2500,Uttarakhand,Other
10/01/2026,Guava,185,Dehradoon,Medium,Rishikesh APMC,3500,2000,2500,Uttarakhand,Other
29/01/2026,Guava,185,Dehradoon,Small,Rishikesh APMC,3100,2200,2800,Uttarakhand,Other
01/01/2026,Lime,180,Dehradoon,Medium,Rishikesh APMC,3800,2500,3250,Uttarakhand,Other
03/01/2026,Lime,180,Dehradoon,Medium,Rishikesh APMC,3500,2500,3250,Uttarakhand,Other
04/01/2026,Lime,180,Dehradoon,Medium,Rishikesh APMC,3500,2500,3200,Uttarakhand,Other
07/01/2026,Lime,180,Dehradoon,Medium,Rishikesh APMC,3600,2500,3050,Uttarakhand,Other
08/01/2026,Lime,180,Dehradoon,Medium,Rishikesh APMC,3500,2500,3000,Uttarakhand,Other
11/01/2026,Lime,180,Dehradoon,Medium,Rishikesh APMC,3400,2500,3050,Uttarakhand,Other
21/01/2026,Lime,180,Dehradoon,Medium,Rishikesh APMC,2850,2000,2500,Uttarakhand,Other
22/01/2026,Lime,180,Dehradoon,Medium,Rishikesh APMC,2800,2000,2500,Uttarakhand,Other
06/01/2026,Lime,180,Dehradoon,Medium,Rishikesh APMC,3600,2500,3000,Uttarakhand,Lime
01/01/2026,Tomato,78,Dehradoon,Medium,Rishikesh APMC,3800,2100,3250,Uttarakhand,Local
05/01/2026,Indian Beans(Seam),299,Dehradoon,Medium,Rishikesh APMC,1800,1500,1600,Uttarakhand,Other
09/01/2026,Indian Beans(Seam),299,Dehradoon,Medium,Rishikesh APMC,1800,1250,1500,Uttarakhand,Other
11/01/2026,Indian Beans(Seam),299,Dehradoon,Medium,Rishikesh APMC,1600,1200,1550,Uttarakhand,Other
18/01/2026,Indian Beans(Seam),299,Dehradoon,Medium,Rishikesh APMC,1600,1000,1450,Uttarakhand,Other
19/01/2026,Indian Beans(Seam),299,Dehradoon,Medium,Rishikesh APMC,1600,1000,1400,Uttarakhand,Other
21/01/2026,Indian Beans(Seam),299,Dehradoon,Medium,Rishikesh APMC,1600,1200,1400,Uttarakhand,Other
26/01/2026,Indian Beans(Seam),299,Dehradoon,Medium,Rishikesh APMC,1600,1200,1575,Uttarakhand,Other
08/03/2026,French Beans(Frasbean),298,Dehradoon,Medium,Rishikesh APMC,3300,2500,2600,Uttarakhand,Other
12/03/2026,French Beans(Frasbean),298,Dehradoon,Medium,Rishikesh APMC,3250,2500,2800,Uttarakhand,Other
22/03/2026,French Beans(Frasbean),298,Dehradoon,Medium,Rishikesh APMC,3000,2500,2800,Uttarakhand,Other
23/03/2026,French Beans(Frasbean),298,Dehradoon,Medium,Rishikesh APMC,3200,2500,2800,Uttarakhand,Other
21/03/2026,French Beans(Frasbean),298,Dehradoon,Medium,Rishikesh APMC,3200,2500,2800,Uttarakhand,Other
27/03/2026,French Beans(Frasbean),298,Dehradoon,Medium,Rishikesh APMC,2500,2000,2200,Uttarakhand,Other
29/03/2026,French Beans(Frasbean),298,Dehradoon,Medium,Rishikesh APMC,2800,2000,2200,Uttarakhand,Other
07/03/2026,Onion,23,Dehradoon,Medium,Rishikesh APMC,1850,1700,1800,Uttarakhand,Other
09/03/2026,Onion,23,Dehradoon,Medium,Rishikesh APMC,1900,1700,1800,Uttarakhand,Other
13/03/2026,Onion,23,Dehradoon,Medium,Rishikesh APMC,1900,1700,1875,Uttarakhand,Other
12/03/2026,Onion,23,Dehradoon,Medium,Rishikesh APMC,1900,1700,1800,Uttarakhand,Other
23/03/2026,Onion,23,Dehradoon,Medium,Rishikesh APMC,1725,1500,1600,Uttarakhand,Other
01/03/2026,Pomegranate,190,Dehradoon,Medium,Rishikesh APMC,8700,4800,6500,Uttarakhand,Other
16/03/2026,Pomegranate,190,Dehradoon,Medium,Rishikesh APMC,9000,5000,6200,Uttarakhand,Other
22/03/2026,Pomegranate,190,Dehradoon,Medium,Rishikesh APMC,9200,5000,6500,Uttarakhand,Other
27/03/2026,Grapes,22,Dehradoon,Medium,Rishikesh APMC,5600,3800,4500,Uttarakhand,Other
19/03/2026,Grapes,22,Dehradoon,Medium,Rishikesh APMC,5100,3800,4500,Uttarakhand,Other
11/03/2026,Potato,24,Dehradoon,Medium,Rishikesh APMC,625,400,550,Uttarakhand,Other
26/03/2026,Potato,24,Dehradoon,Medium,Rishikesh APMC,600,400,550,Uttarakhand,Other
01/03/2026,Onion,23,Dehradoon,Medium,Rishikesh APMC,1950,1750,1800,Uttarakhand,Other
02/03/2026,Onion,23,Dehradoon,Medium,Rishikesh APMC,1850,1700,1800,Uttarakhand,Other
06/03/2026,Onion,23,Dehradoon,Medium,Rishikesh APMC,1900,1700,1850,Uttarakhand,Other
12/03/2026,Potato,24,Dehradoon,Medium,Rishikesh APMC,600,450,500,Uttarakhand,Other
01/03/2026,Lime,180,Dehradoon,Medium,Rishikesh APMC,3500,2800,3200,Uttarakhand,Other
23/03/2026,Lime,180,Dehradoon,Medium,Rishikesh APMC,5200,3000,4500,Uttarakhand,Other
25/03/2026,Lime,180,Dehradoon,Medium,Rishikesh APMC,5200,3000,4500,Uttarakhand,Other
23/03/2026,Apple,17,Dehradoon,Medium,Rishikesh APMC,8600,5200,7500,Uttarakhand,Kasmir/Shimla - II
21/03/2026,Apple,17,Dehradoon,Medium,Rishikesh APMC,8600,5200,7500,Uttarakhand,Kasmir/Shimla - II
17/03/2026,Brinjal,35,Dehradoon,Medium,Rishikesh APMC,1500,1000,1250,Uttarakhand,Other
23/03/2026,Brinjal,35,Dehradoon,Medium,Rishikesh APMC,1700,1200,1475,Uttarakhand,Other
22/03/2026,Brinjal,35,Dehradoon,Medium,Rishikesh APMC,1800,1200,1400,Uttarakhand,Other
26/03/2026,Brinjal,35,Dehradoon,Medium,Rishikesh APMC,1800,1200,1550,Uttarakhand,Other
05/03/2026,Mousambi(Sweet Lime),77,Dehradoon,Medium,Rishikesh APMC,3000,2500,2800,Uttarakhand,Other
09/03/2026,Mousambi(Sweet Lime),77,Dehradoon,Medium,Rishikesh APMC,3000,2500,2800,Uttarakhand,Other
12/03/2026,Mousambi(Sweet Lime),77,Dehradoon,Medium,Rishikesh APMC,3000,2500,2850,Uttarakhand,Other
25/03/2026,Mousambi(Sweet Lime),77,Dehradoon,Medium,Rishikesh APMC,3000,2400,2800,Uttarakhand,Other
28/03/2026,Mousambi(Sweet Lime),77,Dehradoon,Medium,Rishikesh APMC,3000,2400,2800,Uttarakhand,Other
29/03/2026,Mousambi(Sweet Lime),77,Dehradoon,Medium,Rishikesh APMC,3000,2400,2850,Uttarakhand,Other
13/03/2026,Papaya,72,Dehradoon,Medium,Rishikesh APMC,2400,1800,2000,Uttarakhand,Other
23/03/2026,Papaya,72,Dehradoon,Medium,Rishikesh APMC,2500,1800,2000,Uttarakhand,Other
22/03/2026,Papaya,72,Dehradoon,Medium,Rishikesh APMC,2400,1800,2000,Uttarakhand,Other
29/03/2026,Papaya,72,Dehradoon,Medium,Rishikesh APMC,2400,1800,2050,Uttarakhand,Other
13/03/2026,Orange,18,Dehradoon,Medium,Rishikesh APMC,4500,2800,3500,Uttarakhand,Other
21/03/2026,Orange,18,Dehradoon,Medium,Rishikesh APMC,4600,2800,3800,Uttarakhand,Other
02/03/2026,Banana,19,Dehradoon,Medium,Rishikesh APMC,2000,1200,1500,Uttarakhand,Other
19/03/2026,Banana,19,Dehradoon,Medium,Rishikesh APMC,1800,1400,1600,Uttarakhand,Other
20/03/2026,Banana,19,Dehradoon,Medium,Rishikesh APMC,1850,1400,1650,Uttarakhand,Other
18/03/2026,Banana,19,Dehradoon,Medium,Rishikesh APMC,1800,1400,1500,Uttarakhand,Other
30/03/2026,Banana,19,Dehradoon,Medium,Rishikesh APMC,2400,1800,2000,Uttarakhand,Other
05/03/2026,Ginger(Green),103,Dehradoon,Medium,Rishikesh APMC,5500,4600,5000,Uttarakhand,Other
17/03/2026,Green Chilli,87,Dehradoon,Medium,Rishikesh APMC,6000,4800,5550,Uttarakhand,Other
13/03/2026,Green Chilli,87,Dehradoon,Medium,Rishikesh APMC,6100,4800,5600,Uttarakhand,Other
12/03/2026,Green Chilli,87,Dehradoon,Medium,Rishikesh APMC,6000,4800,5600,Uttarakhand,Other
11/03/2026,Ginger(Green),103,Dehradoon,Medium,Rishikesh APMC,6000,4500,5550,Uttarakhand,Other
08/03/2026,Ginger(Green),103,Dehradoon,Medium,Rishikesh APMC,5800,4500,5000,Uttarakhand,Other
09/03/2026,Ginger(Green),103,Dehradoon,Medium,Rishikesh APMC,6000,4500,5500,Uttarakhand,Other
13/03/2026,Ginger(Green),103,Dehradoon,Medium,Rishikesh APMC,6000,4500,5500,Uttarakhand,Other
16/03/2026,Green Chilli,87,Dehradoon,Medium,Rishikesh APMC,6000,4800,5500,Uttarakhand,Other
20/03/2026,Green Chilli,87,Dehradoon,Medium,Rishikesh APMC,6000,4800,5550,Uttarakhand,Other
28/03/2026,Green Chilli,87,Dehradoon,Medium,Rishikesh APMC,6000,4800,5050,Uttarakhand,Other
27/03/2026,Green Chilli,87,Dehradoon,Medium,Rishikesh APMC,6000,4800,5000,Uttarakhand,Other
29/03/2026,Green Chilli,87,Dehradoon,Medium,Rishikesh APMC,6200,4800,5000,Uttarakhand,Other
26/03/2026,Green Chilli,87,Dehradoon,Medium,Rishikesh APMC,6200,4800,5000,Uttarakhand,Other
21/03/2026,Tomato,78,Dehradoon,Medium,Rishikesh APMC,1500,1000,1200,Uttarakhand,Other
11/03/2026,Bottle gourd,82,Dehradoon,Medium,Rishikesh APMC,1800,1500,1650,Uttarakhand,Other
12/03/2026,Bottle gourd,82,Dehradoon,Medium,Rishikesh APMC,1800,1500,1600,Uttarakhand,Other
18/03/2026,Bottle gourd,82,Dehradoon,Medium,Rishikesh APMC,1600,1200,1500,Uttarakhand,Other
16/03/2026,Bottle gourd,82,Dehradoon,Medium,Rishikesh APMC,1600,1000,1400,Uttarakhand,Other
21/03/2026,Bottle gourd,82,Dehradoon,Medium,Rishikesh APMC,1600,1200,1400,Uttarakhand,Other
27/03/2026,Bottle gourd,82,Dehradoon,Medium,Rishikesh APMC,1500,1200,1400,Uttarakhand,Other
28/03/2026,Bottle gourd,82,Dehradoon,Medium,Rishikesh APMC,1500,1200,1450,Uttarakhand,Other
30/03/2026,Bottle gourd,82,Dehradoon,Medium,Rishikesh APMC,1500,1000,1450,Uttarakhand,Other
17/03/2026,Cucumbar(Kheera),159,Dehradoon,Medium,Rishikesh APMC,1600,1200,1400,Uttarakhand,Other
14/03/2026,Cucumbar(Kheera),159,Dehradoon,Medium,Rishikesh APMC,1500,1200,1400,Uttarakhand,Other
18/03/2026,Cucumbar(Kheera),159,Dehradoon,Medium,Rishikesh APMC,1550,1200,1450,Uttarakhand,Other
22/03/2026,Cucumbar(Kheera),159,Dehradoon,Medium,Rishikesh APMC,1500,1200,1450,Uttarakhand,Other
06/03/2026,Tomato,78,Dehradoon,Local,Rishikesh APMC,1600,1000,1200,Uttarakhand,Other
07/03/2026,Tomato,78,Dehradoon,Medium,Rishikesh APMC,1600,1200,1400,Uttarakhand,Other
09/03/2026,Tomato,78,Dehradoon,Medium,Rishikesh APMC,1800,1200,1600,Uttarakhand,Other
12/03/2026,Tomato,78,Dehradoon,Medium,Rishikesh APMC,1800,1200,1600,Uttarakhand,Other
16/03/2026,Tomato,78,Dehradoon,Medium,Rishikesh APMC,1300,1000,1150,Uttarakhand,Other
02/03/2026,Pumpkin,84,Dehradoon,Medium,Rishikesh APMC,1600,1200,1400,Uttarakhand,Other
08/03/2026,Pumpkin,84,Dehradoon,Medium,Rishikesh APMC,1500,1000,1250,Uttarakhand,Other
17/03/2026,Pumpkin,84,Dehradoon,Medium,Rishikesh APMC,1650,1200,1500,Uttarakhand,Other
20/03/2026,Pumpkin,84,Dehradoon,Medium,Rishikesh APMC,1600,1200,1500,Uttarakhand,Other
23/03/2026,Pumpkin,84,Dehradoon,Medium,Rishikesh APMC,1600,1200,1300,Uttarakhand,Other
25/03/2026,Pumpkin,84,Dehradoon,Medium,Rishikesh APMC,1600,1200,1400,Uttarakhand,Other
27/03/2026,Apple,17,Dehradoon,Medium,Rishikesh APMC,8700,5200,7600,Uttarakhand,Other
26/03/2026,Apple,17,Dehradoon,Medium,Rishikesh APMC,8700,5200,7650,Uttarakhand,Other
22/03/2026,Orange,18,Dehradoon,Medium,Rishikesh APMC,4650,2800,3800,Uttarakhand,Other
05/03/2026,Field Pea,64,Dehradoon,Medium,Rishikesh APMC,1600,1000,1200,Uttarakhand,Other
11/03/2026,Field Pea,64,Dehradoon,Medium,Rishikesh APMC,1800,1000,1200,Uttarakhand,Other
14/03/2026,Field Pea,64,Dehradoon,Medium,Rishikesh APMC,1800,1400,1500,Uttarakhand,Other
18/03/2026,Field Pea,64,Dehradoon,Medium,Rishikesh APMC,1500,1000,1200,Uttarakhand,Other
29/03/2026,Field Pea,64,Dehradoon,Medium,Rishikesh APMC,1800,1000,1550,Uttarakhand,Other
13/03/2026,Cauliflower,34,Dehradoon,Medium,Rishikesh APMC,600,300,500,Uttarakhand,Other
18/03/2026,Cauliflower,34,Dehradoon,Medium,Rishikesh APMC,500,350,450,Uttarakhand,Other
16/03/2026,Cauliflower,34,Dehradoon,Medium,Rishikesh APMC,550,300,450,Uttarakhand,Other
27/03/2026,Cauliflower,34,Dehradoon,Medium,Rishikesh APMC,800,400,600,Uttarakhand,Other
29/03/2026,Raddish,161,Dehradoon,Medium,Rishikesh APMC,600,400,550,Uttarakhand,Other
22/03/2026,Raddish,161,Dehradoon,Medium,Rishikesh APMC,500,300,400,Uttarakhand,Raddish
01/03/2026,Tomato,78,Dehradoon,Medium,Rishikesh APMC,1400,1200,1300,Uttarakhand,Other
22/03/2026,Cabbage,154,Dehradoon,Medium,Rishikesh APMC,400,250,350,Uttarakhand,Other
28/03/2026,Cabbage,154,Dehradoon,Medium,Rishikesh APMC,400,200,300,Uttarakhand,Other
29/03/2026,Cabbage,154,Dehradoon,Medium,Rishikesh APMC,400,300,350,Uttarakhand,Other
26/03/2026,Cabbage,154,Dehradoon,Medium,Rishikesh APMC,400,200,350,Uttarakhand,Other
30/03/2026,Cabbage,154,Dehradoon,Medium,Rishikesh APMC,450,300,400,Uttarakhand,Other
06/03/2026,Cabbage,154,Dehradoon,Medium,Rishikesh APMC,350,200,250,Uttarakhand,Other
03/03/2026,Cabbage,154,Dehradoon,Medium,Rishikesh APMC,325,250,300,Uttarakhand,Other
17/03/2026,Carrot,153,Dehradoon,Medium,Rishikesh APMC,1500,800,1250,Uttarakhand,Other
20/03/2026,Carrot,153,Dehradoon,Medium,Rishikesh APMC,1450,1000,1200,Uttarakhand,Other
21/03/2026,Carrot,153,Dehradoon,Medium,Rishikesh APMC,1400,1000,1250,Uttarakhand,Other
29/03/2026,Carrot,153,Dehradoon,Medium,Rishikesh APMC,1750,1200,1500,Uttarakhand,Other
09/03/2026,Carrot,153,Dehradoon,Medium,Rishikesh APMC,1350,800,1200,Uttarakhand,Other
12/05/2026,Water Melon,73,Dehradoon,Medium,Rishikesh APMC,800,500,650,Uttarakhand,Other
02/04/2026,Bottle gourd,82,Dehradoon,Medium,Rishikesh APMC,1500,1000,1250,Uttarakhand,Other
07/05/2026,Bottle gourd,82,Dehradoon,Medium,Rishikesh APMC,800,600,700,Uttarakhand,Other
08/04/2026,Cucumbar(Kheera),159,Dehradoon,Medium,Rishikesh APMC,1000,500,800,Uttarakhand,Other
12/04/2026,Cucumbar(Kheera),159,Dehradoon,Medium,Rishikesh APMC,700,500,650,Uttarakhand,Other
14/04/2026,Cucumbar(Kheera),159,Dehradoon,Medium,Rishikesh APMC,700,500,650,Uttarakhand,Other
17/04/2026,Cucumbar(Kheera),159,Dehradoon,Medium,Rishikesh APMC,1200,800,1000,Uttarakhand,Other
20/04/2026,Cucumbar(Kheera),159,Dehradoon,Local,Rishikesh APMC,1000,500,600,Uttarakhand,Other
19/04/2026,Cucumbar(Kheera),159,Dehradoon,Medium,Rishikesh APMC,1000,600,700,Uttarakhand,Other
21/04/2026,Cucumbar(Kheera),159,Dehradoon,Medium,Rishikesh APMC,1000,500,800,Uttarakhand,Other
24/04/2026,Cucumbar(Kheera),159,Dehradoon,Medium,Rishikesh APMC,600,400,500,Uttarakhand,Other
25/04/2026,Cucumbar(Kheera),159,Dehradoon,Medium,Rishikesh APMC,500,400,450,Uttarakhand,Other
27/04/2026,Cucumbar(Kheera),159,Dehradoon,Medium,Rishikesh APMC,600,400,500,Uttarakhand,Other
10/05/2026,Cucumbar(Kheera),159,Dehradoon,Medium,Rishikesh APMC,800,400,600,Uttarakhand,Other
12/05/2026,Cucumbar(Kheera),159,Dehradoon,Medium,Rishikesh APMC,800,500,650,Uttarakhand,Other
19/05/2026,Cucumbar(Kheera),159,Dehradoon,Medium,Rishikesh APMC,800,500,650,Uttarakhand,Other
03/04/2026,Lime,180,Dehradoon,Medium,Rishikesh APMC,5100,3000,4500,Uttarakhand,Other
04/04/2026,Raddish,161,Dehradoon,Medium,Rishikesh APMC,700,500,600,Uttarakhand,Other
20/04/2026,Raddish,161,Dehradoon,Medium,Rishikesh APMC,1500,1000,1200,Uttarakhand,Other
26/04/2026,Raddish,161,Dehradoon,Medium,Rishikesh APMC,1450,800,1000,Uttarakhand,Other
27/04/2026,Raddish,161,Dehradoon,Medium,Rishikesh APMC,1100,800,1000,Uttarakhand,Other
08/05/2026,Raddish,161,Dehradoon,Medium,Rishikesh APMC,1000,600,800,Uttarakhand,Other
12/05/2026,Mango,20,Dehradoon,Medium,Rishikesh APMC,6000,4500,5500,Uttarakhand,Safeda
13/05/2026,Mango,20,Dehradoon,Medium,Rishikesh APMC,6000,4200,5400,Uttarakhand,Safeda
11/05/2026,Karbuja(Musk Melon),187,Dehradoon,Medium,Rishikesh APMC,1600,1000,1200,Uttarakhand,Karbhuja
12/04/2026,Karbuja(Musk Melon),187,Dehradoon,Medium,Rishikesh APMC,2800,2400,2500,Uttarakhand,Other
21/04/2026,Karbuja(Musk Melon),187,Dehradoon,Medium,Rishikesh APMC,2800,2200,2650,Uttarakhand,Other
22/04/2026,Karbuja(Musk Melon),187,Dehradoon,Medium,Rishikesh APMC,2600,1800,2200,Uttarakhand,Other
26/04/2026,Karbuja(Musk Melon),187,Dehradoon,Medium,Rishikesh APMC,1800,1200,1450,Uttarakhand,Other
08/05/2026,Karbuja(Musk Melon),187,Dehradoon,Medium,Rishikesh APMC,1800,1200,1500,Uttarakhand,Other
18/04/2026,Lime,180,Dehradoon,Medium,Rishikesh APMC,8200,5000,7500,Uttarakhand,Lime
04/05/2026,Bhindi(Ladies Finger),85,Dehradoon,Medium,Rishikesh APMC,2100,1500,1800,Uttarakhand,Other
09/04/2026,Tomato,78,Dehradoon,Medium,Rishikesh APMC,1800,1200,1500,Uttarakhand,Other
09/05/2026,Bhindi(Ladies Finger),85,Dehradoon,Medium,Rishikesh APMC,2000,1500,1800,Uttarakhand,Other
18/04/2026,Tomato,78,Dehradoon,Medium,Rishikesh APMC,1800,1200,1500,Uttarakhand,Other
22/04/2026,Tomato,78,Dehradoon,Medium,Rishikesh APMC,2200,1400,2000,Uttarakhand,Other
16/04/2026,Bhindi(Ladies Finger),85,Dehradoon,Medium,Rishikesh APMC,2800,2200,2600,Uttarakhand,Other
18/04/2026,Bhindi(Ladies Finger),85,Dehradoon,Medium,Rishikesh APMC,3000,2200,2600,Uttarakhand,Other
24/04/2026,Bhindi(Ladies Finger),85,Dehradoon,Medium,Rishikesh APMC,2800,2000,2500,Uttarakhand,Other
03/04/2026,Papaya,72,Dehradoon,Medium,Rishikesh APMC,2400,1800,2000,Uttarakhand,Other
08/04/2026,Papaya,72,Dehradoon,Medium,Rishikesh APMC,2200,1850,2000,Uttarakhand,Other
10/04/2026,Papaya,72,Dehradoon,Medium,Rishikesh APMC,2200,1800,2000,Uttarakhand,Other
18/04/2026,Papaya,72,Dehradoon,Medium,Rishikesh APMC,2300,1800,2050,Uttarakhand,Other
19/04/2026,Papaya,72,Dehradoon,Medium,Rishikesh APMC,2200,1800,2000,Uttarakhand,Other
25/04/2026,Papaya,72,Dehradoon,Medium,Rishikesh APMC,2400,1800,2000,Uttarakhand,Other
26/04/2026,Papaya,72,Dehradoon,Medium,Rishikesh APMC,2300,1800,2000,Uttarakhand,Other
27/04/2026,Papaya,72,Dehradoon,Medium,Rishikesh APMC,2200,1800,2000,Uttarakhand,Other
28/04/2026,Papaya,72,Dehradoon,Medium,Rishikesh APMC,2150,1800,2000,Uttarakhand,Other
05/05/2026,Papaya,72,Dehradoon,Medium,Rishikesh APMC,2200,1800,2000,Uttarakhand,Other
07/05/2026,Papaya,72,Dehradoon,Medium,Rishikesh APMC,2200,1800,2000,Uttarakhand,Other
08/05/2026,Papaya,72,Dehradoon,Medium,Rishikesh APMC,2300,1800,2000,Uttarakhand,Other
16/05/2026,Papaya,72,Dehradoon,Medium,Rishikesh APMC,2200,1800,2000,Uttarakhand,Other
14/04/2026,Water Melon,73,Dehradoon,Medium,Rishikesh APMC,1200,850,1000,Uttarakhand,Other
13/04/2026,Water Melon,73,Dehradoon,Medium,Rishikesh APMC,1250,800,1000,Uttarakhand,Other
21/04/2026,Water Melon,73,Dehradoon,Medium,Rishikesh APMC,1500,800,1050,Uttarakhand,Other
23/04/2026,Water Melon,73,Dehradoon,Medium,Rishikesh APMC,1000,800,900,Uttarakhand,Other
26/04/2026,Water Melon,73,Dehradoon,Medium,Rishikesh APMC,1000,600,800,Uttarakhand,Other
01/05/2026,Water Melon,73,Dehradoon,Medium,Rishikesh APMC,1000,600,800,Uttarakhand,Other
10/05/2026,Water Melon,73,Dehradoon,Medium,Rishikesh APMC,700,500,650,Uttarakhand,Other
10/04/2026,Green Chilli,87,Dehradoon,Medium,Rishikesh APMC,5000,4000,4550,Uttarakhand,Other
17/04/2026,Green Chilli,87,Dehradoon,Medium,Rishikesh APMC,3200,2000,2500,Uttarakhand,Other
19/04/2026,Green Chilli,87,Dehradoon,Small,Rishikesh APMC,3000,2000,2550,Uttarakhand,Other
21/04/2026,Green Chilli,87,Dehradoon,Medium,Rishikesh APMC,2800,2000,2500,Uttarakhand,Other
24/04/2026,Green Chilli,87,Dehradoon,Medium,Rishikesh APMC,2500,2000,2200,Uttarakhand,Other
26/04/2026,Green Chilli,87,Dehradoon,Medium,Rishikesh APMC,2100,2000,2050,Uttarakhand,Other
27/04/2026,Green Chilli,87,Dehradoon,Medium,Rishikesh APMC,2050,1800,2000,Uttarakhand,Other
02/05/2026,Green Chilli,87,Dehradoon,Medium,Rishikesh APMC,2200,1800,2050,Uttarakhand,Other
04/05/2026,Green Chilli,87,Dehradoon,Medium,Rishikesh APMC,2200,1800,2050,Uttarakhand,Other
07/05/2026,Green Chilli,87,Dehradoon,Medium,Rishikesh APMC,2450,1800,2000,Uttarakhand,Other
09/04/2026,Mousambi(Sweet Lime),77,Dehradoon,Medium,Rishikesh APMC,3000,2000,2500,Uttarakhand,Other
19/04/2026,Mousambi(Sweet Lime),77,Dehradoon,Medium,Rishikesh APMC,2800,2200,2650,Uttarakhand,Other
22/04/2026,Mousambi(Sweet Lime),77,Dehradoon,Medium,Rishikesh APMC,3800,2200,3000,Uttarakhand,Other
23/04/2026,Mousambi(Sweet Lime),77,Dehradoon,Medium,Rishikesh APMC,4000,2500,3000,Uttarakhand,Other
24/04/2026,Mousambi(Sweet Lime),77,Dehradoon,Medium,Rishikesh APMC,4000,2500,3050,Uttarakhand,Other
09/05/2026,Green Chilli,87,Dehradoon,Medium,Rishikesh APMC,2500,1800,1950,Uttarakhand,Other
11/05/2026,Green Chilli,87,Dehradoon,Medium,Rishikesh APMC,2500,1800,2000,Uttarakhand,Other
07/05/2026,Mousambi(Sweet Lime),77,Dehradoon,Medium,Rishikesh APMC,3700,2800,3000,Uttarakhand,Other
17/05/2026,Mousambi(Sweet Lime),77,Dehradoon,Medium,Rishikesh APMC,6000,3500,5500,Uttarakhand,Other
05/05/2026,Bhindi(Ladies Finger),85,Dehradoon,Medium,Rishikesh APMC,2000,1500,1800,Uttarakhand,Other
07/05/2026,Bhindi(Ladies Finger),85,Dehradoon,Medium,Rishikesh APMC,2000,1500,1800,Uttarakhand,Other
03/04/2026,Ginger(Green),103,Dehradoon,Medium,Rishikesh APMC,6000,4500,5800,Uttarakhand,Other
10/04/2026,Ginger(Green),103,Dehradoon,Medium,Rishikesh APMC,6200,4500,5500,Uttarakhand,Other
12/04/2026,Ginger(Green),103,Dehradoon,Medium,Rishikesh APMC,6000,4500,5100,Uttarakhand,Other
14/04/2026,Ginger(Green),103,Dehradoon,Medium,Rishikesh APMC,6000,4500,5050,Uttarakhand,Other
04/04/2026,Green Chilli,87,Dehradoon,Medium,Rishikesh APMC,6300,4800,5100,Uttarakhand,Other
20/04/2026,Pumpkin,84,Dehradoon,Medium,Rishikesh APMC,1500,800,1000,Uttarakhand,Other
23/04/2026,Pumpkin,84,Dehradoon,Medium,Rishikesh APMC,800,600,700,Uttarakhand,Other
26/04/2026,Pumpkin,84,Dehradoon,Medium,Rishikesh APMC,800,600,700,Uttarakhand,Other
27/04/2026,Pumpkin,84,Dehradoon,Medium,Rishikesh APMC,600,400,500,Uttarakhand,Other
28/04/2026,Pumpkin,84,Dehradoon,Medium,Rishikesh APMC,600,400,550,Uttarakhand,Other
29/04/2026,Pumpkin,84,Dehradoon,Medium,Rishikesh APMC,600,400,500,Uttarakhand,Other
03/05/2026,Pumpkin,84,Dehradoon,Medium,Rishikesh APMC,600,400,500,Uttarakhand,Other
05/05/2026,Pumpkin,84,Dehradoon,Medium,Rishikesh APMC,700,400,550,Uttarakhand,Other
06/05/2026,Pumpkin,84,Dehradoon,Medium,Rishikesh APMC,600,400,500,Uttarakhand,Other
08/05/2026,Pumpkin,84,Dehradoon,Medium,Rishikesh APMC,600,400,500,Uttarakhand,Other
16/05/2026,Pumpkin,84,Dehradoon,Medium,Rishikesh APMC,500,300,400,Uttarakhand,Other
18/05/2026,Pumpkin,84,Dehradoon,Medium,Rishikesh APMC,500,300,350,Uttarakhand,Other
28/04/2026,Mousambi(Sweet Lime),77,Dehradoon,Medium,Rishikesh APMC,3800,2500,3000,Uttarakhand,Other
24/04/2026,Bitter gourd,81,Dehradoon,Medium,Rishikesh APMC,2500,1800,2300,Uttarakhand,Other
27/04/2026,Bitter gourd,81,Dehradoon,Medium,Rishikesh APMC,2000,1200,1800,Uttarakhand,Other
05/05/2026,Bitter gourd,81,Dehradoon,Medium,Rishikesh APMC,1600,1200,1400,Uttarakhand,Other
08/05/2026,Bitter gourd,81,Dehradoon,Medium,Rishikesh APMC,1600,1200,1500,Uttarakhand,Other
02/05/2026,Tomato,78,Dehradoon,Medium,Rishikesh APMC,1800,800,1000,Uttarakhand,Other
04/05/2026,Tomato,78,Dehradoon,Medium,Rishikesh APMC,2000,1000,1200,Uttarakhand,Other
06/05/2026,Tomato,78,Dehradoon,Medium,Rishikesh APMC,1800,1000,1200,Uttarakhand,Other
11/05/2026,Tomato,78,Dehradoon,Medium,Rishikesh APMC,1500,1000,1250,Uttarakhand,Other
09/04/2026,Orange,18,Dehradoon,Medium,Rishikesh APMC,4500,3000,4000,Uttarakhand,Other
11/04/2026,Orange,18,Dehradoon,Medium,Rishikesh APMC,6250,3500,4500,Uttarakhand,Other
14/04/2026,Orange,18,Dehradoon,Medium,Rishikesh APMC,5500,3000,4050,Uttarakhand,Other
16/04/2026,Orange,18,Dehradoon,Medium,Rishikesh APMC,6200,3200,4300,Uttarakhand,Other
13/05/2026,Karbuja(Musk Melon),187,Dehradoon,Medium,Rishikesh APMC,1000,800,900,Uttarakhand,Other
05/04/2026,Apple,17,Dehradoon,Medium,Rishikesh APMC,8500,4600,7600,Uttarakhand,Kasmir/Shimla - II
17/04/2026,Apple,17,Dehradoon,Medium,Rishikesh APMC,9500,5500,8050,Uttarakhand,Kasmir/Shimla - II
20/04/2026,Apple,17,Dehradoon,Medium,Rishikesh APMC,9500,5500,8000,Uttarakhand,Kasmir/Shimla - II
26/04/2026,Apple,17,Dehradoon,Medium,Rishikesh APMC,10500,6500,8500,Uttarakhand,Kasmir/Shimla - II
27/04/2026,Apple,17,Dehradoon,Medium,Rishikesh APMC,11000,7000,8500,Uttarakhand,Kasmir/Shimla - II
04/05/2026,Apple,17,Dehradoon,Medium,Rishikesh APMC,10000,8000,9100,Uttarakhand,Kasmir/Shimla - II
08/05/2026,Apple,17,Dehradoon,Medium,Rishikesh APMC,10000,6400,7700,Uttarakhand,Kasmir/Shimla - II
12/05/2026,Apple,17,Dehradoon,Medium,Rishikesh APMC,11500,6500,8600,Uttarakhand,Kasmir/Shimla - II
19/05/2026,Apple,17,Dehradoon,Medium,Rishikesh APMC,11000,5500,7800,Uttarakhand,Kasmir/Shimla - II
20/04/2026,Banana,19,Dehradoon,Medium,Rishikesh APMC,1800,1400,1500,Uttarakhand,Other
04/05/2026,Banana,19,Dehradoon,Medium,Rishikesh APMC,2000,1500,1650,Uttarakhand,Other
05/05/2026,Banana,19,Dehradoon,Medium,Rishikesh APMC,2000,1500,1600,Uttarakhand,Other
14/04/2026,Bottle gourd,82,Dehradoon,Medium,Rishikesh APMC,900,600,800,Uttarakhand,Other
22/04/2026,Bottle gourd,82,Dehradoon,Medium,Rishikesh APMC,1000,600,800,Uttarakhand,Other
24/04/2026,Bottle gourd,82,Dehradoon,Medium,Rishikesh APMC,850,500,600,Uttarakhand,Other
17/05/2026,Bottle gourd,82,Dehradoon,Medium,Rishikesh APMC,1200,800,1050,Uttarakhand,Other
18/04/2026,Cauliflower,34,Dehradoon,Medium,Rishikesh APMC,1500,800,1200,Uttarakhand,Other
07/04/2026,Cauliflower,34,Dehradoon,Medium,Rishikesh APMC,800,500,600,Uttarakhand,Other
08/04/2026,Cauliflower,34,Dehradoon,Medium,Rishikesh APMC,800,550,600,Uttarakhand,Other
04/04/2026,Brinjal,35,Dehradoon,Medium,Rishikesh APMC,1800,1200,1600,Uttarakhand,Other
13/05/2026,Onion,23,Dehradoon,Medium,Rishikesh APMC,1700,1200,1500,Uttarakhand,Other
14/05/2026,Onion,23,Dehradoon,Medium,Rishikesh APMC,1700,1200,1450,Uttarakhand,Other
17/05/2026,Onion,23,Dehradoon,Medium,Rishikesh APMC,1700,1200,1450,Uttarakhand,Other
11/04/2026,Brinjal,35,Dehradoon,Medium,Rishikesh APMC,1800,1200,1500,Uttarakhand,Brinjal
26/04/2026,Brinjal,35,Dehradoon,Medium,Rishikesh APMC,1800,1200,1500,Uttarakhand,Other
02/04/2026,Grapes,22,Dehradoon,Medium,Rishikesh APMC,5500,3000,4500,Uttarakhand,Other
13/04/2026,Grapes,22,Dehradoon,Medium,Rishikesh APMC,6000,3500,4500,Uttarakhand,Other
16/04/2026,Grapes,22,Dehradoon,Medium,Rishikesh APMC,5800,3400,4800,Uttarakhand,Other
21/04/2026,Grapes,22,Dehradoon,Medium,Rishikesh APMC,5800,3500,4850,Uttarakhand,Other
26/04/2026,Grapes,22,Dehradoon,Medium,Rishikesh APMC,5000,3500,4250,Uttarakhand,Other
28/04/2026,Grapes,22,Dehradoon,Medium,Rishikesh APMC,5000,3600,4250,Uttarakhand,Other
01/05/2026,Grapes,22,Dehradoon,Medium,Rishikesh APMC,5700,3500,4500,Uttarakhand,Other
07/05/2026,Grapes,22,Dehradoon,Medium,Rishikesh APMC,5000,3500,4600,Uttarakhand,Other
14/05/2026,Grapes,22,Dehradoon,Medium,Rishikesh APMC,6000,3500,4700,Uttarakhand,Other
19/05/2026,Grapes,22,Dehradoon,Medium,Rishikesh APMC,6800,3800,5600,Uttarakhand,Other
12/04/2026,Potato,24,Dehradoon,Medium,Rishikesh APMC,620,400,550,Uttarakhand,Other
20/04/2026,Potato,24,Dehradoon,Medium,Rishikesh APMC,600,400,550,Uttarakhand,Other
19/04/2026,Potato,24,Dehradoon,Medium,Rishikesh APMC,600,400,550,Uttarakhand,Other
25/04/2026,Potato,24,Dehradoon,Medium,Rishikesh APMC,620,410,515,Uttarakhand,Other
24/04/2026,Onion,23,Dehradoon,Medium,Rishikesh APMC,1700,1200,1600,Uttarakhand,Other
01/05/2026,Onion,23,Dehradoon,Medium,Rishikesh APMC,1600,1200,1400,Uttarakhand,Other
05/05/2026,Onion,23,Dehradoon,Medium,Rishikesh APMC,1600,1100,1400,Uttarakhand,Other
16/05/2026,Potato,24,Dehradoon,Medium,Rishikesh APMC,680,450,560,Uttarakhand,Other
10/04/2026,Brinjal,35,Dehradoon,Medium,Rishikesh APMC,1800,1200,1450,Uttarakhand,Other
18/04/2026,Brinjal,35,Dehradoon,Medium,Rishikesh APMC,2000,1200,1500,Uttarakhand,Other
13/05/2026,Cauliflower,34,Dehradoon,Medium,Rishikesh APMC,1800,1200,1500,Uttarakhand,Other
19/05/2026,Cauliflower,34,Dehradoon,Medium,Rishikesh APMC,1800,1200,1500,Uttarakhand,Other
01/04/2026,Carrot,153,Dehradoon,Medium,Rishikesh APMC,1800,1200,1500,Uttarakhand,Other
03/04/2026,Carrot,153,Dehradoon,Medium,Rishikesh APMC,1850,1200,1500,Uttarakhand,Other
08/04/2026,Carrot,153,Dehradoon,Medium,Rishikesh APMC,1700,1400,1500,Uttarakhand,Other
02/04/2026,Pomegranate,190,Dehradoon,Medium,Rishikesh APMC,9500,5000,6850,Uttarakhand,Other
09/04/2026,Pomegranate,190,Dehradoon,Medium,Rishikesh APMC,7200,5000,6550,Uttarakhand,Other
05/04/2026,Pomegranate,190,Dehradoon,Medium,Rishikesh APMC,9300,5000,6700,Uttarakhand,Other
11/04/2026,Pomegranate,190,Dehradoon,Medium,Rishikesh APMC,7900,5000,7400,Uttarakhand,Other
14/04/2026,Pomegranate,190,Dehradoon,Medium,Rishikesh APMC,7100,5000,6550,Uttarakhand,Other
13/04/2026,Pomegranate,190,Dehradoon,Medium,Rishikesh APMC,7000,5000,6500,Uttarakhand,Other
17/04/2026,Pomegranate,190,Dehradoon,Medium,Rishikesh APMC,7000,5200,6500,Uttarakhand,Other
20/04/2026,Pomegranate,190,Dehradoon,Medium,Rishikesh APMC,7000,5200,6550,Uttarakhand,Other
24/04/2026,Pomegranate,190,Dehradoon,Medium,Rishikesh APMC,10000,5500,8500,Uttarakhand,Other
26/04/2026,Pomegranate,190,Dehradoon,Medium,Rishikesh APMC,11000,5800,9250,Uttarakhand,Other
27/04/2026,Pomegranate,190,Dehradoon,Medium,Rishikesh APMC,11500,6000,9500,Uttarakhand,Other
01/05/2026,Pomegranate,190,Dehradoon,Medium,Rishikesh APMC,10500,6500,9500,Uttarakhand,Other
07/05/2026,Pomegranate,190,Dehradoon,Medium,Rishikesh APMC,11000,6500,10000,Uttarakhand,Other
08/05/2026,Pomegranate,190,Dehradoon,Medium,Rishikesh APMC,11200,6500,10500,Uttarakhand,Other
16/05/2026,Pomegranate,190,Dehradoon,Medium,Rishikesh APMC,10500,7000,9000,Uttarakhand,Other
06/05/2026,Brinjal,35,Dehradoon,Medium,Rishikesh APMC,1500,1000,1200,Uttarakhand,Other
12/05/2026,Brinjal,35,Dehradoon,Medium,Rishikesh APMC,1500,1000,1200,Uttarakhand,Other
01/04/2026,Onion,23,Dehradoon,Medium,Rishikesh APMC,1800,1500,1600,Uttarakhand,Other
05/04/2026,Onion,23,Dehradoon,Medium,Rishikesh APMC,1800,1600,1700,Uttarakhand,Other
06/04/2026,Onion,23,Dehradoon,Medium,Rishikesh APMC,1800,1500,1650,Uttarakhand,Other
27/04/2026,Potato,24,Dehradoon,Medium,Rishikesh APMC,620,415,510,Uttarakhand,Other
29/04/2026,Potato,24,Dehradoon,Medium,Rishikesh APMC,630,450,575,Uttarakhand,Other
02/05/2026,Potato,24,Dehradoon,Medium,Rishikesh APMC,630,470,600,Uttarakhand,Other
05/05/2026,Potato,24,Dehradoon,Medium,Rishikesh APMC,640,450,575,Uttarakhand,Other
06/05/2026,Potato,24,Dehradoon,Medium,Rishikesh APMC,635,450,550,Uttarakhand,Other
07/05/2026,Potato,24,Dehradoon,Medium,Rishikesh APMC,645,450,560,Uttarakhand,Other
06/04/2026,French Beans(Frasbean),298,Dehradoon,Medium,Rishikesh APMC,2000,1500,1800,Uttarakhand,Other
13/04/2026,French Beans(Frasbean),298,Dehradoon,Medium,Rishikesh APMC,2450,1500,1800,Uttarakhand,Other
21/04/2026,French Beans(Frasbean),298,Dehradoon,Medium,Rishikesh APMC,2600,1800,2000,Uttarakhand,Other
25/04/2026,French Beans(Frasbean),298,Dehradoon,Medium,Rishikesh APMC,2800,2000,2600,Uttarakhand,Other
10/05/2026,French Beans(Frasbean),298,Dehradoon,Medium,Rishikesh APMC,2000,1500,1800,Uttarakhand,Other
12/05/2026,French Beans(Frasbean),298,Dehradoon,Medium,Rishikesh APMC,2500,1500,2000,Uttarakhand,Other
06/04/2026,Cabbage,154,Dehradoon,Medium,Rishikesh APMC,500,300,400,Uttarakhand,Other
08/04/2026,Cabbage,154,Dehradoon,Medium,Rishikesh APMC,400,250,300,Uttarakhand,Other
09/04/2026,Cabbage,154,Dehradoon,Medium,Rishikesh APMC,400,200,350,Uttarakhand,Other
11/04/2026,Cabbage,154,Dehradoon,Medium,Rishikesh APMC,350,250,300,Uttarakhand,Other
12/04/2026,Cabbage,154,Dehradoon,Medium,Rishikesh APMC,400,200,300,Uttarakhand,Other
17/04/2026,Cabbage,154,Dehradoon,Medium,Rishikesh APMC,300,200,250,Uttarakhand,Other
18/04/2026,Cabbage,154,Dehradoon,Medium,Rishikesh APMC,400,300,350,Uttarakhand,Other
21/04/2026,Cabbage,154,Dehradoon,Medium,Rishikesh APMC,300,200,250,Uttarakhand,Other
26/04/2026,Cabbage,154,Dehradoon,Medium,Rishikesh APMC,350,250,300,Uttarakhand,Other
28/04/2026,Cabbage,154,Dehradoon,Medium,Rishikesh APMC,400,250,350,Uttarakhand,Other
04/05/2026,Cabbage,154,Dehradoon,Medium,Rishikesh APMC,450,300,350,Uttarakhand,Other
03/05/2026,Cabbage,154,Dehradoon,Medium,Rishikesh APMC,500,300,450,Uttarakhand,Other
05/05/2026,Cabbage,154,Dehradoon,Medium,Rishikesh APMC,500,300,400,Uttarakhand,Other
06/05/2026,Cabbage,154,Dehradoon,Medium,Rishikesh APMC,600,400,500,Uttarakhand,Other
13/05/2026,Cabbage,154,Dehradoon,Medium,Rishikesh APMC,600,400,500,Uttarakhand,Other
16/05/2026,Cabbage,154,Dehradoon,Medium,Rishikesh APMC,600,400,500,Uttarakhand,Other
18/05/2026,Cabbage,154,Dehradoon,Medium,Rishikesh APMC,600,400,550,Uttarakhand,Other
03/11/2025,Guava,185,Dehradoon,Small,Rishikesh APMC,3400,2000,2460,Uttarakhand,Other
04/11/2025,Guava,185,Dehradoon,Small,Rishikesh APMC,3400,2050,2400,Uttarakhand,Other
16/11/2025,Guava,185,Dehradoon,Medium,Rishikesh APMC,2800,2050,2500,Uttarakhand,Other
19/11/2025,Guava,185,Dehradoon,Local,Rishikesh APMC,3000,2200,2650,Uttarakhand,Other
27/11/2025,Guava,185,Dehradoon,Small,Rishikesh APMC,3500,2200,2700,Uttarakhand,Other
08/11/2025,Guava,185,Dehradoon,Small,Rishikesh APMC,2850,2000,2400,Uttarakhand,Other
16/11/2025,Carrot,153,Dehradoon,Small,Rishikesh APMC,2500,1800,2000,Uttarakhand,Other
19/11/2025,Carrot,153,Dehradoon,Small,Rishikesh APMC,2400,1800,2100,Uttarakhand,Other
25/11/2025,Carrot,153,Dehradoon,Medium,Rishikesh APMC,2400,1800,2200,Uttarakhand,Other
23/11/2025,Carrot,153,Dehradoon,Small,Rishikesh APMC,2200,1800,2100,Uttarakhand,Other
12/11/2025,Lime,180,Dehradoon,Small,Rishikesh APMC,4500,2800,3500,Uttarakhand,Other
10/11/2025,Lime,180,Dehradoon,Small,Rishikesh APMC,4000,2800,3550,Uttarakhand,Other
25/11/2025,Lime,180,Dehradoon,Local,Rishikesh APMC,4200,3500,3800,Uttarakhand,Other
22/11/2025,Lime,180,Dehradoon,Small,Rishikesh APMC,4000,3500,3850,Uttarakhand,Other
21/11/2025,Lime,180,Dehradoon,Small,Rishikesh APMC,5500,3500,4800,Uttarakhand,Lime
18/11/2025,Pomegranate,190,Dehradoon,Small,Rishikesh APMC,12000,6500,8500,Uttarakhand,Other
19/11/2025,Pomegranate,190,Dehradoon,Small,Rishikesh APMC,12200,6500,8600,Uttarakhand,Other
29/11/2025,Pomegranate,190,Dehradoon,Small,Rishikesh APMC,8025,5400,7200,Uttarakhand,Other
07/11/2025,Pomegranate,190,Dehradoon,Small,Rishikesh APMC,9000,6500,8800,Uttarakhand,Other
08/11/2025,Pomegranate,190,Dehradoon,Small,Rishikesh APMC,9000,6500,8500,Uttarakhand,Other
19/11/2025,Raddish,161,Dehradoon,Local,Rishikesh APMC,900,700,800,Uttarakhand,Raddish
23/11/2025,Raddish,161,Dehradoon,Small,Rishikesh APMC,900,700,800,Uttarakhand,Raddish
18/11/2025,Cucumbar(Kheera),159,Dehradoon,Medium,Rishikesh APMC,2000,1200,1500,Uttarakhand,Other
16/11/2025,Cucumbar(Kheera),159,Dehradoon,FAQ,Rishikesh APMC,2000,1200,1500,Uttarakhand,Other
19/11/2025,Cucumbar(Kheera),159,Dehradoon,Small,Rishikesh APMC,2075,1200,1550,Uttarakhand,Other
24/11/2025,Cucumbar(Kheera),159,Dehradoon,Medium,Rishikesh APMC,2000,1250,1500,Uttarakhand,Other
27/11/2025,Cucumbar(Kheera),159,Dehradoon,Medium,Rishikesh APMC,2000,1500,1675,Uttarakhand,Other
06/11/2025,Cucumbar(Kheera),159,Dehradoon,FAQ,Rishikesh APMC,2000,1500,1850,Uttarakhand,Other
04/11/2025,Raddish,161,Dehradoon,FAQ,Rishikesh APMC,1100,850,1000,Uttarakhand,Other
07/11/2025,Ginger(Green),103,Dehradoon,Medium,Rishikesh APMC,6200,4000,5500,Uttarakhand,Other
04/11/2025,Green Chilli,87,Dehradoon,FAQ,Rishikesh APMC,3800,3000,3600,Uttarakhand,Green Chilly
05/11/2025,Bottle gourd,82,Dehradoon,FAQ,Rishikesh APMC,2050,1600,1800,Uttarakhand,Bottle Gourd
24/11/2025,Bottle gourd,82,Dehradoon,Medium,Rishikesh APMC,2800,1800,2500,Uttarakhand,Other
12/11/2025,Bottle gourd,82,Dehradoon,Small,Rishikesh APMC,2050,1500,1600,Uttarakhand,Other
17/11/2025,Bottle gourd,82,Dehradoon,Medium,Rishikesh APMC,2500,1800,2000,Uttarakhand,Other
29/11/2025,Tomato,78,Dehradoon,Small,Rishikesh APMC,3500,2400,3000,Uttarakhand,Other
08/11/2025,Bottle gourd,82,Dehradoon,FAQ,Rishikesh APMC,1875,1500,1650,Uttarakhand,Other
03/11/2025,Banana,19,Dehradoon,Small,Rishikesh APMC,1500,1150,1300,Uttarakhand,Other
06/11/2025,Banana,19,Dehradoon,Small,Rishikesh APMC,1500,1100,1300,Uttarakhand,Other
09/11/2025,Banana,19,Dehradoon,Small,Rishikesh APMC,1500,1150,1200,Uttarakhand,Other
12/11/2025,Banana,19,Dehradoon,Small,Rishikesh APMC,1350,1000,1200,Uttarakhand,Other
16/11/2025,Banana,19,Dehradoon,Small,Rishikesh APMC,1300,1000,1250,Uttarakhand,Other
25/11/2025,Banana,19,Dehradoon,Medium,Rishikesh APMC,1400,1050,1250,Uttarakhand,Other
28/11/2025,Banana,19,Dehradoon,Medium,Rishikesh APMC,1400,1000,1225,Uttarakhand,Other
28/11/2025,Brinjal,35,Dehradoon,Medium,Rishikesh APMC,1800,1300,1700,Uttarakhand,Other
19/11/2025,Cauliflower,34,Dehradoon,Small,Rishikesh APMC,2100,1200,1500,Uttarakhand,Other
27/11/2025,Cauliflower,34,Dehradoon,Medium,Rishikesh APMC,2000,1200,1625,Uttarakhand,Other
17/11/2025,Cauliflower,34,Dehradoon,Medium,Rishikesh APMC,2000,1200,1600,Uttarakhand,Other
26/11/2025,Orange,18,Dehradoon,Medium,Rishikesh APMC,3600,3000,3400,Uttarakhand,Other
25/11/2025,Orange,18,Dehradoon,Medium,Rishikesh APMC,3500,3000,3400,Uttarakhand,Other
26/11/2025,Cauliflower,34,Dehradoon,Small,Rishikesh APMC,2000,1200,1800,Uttarakhand,Other
09/11/2025,Green Chilli,87,Dehradoon,Medium,Rishikesh APMC,2800,2000,2450,Uttarakhand,Other
14/11/2025,Green Chilli,87,Dehradoon,Medium,Rishikesh APMC,3000,2000,2400,Uttarakhand,Other
21/11/2025,Green Chilli,87,Dehradoon,Small,Rishikesh APMC,3400,2400,3000,Uttarakhand,Other
20/11/2025,Green Chilli,87,Dehradoon,Medium,Rishikesh APMC,3000,2000,2750,Uttarakhand,Other
13/11/2025,Pumpkin,84,Dehradoon,Local,Rishikesh APMC,1000,800,900,Uttarakhand,Other
01/11/2025,Pumpkin,84,Dehradoon,FAQ,Rishikesh APMC,1200,750,1000,Uttarakhand,Other
25/11/2025,Green Chilli,87,Dehradoon,Local,Rishikesh APMC,4000,2850,3400,Uttarakhand,Other
27/11/2025,Green Chilli,87,Dehradoon,Medium,Rishikesh APMC,4000,2850,3400,Uttarakhand,Other
29/11/2025,Green Chilli,87,Dehradoon,Small,Rishikesh APMC,4000,2800,3400,Uttarakhand,Other
16/11/2025,Pumpkin,84,Dehradoon,FAQ,Rishikesh APMC,900,700,800,Uttarakhand,Other
20/11/2025,Pumpkin,84,Dehradoon,Local,Rishikesh APMC,1000,800,950,Uttarakhand,Other
23/11/2025,Pumpkin,84,Dehradoon,Small,Rishikesh APMC,1000,850,900,Uttarakhand,Other
26/11/2025,Pumpkin,84,Dehradoon,Small,Rishikesh APMC,1050,850,900,Uttarakhand,Other
28/11/2025,Pumpkin,84,Dehradoon,Small,Rishikesh APMC,1000,800,950,Uttarakhand,Other
09/11/2025,Bhindi(Ladies Finger),85,Dehradoon,Medium,Rishikesh APMC,3850,2800,3500,Uttarakhand,Other
14/11/2025,Bhindi(Ladies Finger),85,Dehradoon,Medium,Rishikesh APMC,4000,2800,3500,Uttarakhand,Other
24/11/2025,Bhindi(Ladies Finger),85,Dehradoon,Medium,Rishikesh APMC,3800,2400,3600,Uttarakhand,Other
14/12/2025,Raddish,161,Dehradoon,Local,Rishikesh APMC,500,350,450,Uttarakhand,Raddish
20/12/2025,Brinjal,35,Dehradoon,Medium,Rishikesh APMC,1600,1200,1550,Uttarakhand,Other
21/12/2025,Brinjal,35,Dehradoon,Grade C,Rishikesh APMC,1550,1200,1400,Uttarakhand,Other
24/12/2025,Brinjal,35,Dehradoon,Medium,Rishikesh APMC,1750,1250,1500,Uttarakhand,Other
30/12/2025,Brinjal,35,Dehradoon,Medium,Rishikesh APMC,1650,1200,1500,Uttarakhand,Other
02/12/2025,Cauliflower,34,Dehradoon,Medium,Rishikesh APMC,2100,1600,2025,Uttarakhand,Other
09/12/2025,Cauliflower,34,Dehradoon,Local,Rishikesh APMC,2500,1500,1800,Uttarakhand,Other
28/12/2025,Carrot,153,Dehradoon,Medium,Rishikesh APMC,1000,700,800,Uttarakhand,Other
07/12/2025,Raddish,161,Dehradoon,Medium,Rishikesh APMC,600,500,550,Uttarakhand,Raddish
10/12/2025,Raddish,161,Dehradoon,Small,Rishikesh APMC,600,450,500,Uttarakhand,Raddish
02/12/2025,Raddish,161,Dehradoon,Small,Rishikesh APMC,700,550,600,Uttarakhand,Raddish
16/12/2025,Raddish,161,Dehradoon,Medium,Rishikesh APMC,600,500,550,Uttarakhand,Other
21/12/2025,Raddish,161,Dehradoon,Medium,Rishikesh APMC,400,300,350,Uttarakhand,Other
08/12/2025,Raddish,161,Dehradoon,Medium,Rishikesh APMC,600,450,500,Uttarakhand,Other
05/12/2025,Lime,180,Dehradoon,Medium,Rishikesh APMC,4000,3600,3750,Uttarakhand,Other
07/12/2025,Lime,180,Dehradoon,Small,Rishikesh APMC,4600,3500,3875,Uttarakhand,Other
23/12/2025,Lime,180,Dehradoon,Grade C,Rishikesh APMC,3500,3000,3200,Uttarakhand,Lime
17/12/2025,Lime,180,Dehradoon,Medium,Rishikesh APMC,4200,3000,3600,Uttarakhand,Lime
18/12/2025,Lime,180,Dehradoon,Medium,Rishikesh APMC,4000,3000,3450,Uttarakhand,Lime
12/12/2025,Green Chilli,87,Dehradoon,Medium,Rishikesh APMC,4250,3500,4000,Uttarakhand,Green Chilly
05/12/2025,Ginger(Green),103,Dehradoon,Small,Rishikesh APMC,4250,3500,4000,Uttarakhand,Other
19/12/2025,Ginger(Green),103,Dehradoon,Local,Rishikesh APMC,4500,4000,4250,Uttarakhand,Other
09/12/2025,Ginger(Green),103,Dehradoon,Medium,Rishikesh APMC,5000,3500,4000,Uttarakhand,Other
18/12/2025,Ginger(Green),103,Dehradoon,Medium,Rishikesh APMC,4500,4000,4200,Uttarakhand,Other
20/12/2025,Ginger(Green),103,Dehradoon,Medium,Rishikesh APMC,4500,4000,4200,Uttarakhand,Other
27/12/2025,Cauliflower,34,Dehradoon,Medium,Rishikesh APMC,700,550,600,Uttarakhand,Other
12/01/2026,Lime,180,Dehradoon,Medium,Rishikesh APMC,3500,2500,3000,Uttarakhand,Lime
02/11/2025,Onion,23,Dehradoon,FAQ,Rishikesh APMC,1700,1400,1600,Uttarakhand,Other
06/11/2025,Onion,23,Dehradoon,FAQ,Rishikesh APMC,1900,1500,1600,Uttarakhand,Other
19/11/2025,Onion,23,Dehradoon,FAQ,Rishikesh APMC,1600,1350,1400,Uttarakhand,Other
21/11/2025,Onion,23,Dehradoon,FAQ,Rishikesh APMC,1600,1325,1500,Uttarakhand,Other
20/11/2025,Onion,23,Dehradoon,FAQ,Rishikesh APMC,1600,1300,1525,Uttarakhand,Other
22/11/2025,Onion,23,Dehradoon,Small,Rishikesh APMC,1600,1300,1550,Uttarakhand,Other
05/11/2025,Onion,23,Dehradoon,FAQ,Rishikesh APMC,1900,1500,1600,Uttarakhand,Other
02/11/2025,Cabbage,154,Dehradoon,FAQ,Rishikesh APMC,2200,1600,1800,Uttarakhand,Other
13/11/2025,Papaya,72,Dehradoon,Medium,Rishikesh APMC,2200,1650,1800,Uttarakhand,Other
02/11/2025,Papaya,72,Dehradoon,Small,Rishikesh APMC,2100,1800,2000,Uttarakhand,Other
26/11/2025,Papaya,72,Dehradoon,Medium,Rishikesh APMC,2500,2000,2100,Uttarakhand,Other
12/11/2025,Chikoos(Sapota),71,Dehradoon,Small,Rishikesh APMC,4000,3000,3500,Uttarakhand,Other
17/11/2025,Chikoos(Sapota),71,Dehradoon,Small,Rishikesh APMC,4000,3000,3550,Uttarakhand,Other
20/11/2025,Chikoos(Sapota),71,Dehradoon,Small,Rishikesh APMC,4000,3000,3500,Uttarakhand,Other
23/11/2025,Chikoos(Sapota),71,Dehradoon,Medium,Rishikesh APMC,4000,3000,3600,Uttarakhand,Other
01/11/2025,Brinjal,35,Dehradoon,FAQ,Rishikesh APMC,2000,1600,2000,Uttarakhand,Brinjal
29/11/2025,Bhindi(Ladies Finger),85,Dehradoon,Medium,Rishikesh APMC,4100,3000,4050,Uttarakhand,Other
06/11/2025,Green Chilli,87,Dehradoon,FAQ,Rishikesh APMC,3800,3000,3600,Uttarakhand,Green Chilly
28/11/2025,Cabbage,154,Dehradoon,Medium,Rishikesh APMC,1525,1050,1200,Uttarakhand,Other
16/11/2025,Papaya,72,Dehradoon,Small,Rishikesh APMC,2400,1600,1850,Uttarakhand,Other
21/11/2025,Papaya,72,Dehradoon,Small,Rishikesh APMC,2200,2000,2100,Uttarakhand,Other
22/11/2025,Ginger(Green),103,Dehradoon,Medium,Rishikesh APMC,4200,3200,3850,Uttarakhand,Other
20/11/2025,Ginger(Green),103,Dehradoon,Medium,Rishikesh APMC,4200,3200,3800,Uttarakhand,Other
24/11/2025,Ginger(Green),103,Dehradoon,Medium,Rishikesh APMC,4300,3250,3900,Uttarakhand,Other
06/11/2025,Mousambi(Sweet Lime),77,Dehradoon,Small,Rishikesh APMC,2700,2400,2650,Uttarakhand,Other
29/11/2025,Mousambi(Sweet Lime),77,Dehradoon,Small,Rishikesh APMC,2900,2000,2700,Uttarakhand,Other
14/11/2025,Tomato,78,Dehradoon,Small,Rishikesh APMC,3200,2000,2850,Uttarakhand,Other
13/11/2025,Apple,17,Dehradoon,Medium,Rishikesh APMC,5500,2550,4200,Uttarakhand,Other
20/11/2025,Apple,17,Dehradoon,Medium,Rishikesh APMC,5800,2600,4650,Uttarakhand,Other
29/11/2025,Apple,17,Dehradoon,Small,Rishikesh APMC,6500,2800,4750,Uttarakhand,Other
01/11/2025,Tomato,78,Dehradoon,FAQ,Rishikesh APMC,1650,1200,1400,Uttarakhand,Other
27/11/2025,Apple,17,Dehradoon,Medium,Rishikesh APMC,7000,2800,4850,Uttarakhand,Other
24/11/2025,Tomato,78,Dehradoon,Medium,Rishikesh APMC,4400,2875,3800,Uttarakhand,Other
03/11/2025,Apple,17,Dehradoon,Small,Rishikesh APMC,6000,2500,4050,Uttarakhand,Other
21/11/2025,Colacasia,318,Dehradoon,Local,Rishikesh APMC,2400,1600,2050,Uttarakhand,Other
13/11/2025,Colacasia,318,Dehradoon,Small,Rishikesh APMC,2000,1200,1550,Uttarakhand,Other
29/11/2025,Ginger(Green),103,Dehradoon,Small,Rishikesh APMC,4000,2650,3800,Uttarakhand,Other
14/11/2025,Cabbage,154,Dehradoon,Medium,Rishikesh APMC,1525,1000,1200,Uttarakhand,Other
26/11/2025,Brinjal,35,Dehradoon,Small,Rishikesh APMC,2000,1325,1700,Uttarakhand,Other
25/11/2025,Brinjal,35,Dehradoon,Medium,Rishikesh APMC,2200,1300,1700,Uttarakhand,Other
11/11/2025,Orange,18,Dehradoon,Small,Rishikesh APMC,4050,3050,3500,Uttarakhand,Other
16/11/2025,Orange,18,Dehradoon,Small,Rishikesh APMC,4000,3200,3800,Uttarakhand,Other
09/11/2025,Brinjal,35,Dehradoon,Small,Rishikesh APMC,2225,1550,2000,Uttarakhand,Other
21/11/2025,Orange,18,Dehradoon,Small,Rishikesh APMC,4000,3200,3525,Uttarakhand,Other
10/11/2025,Cauliflower,34,Dehradoon,FAQ,Rishikesh APMC,1550,1200,1400,Uttarakhand,Other
08/11/2025,Cauliflower,34,Dehradoon,Medium,Rishikesh APMC,2000,1600,1750,Uttarakhand,Other
07/11/2025,Brinjal,35,Dehradoon,Small,Rishikesh APMC,2400,1500,1850,Uttarakhand,Other
08/11/2025,Brinjal,35,Dehradoon,FAQ,Rishikesh APMC,2350,1580,2000,Uttarakhand,Other
12/11/2025,Brinjal,35,Dehradoon,Medium,Rishikesh APMC,2000,1500,1800,Uttarakhand,Other
12/11/2025,Potato,24,Dehradoon,FAQ,Rishikesh APMC,1750,1400,1600,Uttarakhand,Other
08/11/2025,Potato,24,Dehradoon,Small,Rishikesh APMC,1800,1400,1650,Uttarakhand,Other
26/11/2025,Potato,24,Dehradoon,Small,Rishikesh APMC,1500,1200,1400,Uttarakhand,Other
25/11/2025,Potato,24,Dehradoon,Medium,Rishikesh APMC,1500,1200,1400,Uttarakhand,Other
27/11/2025,Potato,24,Dehradoon,Small,Rishikesh APMC,1500,1225,1450,Uttarakhand,Other
16/11/2025,Potato,24,Dehradoon,FAQ,Rishikesh APMC,1750,1400,1600,Uttarakhand,Other
20/11/2025,Potato,24,Dehradoon,FAQ,Rishikesh APMC,1600,1200,1575,Uttarakhand,Other
07/11/2025,Onion,23,Dehradoon,FAQ,Rishikesh APMC,1900,1500,1650,Uttarakhand,Other
10/11/2025,Onion,23,Dehradoon,FAQ,Rishikesh APMC,2100,1550,1600,Uttarakhand,Other
13/11/2025,Onion,23,Dehradoon,FAQ,Rishikesh APMC,1900,1500,1600,Uttarakhand,Other
22/12/2025,Lime,180,Dehradoon,Grade C,Rishikesh APMC,3600,3000,3200,Uttarakhand,Lime
19/12/2025,Mousambi(Sweet Lime),77,Dehradoon,Medium,Rishikesh APMC,2800,2400,2600,Uttarakhand,Other
30/12/2025,Mousambi(Sweet Lime),77,Dehradoon,Medium,Rishikesh APMC,3000,2500,2800,Uttarakhand,Other
01/12/2025,Papaya,72,Dehradoon,Medium,Rishikesh APMC,2200,2000,2150,Uttarakhand,Other
02/12/2025,Papaya,72,Dehradoon,Medium,Rishikesh APMC,2200,2000,2100,Uttarakhand,Other
10/12/2025,Papaya,72,Dehradoon,Small,Rishikesh APMC,2100,1800,2050,Uttarakhand,Other
11/12/2025,Papaya,72,Dehradoon,Medium,Rishikesh APMC,2125,1850,2000,Uttarakhand,Other
28/12/2025,Papaya,72,Dehradoon,Medium,Rishikesh APMC,2200,1800,2000,Uttarakhand,Other
07/12/2025,Bottle gourd,82,Dehradoon,Medium,Rishikesh APMC,1600,1200,1400,Uttarakhand,Other
29/12/2025,Banana,19,Dehradoon,Medium,Rishikesh APMC,1300,1000,1200,Uttarakhand,Other
28/12/2025,Banana,19,Dehradoon,Medium,Rishikesh APMC,1300,1050,1200,Uttarakhand,Other
17/12/2025,Green Chilli,87,Dehradoon,Medium,Rishikesh APMC,4000,3200,3500,Uttarakhand,Green Chilly
20/12/2025,Pomegranate,190,Dehradoon,Grade C,Rishikesh APMC,5500,3200,3850,Uttarakhand,Other
23/12/2025,Pomegranate,190,Dehradoon,Medium,Rishikesh APMC,5100,3100,4000,Uttarakhand,Other
28/12/2025,Pomegranate,190,Dehradoon,Medium,Rishikesh APMC,5000,3000,4250,Uttarakhand,Other
01/12/2025,Pomegranate,190,Dehradoon,Small,Rishikesh APMC,6800,3200,4200,Uttarakhand,Other
10/12/2025,Pomegranate,190,Dehradoon,Medium,Rishikesh APMC,5800,3200,4250,Uttarakhand,Other
16/12/2025,Pomegranate,190,Dehradoon,Medium,Rishikesh APMC,5400,3200,4200,Uttarakhand,Other
07/12/2025,Green Chilli,87,Dehradoon,Local,Rishikesh APMC,4200,3500,4050,Uttarakhand,Other
02/12/2025,Orange,18,Dehradoon,Medium,Rishikesh APMC,4200,3200,3500,Uttarakhand,Other
08/12/2025,Orange,18,Dehradoon,Small,Rishikesh APMC,4000,3200,3500,Uttarakhand,Other
19/12/2025,Orange,18,Dehradoon,Medium,Rishikesh APMC,3600,3000,3500,Uttarakhand,Other
22/12/2025,Orange,18,Dehradoon,Grade C,Rishikesh APMC,3400,3000,3200,Uttarakhand,Other
24/12/2025,Apple,17,Dehradoon,Grade C,Rishikesh APMC,5600,4000,4100,Uttarakhand,Kasmir/Shimla - II
09/12/2025,French Beans(Frasbean),298,Dehradoon,Small,Rishikesh APMC,2350,1500,2000,Uttarakhand,Other
17/12/2025,French Beans(Frasbean),298,Dehradoon,Medium,Rishikesh APMC,2500,2000,2050,Uttarakhand,Other
30/12/2025,French Beans(Frasbean),298,Dehradoon,Medium,Rishikesh APMC,2000,1600,1850,Uttarakhand,Other
16/12/2025,Indian Beans(Seam),299,Dehradoon,Medium,Rishikesh APMC,3500,2000,3000,Uttarakhand,Other
12/12/2025,Brinjal,35,Dehradoon,Medium,Rishikesh APMC,1500,1000,1200,Uttarakhand,Other
16/12/2025,Brinjal,35,Dehradoon,Small,Rishikesh APMC,1800,1200,1500,Uttarakhand,Other
16/12/2025,Cauliflower,34,Dehradoon,Small,Rishikesh APMC,1200,800,1000,Uttarakhand,Other
27/12/2025,Turnip,341,Dehradoon,Small,Rishikesh APMC,1300,1000,1200,Uttarakhand,Other
29/12/2025,Turnip,341,Dehradoon,Medium,Rishikesh APMC,1200,1000,1100,Uttarakhand,Other
18/03/2026,Lime,180,Dehradoon,Medium,Rishikesh APMC,4800,3000,3600,Uttarakhand,Other
22/03/2026,Lime,180,Dehradoon,Medium,Rishikesh APMC,4800,3000,3600,Uttarakhand,Other
27/03/2026,Lime,180,Dehradoon,Medium,Rishikesh APMC,4650,3000,4500,Uttarakhand,Other
20/03/2026,Grapes,22,Dehradoon,Medium,Rishikesh APMC,5200,3800,4550,Uttarakhand,Other
23/03/2026,Grapes,22,Dehradoon,Medium,Rishikesh APMC,5500,3800,4500,Uttarakhand,Other
21/03/2026,Grapes,22,Dehradoon,Medium,Rishikesh APMC,5600,4500,5000,Uttarakhand,Other
30/03/2026,Grapes,22,Dehradoon,Medium,Rishikesh APMC,5600,3800,4500,Uttarakhand,Other
26/03/2026,Grapes,22,Dehradoon,Medium,Rishikesh APMC,5500,3800,4500,Uttarakhand,Other
03/03/2026,Onion,23,Dehradoon,Medium,Rishikesh APMC,1900,1700,1850,Uttarakhand,Other
29/03/2026,Onion,23,Dehradoon,Medium,Rishikesh APMC,1700,1500,1600,Uttarakhand,Other
20/03/2026,French Beans(Frasbean),298,Dehradoon,Medium,Rishikesh APMC,3000,2500,2875,Uttarakhand,Other
26/03/2026,French Beans(Frasbean),298,Dehradoon,Medium,Rishikesh APMC,3200,2550,2800,Uttarakhand,Other
03/03/2026,Field Pea,64,Dehradoon,Medium,Rishikesh APMC,2000,1600,1800,Uttarakhand,Other
08/03/2026,Field Pea,64,Dehradoon,Medium,Rishikesh APMC,1650,1000,1200,Uttarakhand,Other
09/03/2026,Field Pea,64,Dehradoon,Medium,Rishikesh APMC,1550,1000,1200,Uttarakhand,Other
17/03/2026,Field Pea,64,Dehradoon,Medium,Rishikesh APMC,1600,1000,1450,Uttarakhand,Other
13/03/2026,Field Pea,64,Dehradoon,Medium,Rishikesh APMC,1650,1000,1200,Uttarakhand,Other
12/03/2026,Field Pea,64,Dehradoon,Medium,Rishikesh APMC,1500,1000,1250,Uttarakhand,Other
16/03/2026,Field Pea,64,Dehradoon,Medium,Rishikesh APMC,1500,1000,1200,Uttarakhand,Other
20/03/2026,Brinjal,35,Dehradoon,Medium,Rishikesh APMC,1700,1200,1450,Uttarakhand,Other
13/03/2026,Tomato,78,Dehradoon,Medium,Rishikesh APMC,1800,1200,1650,Uttarakhand,Other
20/03/2026,Tomato,78,Dehradoon,Medium,Rishikesh APMC,1500,1000,1250,Uttarakhand,Other
28/03/2026,Tomato,78,Dehradoon,Medium,Rishikesh APMC,1500,1000,1250,Uttarakhand,Other
10/03/2026,Bottle gourd,82,Dehradoon,Medium,Rishikesh APMC,1800,1500,1650,Uttarakhand,Other
09/03/2026,Bottle gourd,82,Dehradoon,Medium,Rishikesh APMC,1800,1500,1650,Uttarakhand,Other
20/03/2026,Bottle gourd,82,Dehradoon,Medium,Rishikesh APMC,1500,1200,1400,Uttarakhand,Other
19/03/2026,Bottle gourd,82,Dehradoon,Medium,Rishikesh APMC,1500,1200,1450,Uttarakhand,Other
29/03/2026,Bottle gourd,82,Dehradoon,Medium,Rishikesh APMC,1500,1200,1400,Uttarakhand,Other
26/03/2026,Bottle gourd,82,Dehradoon,Medium,Rishikesh APMC,1500,1200,1450,Uttarakhand,Other
26/03/2026,Tomato,78,Dehradoon,Medium,Rishikesh APMC,1500,1050,1200,Uttarakhand,Other
20/03/2026,Raddish,161,Dehradoon,Medium,Rishikesh APMC,500,300,400,Uttarakhand,Raddish
01/03/2026,Mousambi(Sweet Lime),77,Dehradoon,Medium,Rishikesh APMC,3100,2500,2850,Uttarakhand,Other
17/03/2026,Mousambi(Sweet Lime),77,Dehradoon,Medium,Rishikesh APMC,3000,2400,2800,Uttarakhand,Other
16/03/2026,Mousambi(Sweet Lime),77,Dehradoon,Medium,Rishikesh APMC,3000,2400,2800,Uttarakhand,Other
27/03/2026,Mousambi(Sweet Lime),77,Dehradoon,Medium,Rishikesh APMC,3000,2400,2800,Uttarakhand,Other
05/03/2026,Brinjal,35,Dehradoon,Medium,Rishikesh APMC,1800,1000,1500,Uttarakhand,Other
10/03/2026,Brinjal,35,Dehradoon,Medium,Rishikesh APMC,1800,1200,1550,Uttarakhand,Other
16/03/2026,Cucumbar(Kheera),159,Dehradoon,Medium,Rishikesh APMC,1500,1200,1400,Uttarakhand,Other
29/03/2026,Cucumbar(Kheera),159,Dehradoon,Medium,Rishikesh APMC,1600,1200,1500,Uttarakhand,Other
07/03/2026,Raddish,161,Dehradoon,Medium,Rishikesh APMC,600,450,500,Uttarakhand,Other
10/03/2026,Raddish,161,Dehradoon,Medium,Rishikesh APMC,600,400,500,Uttarakhand,Other
18/03/2026,Raddish,161,Dehradoon,Medium,Rishikesh APMC,550,300,350,Uttarakhand,Other
16/03/2026,Raddish,161,Dehradoon,Medium,Rishikesh APMC,600,400,500,Uttarakhand,Other
19/03/2026,Raddish,161,Dehradoon,Medium,Rishikesh APMC,500,300,450,Uttarakhand,Other
25/03/2026,Raddish,161,Dehradoon,Medium,Rishikesh APMC,500,400,450,Uttarakhand,Other
26/03/2026,Raddish,161,Dehradoon,Medium,Rishikesh APMC,600,400,500,Uttarakhand,Other
25/03/2026,Carrot,153,Dehradoon,Medium,Rishikesh APMC,1500,1000,1200,Uttarakhand,Other
27/03/2026,Carrot,153,Dehradoon,Medium,Rishikesh APMC,1800,1200,1500,Uttarakhand,Other
30/03/2026,Carrot,153,Dehradoon,Medium,Rishikesh APMC,1700,1200,1550,Uttarakhand,Other
12/12/2025,Potato,24,Dehradoon,Medium,Rishikesh APMC,1100,900,1050,Uttarakhand,Other
19/12/2025,Potato,24,Dehradoon,Small,Rishikesh APMC,950,800,900,Uttarakhand,Other
23/12/2025,Potato,24,Dehradoon,Medium,Rishikesh APMC,900,800,840,Uttarakhand,Other
27/12/2025,Potato,24,Dehradoon,Medium,Rishikesh APMC,810,650,700,Uttarakhand,Other
30/12/2025,Potato,24,Dehradoon,Medium,Rishikesh APMC,725,600,700,Uttarakhand,Other
05/12/2025,Potato,24,Dehradoon,Medium,Rishikesh APMC,1100,900,1000,Uttarakhand,Other
21/12/2025,Green Chilli,87,Dehradoon,Medium,Rishikesh APMC,3800,3000,3200,Uttarakhand,Other
14/12/2025,Tomato,78,Dehradoon,Medium,Rishikesh APMC,3800,1800,2500,Uttarakhand,Other
19/12/2025,Tomato,78,Dehradoon,Small,Rishikesh APMC,3800,2000,3200,Uttarakhand,Other
06/12/2025,Green Chilli,87,Dehradoon,Medium,Rishikesh APMC,4200,3500,3800,Uttarakhand,Other
09/12/2025,Onion,23,Dehradoon,Small,Rishikesh APMC,1400,1250,1350,Uttarakhand,Other
10/12/2025,Onion,23,Dehradoon,Medium,Rishikesh APMC,1400,1275,1300,Uttarakhand,Other
19/12/2025,Onion,23,Dehradoon,Small,Rishikesh APMC,2000,1500,1800,Uttarakhand,Other
01/12/2025,Mousambi(Sweet Lime),77,Dehradoon,Medium,Rishikesh APMC,2800,2400,2500,Uttarakhand,Other
05/12/2025,Papaya,72,Dehradoon,Medium,Rishikesh APMC,2200,2000,2100,Uttarakhand,Other
06/12/2025,Papaya,72,Dehradoon,Small,Rishikesh APMC,2100,1800,2000,Uttarakhand,Other
17/12/2025,Papaya,72,Dehradoon,Grade C,Rishikesh APMC,2150,1850,2100,Uttarakhand,Other
29/12/2025,Field Pea,64,Dehradoon,Medium,Rishikesh APMC,2400,1800,2000,Uttarakhand,Other
30/12/2025,Field Pea,64,Dehradoon,Medium,Rishikesh APMC,2200,1800,2000,Uttarakhand,Other
16/12/2025,Cucumbar(Kheera),159,Dehradoon,Medium,Rishikesh APMC,2000,1500,1800,Uttarakhand,Other
18/12/2025,Cucumbar(Kheera),159,Dehradoon,Medium,Rishikesh APMC,1850,1600,1800,Uttarakhand,Other
19/12/2025,Cucumbar(Kheera),159,Dehradoon,Local,Rishikesh APMC,1650,1450,1500,Uttarakhand,Other
23/12/2025,Cucumbar(Kheera),159,Dehradoon,Medium,Rishikesh APMC,1560,1400,1500,Uttarakhand,Other
02/12/2025,Carrot,153,Dehradoon,Medium,Rishikesh APMC,2400,2000,2250,Uttarakhand,Other
11/12/2025,Carrot,153,Dehradoon,Medium,Rishikesh APMC,2000,1400,1800,Uttarakhand,Other
12/12/2025,Carrot,153,Dehradoon,Medium,Rishikesh APMC,2000,1400,1850,Uttarakhand,Other
18/12/2025,Carrot,153,Dehradoon,Medium,Rishikesh APMC,1500,800,1250,Uttarakhand,Other
20/12/2025,Carrot,153,Dehradoon,Medium,Rishikesh APMC,1500,850,1200,Uttarakhand,Other
04/12/2025,Guava,185,Dehradoon,Small,Rishikesh APMC,3500,2200,2650,Uttarakhand,Other
11/12/2025,Guava,185,Dehradoon,Local,Rishikesh APMC,2800,2050,2300,Uttarakhand,Other
14/12/2025,Guava,185,Dehradoon,Local,Rishikesh APMC,2800,2000,2350,Uttarakhand,Other
21/12/2025,Guava,185,Dehradoon,Medium,Rishikesh APMC,2800,2150,2500,Uttarakhand,Other
01/12/2025,Bhindi(Ladies Finger),85,Dehradoon,Small,Rishikesh APMC,4500,3500,4000,Uttarakhand,Other
01/12/2025,Banana,19,Dehradoon,Medium,Rishikesh APMC,1300,1100,1250,Uttarakhand,Other
09/12/2025,Banana,19,Dehradoon,Medium,Rishikesh APMC,1300,1000,1250,Uttarakhand,Other
04/12/2025,Banana,19,Dehradoon,Medium,Rishikesh APMC,1300,1000,1250,Uttarakhand,Other
28/12/2025,Cabbage,154,Dehradoon,Medium,Rishikesh APMC,550,400,500,Uttarakhand,Other
05/12/2025,Cabbage,154,Dehradoon,Small,Rishikesh APMC,1200,800,1000,Uttarakhand,Other
27/01/2026,Capsicum,164,Dehradoon,Medium,Rishikesh APMC,2500,1800,2000,Uttarakhand,Other
29/01/2026,Capsicum,164,Dehradoon,Medium,Rishikesh APMC,2500,1800,2000,Uttarakhand,Other
03/01/2026,Capsicum,164,Dehradoon,Medium,Rishikesh APMC,2150,1800,2000,Uttarakhand,Other
04/01/2026,Capsicum,164,Dehradoon,Medium,Rishikesh APMC,2000,1600,1800,Uttarakhand,Other
05/01/2026,Capsicum,164,Dehradoon,Medium,Rishikesh APMC,2000,1500,1800,Uttarakhand,Other
10/01/2026,Capsicum,164,Dehradoon,Medium,Rishikesh APMC,2000,1500,1800,Uttarakhand,Other
12/01/2026,Capsicum,164,Dehradoon,Medium,Rishikesh APMC,2000,1550,1800,Uttarakhand,Other
08/01/2026,Pumpkin,84,Dehradoon,Medium,Rishikesh APMC,1200,1000,1100,Uttarakhand,Other
08/01/2026,Pumpkin,84,Dehradoon,Small,Rishikesh APMC,1200,1000,1100,Uttarakhand,Other
11/01/2026,Pumpkin,84,Dehradoon,Medium,Rishikesh APMC,1200,1000,1125,Uttarakhand,Other
20/01/2026,Pumpkin,84,Dehradoon,Medium,Rishikesh APMC,1100,1000,1025,Uttarakhand,Other
18/01/2026,Pumpkin,84,Dehradoon,Medium,Rishikesh APMC,1150,1050,1100,Uttarakhand,Other
01/01/2026,Indian Beans(Seam),299,Dehradoon,Medium,Rishikesh APMC,1800,1400,1650,Uttarakhand,Other
02/01/2026,Indian Beans(Seam),299,Dehradoon,Medium,Rishikesh APMC,1800,1500,1700,Uttarakhand,Other
06/01/2026,Indian Beans(Seam),299,Dehradoon,Medium,Rishikesh APMC,1800,1500,1600,Uttarakhand,Other
10/01/2026,Indian Beans(Seam),299,Dehradoon,Medium,Rishikesh APMC,1650,1200,1500,Uttarakhand,Other
17/01/2026,Indian Beans(Seam),299,Dehradoon,Medium,Rishikesh APMC,1600,1000,1400,Uttarakhand,Other
20/01/2026,Indian Beans(Seam),299,Dehradoon,Medium,Rishikesh APMC,1600,1000,1500,Uttarakhand,Other
23/01/2026,Indian Beans(Seam),299,Dehradoon,Medium,Rishikesh APMC,1600,1200,1550,Uttarakhand,Other
29/01/2026,Indian Beans(Seam),299,Dehradoon,Medium,Rishikesh APMC,2000,1500,1600,Uttarakhand,Other
30/01/2026,Indian Beans(Seam),299,Dehradoon,Medium,Rishikesh APMC,1450,1000,1200,Uttarakhand,Other
30/01/2026,Pomegranate,190,Dehradoon,Medium,Rishikesh APMC,6200,3000,4500,Uttarakhand,Other
03/01/2026,Pomegranate,190,Dehradoon,Medium,Rishikesh APMC,5050,3000,4000,Uttarakhand,Other
10/01/2026,Pomegranate,190,Dehradoon,Medium,Rishikesh APMC,6000,3050,4000,Uttarakhand,Other
17/01/2026,Pomegranate,190,Dehradoon,Medium,Rishikesh APMC,6500,3000,4500,Uttarakhand,Other
22/01/2026,Pomegranate,190,Dehradoon,Medium,Rishikesh APMC,6400,3000,4450,Uttarakhand,Other
11/01/2026,Raddish,161,Dehradoon,Medium,Rishikesh APMC,700,550,600,Uttarakhand,Raddish
06/01/2026,Raddish,161,Dehradoon,Medium,Rishikesh APMC,500,400,450,Uttarakhand,Other
13/01/2026,Raddish,161,Dehradoon,Medium,Rishikesh APMC,700,600,650,Uttarakhand,Other
28/01/2026,Raddish,161,Dehradoon,Medium,Rishikesh APMC,650,500,550,Uttarakhand,Other
30/01/2026,Raddish,161,Dehradoon,Medium,Rishikesh APMC,700,500,600,Uttarakhand,Other
13/01/2026,French Beans(Frasbean),298,Dehradoon,Medium,Rishikesh APMC,2000,1500,1800,Uttarakhand,Other
14/01/2026,French Beans(Frasbean),298,Dehradoon,Medium,Rishikesh APMC,2000,1550,1800,Uttarakhand,Other
23/01/2026,French Beans(Frasbean),298,Dehradoon,Medium,Rishikesh APMC,2600,1600,2000,Uttarakhand,Other
30/01/2026,French Beans(Frasbean),298,Dehradoon,Local,Rishikesh APMC,2400,1600,1800,Uttarakhand,Other
10/01/2026,Lime,180,Dehradoon,Medium,Rishikesh APMC,3400,2500,3000,Uttarakhand,Other
13/01/2026,Lime,180,Dehradoon,Medium,Rishikesh APMC,3600,2600,3000,Uttarakhand,Other
16/01/2026,Lime,180,Dehradoon,Medium,Rishikesh APMC,3500,2600,3000,Uttarakhand,Other
17/01/2026,Lime,180,Dehradoon,Medium,Rishikesh APMC,3000,2000,2600,Uttarakhand,Other
24/01/2026,Lime,180,Dehradoon,Medium,Rishikesh APMC,2600,2000,2550,Uttarakhand,Other
23/01/2026,Lime,180,Dehradoon,Medium,Rishikesh APMC,2800,2000,2500,Uttarakhand,Other
12/01/2026,Green Chilli,87,Dehradoon,Medium,Rishikesh APMC,4800,3800,4600,Uttarakhand,Other
17/01/2026,Green Chilli,87,Dehradoon,Medium,Rishikesh APMC,5200,3800,4600,Uttarakhand,Other
30/01/2026,Green Chilli,87,Dehradoon,Medium,Rishikesh APMC,7500,5000,6000,Uttarakhand,Other
19/01/2026,Green Chilli,87,Dehradoon,Medium,Rishikesh APMC,5300,3800,4600,Uttarakhand,Other
01/01/2026,Green Chilli,87,Dehradoon,Medium,Rishikesh APMC,3800,3000,3550,Uttarakhand,Other
02/01/2026,Green Chilli,87,Dehradoon,Medium,Rishikesh APMC,3850,3000,3500,Uttarakhand,Other
08/03/2026,Pomegranate,190,Dehradoon,Medium,Rishikesh APMC,9250,5000,6500,Uttarakhand,Other
07/03/2026,Pomegranate,190,Dehradoon,Medium,Rishikesh APMC,9200,5000,6500,Uttarakhand,Other
10/03/2026,Pomegranate,190,Dehradoon,Medium,Rishikesh APMC,9500,5000,6550,Uttarakhand,Other
11/03/2026,Pomegranate,190,Dehradoon,Medium,Rishikesh APMC,9500,5000,6500,Uttarakhand,Other
19/03/2026,Pomegranate,190,Dehradoon,Medium,Rishikesh APMC,9000,5000,6300,Uttarakhand,Other
21/03/2026,Pomegranate,190,Dehradoon,Medium,Rishikesh APMC,9500,5500,6800,Uttarakhand,Other
28/03/2026,Pomegranate,190,Dehradoon,Medium,Rishikesh APMC,8400,5000,6800,Uttarakhand,Other
10/03/2026,Onion,23,Dehradoon,Medium,Rishikesh APMC,1900,1700,1800,Uttarakhand,Other
16/03/2026,Onion,23,Dehradoon,Medium,Rishikesh APMC,1900,1700,1850,Uttarakhand,Other
24/03/2026,Onion,23,Dehradoon,Medium,Rishikesh APMC,1700,1500,1650,Uttarakhand,Other
20/03/2026,Onion,23,Dehradoon,Medium,Rishikesh APMC,1750,1500,1600,Uttarakhand,Other
21/03/2026,Onion,23,Dehradoon,Medium,Rishikesh APMC,1700,1500,1600,Uttarakhand,Other
03/03/2026,Apple,17,Dehradoon,Medium,Rishikesh APMC,7000,4600,5800,Uttarakhand,Kasmir/Shimla - II
08/03/2026,Apple,17,Dehradoon,Medium,Rishikesh APMC,8500,5000,7250,Uttarakhand,Kasmir/Shimla - II
10/03/2026,Apple,17,Dehradoon,Medium,Rishikesh APMC,8500,5000,7200,Uttarakhand,Kasmir/Shimla - II
18/03/2026,Apple,17,Dehradoon,Medium,Rishikesh APMC,8500,5000,7000,Uttarakhand,Kasmir/Shimla - II
02/03/2026,Cauliflower,34,Dehradoon,Medium,Rishikesh APMC,600,350,450,Uttarakhand,Other
20/03/2026,Cauliflower,34,Dehradoon,Medium,Rishikesh APMC,500,300,450,Uttarakhand,Other
21/03/2026,Cauliflower,34,Dehradoon,Medium,Rishikesh APMC,700,400,500,Uttarakhand,Other
26/03/2026,Cauliflower,34,Dehradoon,Medium,Rishikesh APMC,600,400,500,Uttarakhand,Other
03/03/2026,Orange,18,Dehradoon,Medium,Rishikesh APMC,4000,2500,3000,Uttarakhand,Other
08/03/2026,Orange,18,Dehradoon,Medium,Rishikesh APMC,4500,2800,3500,Uttarakhand,Other
11/03/2026,Orange,18,Dehradoon,Medium,Rishikesh APMC,4650,2800,3500,Uttarakhand,Other
30/03/2026,Orange,18,Dehradoon,Medium,Rishikesh APMC,4500,2800,3850,Uttarakhand,Other
28/03/2026,Orange,18,Dehradoon,Medium,Rishikesh APMC,4600,2800,3800,Uttarakhand,Other
27/03/2026,Orange,18,Dehradoon,Medium,Rishikesh APMC,4600,2800,3800,Uttarakhand,Other
16/03/2026,Pumpkin,84,Dehradoon,Medium,Rishikesh APMC,1600,1200,1500,Uttarakhand,Other
21/03/2026,Pumpkin,84,Dehradoon,Medium,Rishikesh APMC,1500,1200,1300,Uttarakhand,Other
27/03/2026,Pumpkin,84,Dehradoon,Medium,Rishikesh APMC,1500,1200,1400,Uttarakhand,Other
28/03/2026,Pumpkin,84,Dehradoon,Medium,Rishikesh APMC,1600,1200,1400,Uttarakhand,Other
29/03/2026,Pumpkin,84,Dehradoon,Medium,Rishikesh APMC,1500,1200,1400,Uttarakhand,Other
30/03/2026,Pumpkin,84,Dehradoon,Medium,Rishikesh APMC,1500,1200,1450,Uttarakhand,Other
25/03/2026,Bitter gourd,81,Dehradoon,Medium,Rishikesh APMC,1500,1200,1400,Uttarakhand,Other
02/03/2026,Papaya,72,Dehradoon,Medium,Rishikesh APMC,2500,1800,2000,Uttarakhand,Other
07/03/2026,Papaya,72,Dehradoon,Medium,Rishikesh APMC,2500,1800,2000,Uttarakhand,Other
10/03/2026,Papaya,72,Dehradoon,Medium,Rishikesh APMC,2500,1800,2050,Uttarakhand,Other
09/03/2026,Papaya,72,Dehradoon,Medium,Rishikesh APMC,2500,1800,2000,Uttarakhand,Other
21/03/2026,Papaya,72,Dehradoon,Medium,Rishikesh APMC,2500,1600,2000,Uttarakhand,Other
25/03/2026,Potato,24,Dehradoon,Medium,Rishikesh APMC,600,450,500,Uttarakhand,Other
03/03/2026,Potato,24,Dehradoon,Medium,Rishikesh APMC,550,450,500,Uttarakhand,Other
17/03/2026,Banana,19,Dehradoon,Medium,Rishikesh APMC,1700,1400,1500,Uttarakhand,Other
14/03/2026,Banana,19,Dehradoon,Medium,Rishikesh APMC,1900,1500,1600,Uttarakhand,Other
16/03/2026,Banana,19,Dehradoon,Medium,Rishikesh APMC,1700,1400,1500,Uttarakhand,Other
25/03/2026,Banana,19,Dehradoon,Medium,Rishikesh APMC,1800,1400,1650,Uttarakhand,Other
01/03/2026,Banana,19,Dehradoon,Medium,Rishikesh APMC,2000,1400,1650,Uttarakhand,Other
05/03/2026,Banana,19,Dehradoon,Medium,Rishikesh APMC,2400,1500,1800,Uttarakhand,Other
07/03/2026,Banana,19,Dehradoon,Medium,Rishikesh APMC,2100,1300,1650,Uttarakhand,Other
08/03/2026,Carrot,153,Dehradoon,Medium,Rishikesh APMC,1200,800,1050,Uttarakhand,Other
06/03/2026,Green Chilli,87,Dehradoon,Medium,Rishikesh APMC,7000,5200,5800,Uttarakhand,Other
09/03/2026,Green Chilli,87,Dehradoon,Medium,Rishikesh APMC,6000,4800,5500,Uttarakhand,Other
14/03/2026,Green Chilli,87,Dehradoon,Medium,Rishikesh APMC,6000,4000,5000,Uttarakhand,Other
17/03/2026,Ginger(Green),103,Dehradoon,Medium,Rishikesh APMC,5600,4500,5000,Uttarakhand,Other
28/03/2026,Ginger(Green),103,Dehradoon,Medium,Rishikesh APMC,6000,4500,5800,Uttarakhand,Other
26/03/2026,Ginger(Green),103,Dehradoon,Medium,Rishikesh APMC,6000,4500,5800,Uttarakhand,Other
21/03/2026,Green Chilli,87,Dehradoon,Medium,Rishikesh APMC,6500,4800,5800,Uttarakhand,Other
10/03/2026,Cabbage,154,Dehradoon,Medium,Rishikesh APMC,375,250,350,Uttarakhand,Other
17/03/2026,Cabbage,154,Dehradoon,Medium,Rishikesh APMC,400,250,350,Uttarakhand,Other
05/01/2026,Guava,185,Dehradoon,Medium,Rishikesh APMC,3200,2000,2500,Uttarakhand,Other
13/01/2026,Guava,185,Dehradoon,Medium,Rishikesh APMC,3600,2000,2550,Uttarakhand,Other
12/01/2026,Guava,185,Dehradoon,Medium,Rishikesh APMC,3500,2000,2500,Uttarakhand,Other
14/01/2026,Guava,185,Dehradoon,Medium,Rishikesh APMC,3600,2000,2500,Uttarakhand,Other
16/01/2026,Guava,185,Dehradoon,Medium,Rishikesh APMC,3600,2000,2800,Uttarakhand,Other
23/01/2026,Guava,185,Dehradoon,Medium,Rishikesh APMC,3200,2200,2650,Uttarakhand,Other
05/01/2026,Cabbage,154,Dehradoon,Medium,Rishikesh APMC,600,500,550,Uttarakhand,Other
17/01/2026,Cabbage,154,Dehradoon,Medium,Rishikesh APMC,625,450,500,Uttarakhand,Other
23/01/2026,Cabbage,154,Dehradoon,Medium,Rishikesh APMC,650,400,500,Uttarakhand,Other
27/01/2026,Cabbage,154,Dehradoon,Medium,Rishikesh APMC,600,400,550,Uttarakhand,Other
03/01/2026,Turnip,341,Dehradoon,Medium,Rishikesh APMC,1200,1000,1150,Uttarakhand,Other
29/01/2026,Cabbage,154,Dehradoon,Medium,Rishikesh APMC,600,400,500,Uttarakhand,Other
02/01/2026,Carrot,153,Dehradoon,Medium,Rishikesh APMC,1050,850,950,Uttarakhand,Other
04/01/2026,Carrot,153,Dehradoon,Medium,Rishikesh APMC,1000,800,900,Uttarakhand,Other
08/01/2026,Carrot,153,Dehradoon,Medium,Rishikesh APMC,1000,800,900,Uttarakhand,Other
11/01/2026,Carrot,153,Dehradoon,Medium,Rishikesh APMC,1000,800,900,Uttarakhand,Other
17/01/2026,Carrot,153,Dehradoon,Medium,Rishikesh APMC,1000,750,850,Uttarakhand,Other
21/01/2026,Carrot,153,Dehradoon,Medium,Rishikesh APMC,1050,800,1000,Uttarakhand,Other
05/01/2026,Orange,18,Dehradoon,Medium,Rishikesh APMC,3500,2500,3000,Uttarakhand,Other
17/01/2026,Orange,18,Dehradoon,Medium,Rishikesh APMC,3000,2500,2800,Uttarakhand,Other
28/01/2026,Orange,18,Dehradoon,Medium,Rishikesh APMC,3150,2500,2800,Uttarakhand,Other
30/01/2026,Orange,18,Dehradoon,Medium,Rishikesh APMC,3150,2500,2800,Uttarakhand,Other
11/01/2026,Potato,24,Dehradoon,Medium,Rishikesh APMC,650,600,625,Uttarakhand,Other
23/01/2026,Potato,24,Dehradoon,Medium,Rishikesh APMC,525,400,450,Uttarakhand,Other
06/01/2026,Cauliflower,34,Dehradoon,Medium,Rishikesh APMC,625,450,550,Uttarakhand,Other
07/01/2026,Cauliflower,34,Dehradoon,Medium,Rishikesh APMC,500,400,450,Uttarakhand,Other
12/01/2026,Brinjal,35,Dehradoon,Medium,Rishikesh APMC,1850,1500,1600,Uttarakhand,Other
16/01/2026,Brinjal,35,Dehradoon,Medium,Rishikesh APMC,1800,1200,1500,Uttarakhand,Other
26/01/2026,Apple,17,Dehradoon,Medium,Rishikesh APMC,6800,3800,5150,Uttarakhand,Kasmir/Shimla - II
17/01/2026,Brinjal,35,Dehradoon,Medium,Rishikesh APMC,1800,1200,1400,Uttarakhand,Other
18/01/2026,Brinjal,35,Dehradoon,Medium,Rishikesh APMC,1800,1200,1425,Uttarakhand,Other
26/01/2026,Cauliflower,34,Dehradoon,Medium,Rishikesh APMC,1200,950,1000,Uttarakhand,Other
29/01/2026,Brinjal,35,Dehradoon,Medium,Rishikesh APMC,2000,1500,1800,Uttarakhand,Other
02/01/2026,Potato,24,Dehradoon,Small,Rishikesh APMC,650,600,625,Uttarakhand,Other
06/01/2026,Potato,24,Dehradoon,Small,Rishikesh APMC,675,600,650,Uttarakhand,Other
14/01/2026,Onion,23,Dehradoon,Medium,Rishikesh APMC,2200,1850,2000,Uttarakhand,Other
16/01/2026,Onion,23,Dehradoon,Medium,Rishikesh APMC,2050,1800,1900,Uttarakhand,Other
17/01/2026,Onion,23,Dehradoon,Medium,Rishikesh APMC,2050,1800,1900,Uttarakhand,Other
18/01/2026,Onion,23,Dehradoon,Medium,Rishikesh APMC,2000,1800,1950,Uttarakhand,Other
08/01/2026,Onion,23,Dehradoon,Local,Rishikesh APMC,2400,1800,2075,Uttarakhand,Other
24/01/2026,Onion,23,Dehradoon,Medium,Rishikesh APMC,2000,1800,1950,Uttarakhand,Other
17/01/2026,Mousambi(Sweet Lime),77,Dehradoon,Medium,Rishikesh APMC,2650,2400,2500,Uttarakhand,Other
20/01/2026,Mousambi(Sweet Lime),77,Dehradoon,Medium,Rishikesh APMC,2800,2450,2600,Uttarakhand,Other
18/01/2026,Mousambi(Sweet Lime),77,Dehradoon,Medium,Rishikesh APMC,2600,2400,2500,Uttarakhand,Other
29/01/2026,Mousambi(Sweet Lime),77,Dehradoon,Medium,Rishikesh APMC,2800,2500,2650,Uttarakhand,Other
03/01/2026,Banana,19,Dehradoon,Medium,Rishikesh APMC,1250,1000,1225,Uttarakhand,Other
14/01/2026,Banana,19,Dehradoon,Medium,Rishikesh APMC,1800,1200,1600,Uttarakhand,Other
19/01/2026,Banana,19,Dehradoon,Medium,Rishikesh APMC,1800,1200,1500,Uttarakhand,Other
24/01/2026,Banana,19,Dehradoon,Medium,Rishikesh APMC,1700,1200,1500,Uttarakhand,Other
07/01/2026,Papaya,72,Dehradoon,Medium,Rishikesh APMC,2500,1800,2000,Uttarakhand,Other
24/01/2026,Papaya,72,Dehradoon,Medium,Rishikesh APMC,2000,1800,1800,Uttarakhand,Other
26/01/2026,Papaya,72,Dehradoon,Medium,Rishikesh APMC,2300,1800,2000,Uttarakhand,Other
27/01/2026,Banana,19,Dehradoon,Medium,Rishikesh APMC,1600,1200,1500,Uttarakhand,Other
30/01/2026,Banana,19,Dehradoon,Medium,Rishikesh APMC,1700,1300,1450,Uttarakhand,Other
09/01/2026,Ginger(Green),103,Dehradoon,Medium,Rishikesh APMC,5500,3500,4550,Uttarakhand,Other
10/01/2026,Ginger(Green),103,Dehradoon,Medium,Rishikesh APMC,5200,3500,4500,Uttarakhand,Other
11/01/2026,Ginger(Green),103,Dehradoon,Medium,Rishikesh APMC,5200,3500,4550,Uttarakhand,Other
17/01/2026,Ginger(Green),103,Dehradoon,Medium,Rishikesh APMC,5600,4000,4500,Uttarakhand,Other
20/01/2026,Ginger(Green),103,Dehradoon,Medium,Rishikesh APMC,5500,4000,4550,Uttarakhand,Other
18/01/2026,Ginger(Green),103,Dehradoon,Medium,Rishikesh APMC,5600,4050,4500,Uttarakhand,Other
19/01/2026,Ginger(Green),103,Dehradoon,Medium,Rishikesh APMC,5500,4000,4500,Uttarakhand,Other
22/01/2026,Cauliflower,34,Dehradoon,Medium,Rishikesh APMC,1200,800,1000,Uttarakhand,Other
07/01/2026,Field Pea,64,Dehradoon,Medium,Rishikesh APMC,1900,1500,1700,Uttarakhand,Other
10/01/2026,Field Pea,64,Dehradoon,Medium,Rishikesh APMC,2000,1500,1800,Uttarakhand,Other
11/01/2026,Field Pea,64,Dehradoon,Medium,Rishikesh APMC,2000,1500,1850,Uttarakhand,Other
12/01/2026,Field Pea,64,Dehradoon,Medium,Rishikesh APMC,2000,1500,1800,Uttarakhand,Other
20/01/2026,Field Pea,64,Dehradoon,Medium,Rishikesh APMC,2000,1600,1850,Uttarakhand,Other
21/01/2026,Field Pea,64,Dehradoon,Medium,Rishikesh APMC,2000,1200,1800,Uttarakhand,Other
26/01/2026,Field Pea,64,Dehradoon,Medium,Rishikesh APMC,2000,1400,1800,Uttarakhand,Other
27/01/2026,Field Pea,64,Dehradoon,Medium,Rishikesh APMC,2050,1400,1850,Uttarakhand,Other
06/01/2026,Apple,17,Dehradoon,Medium,Rishikesh APMC,4150,3450,3825,Uttarakhand,Kasmir/Shimla - II
12/01/2026,Apple,17,Dehradoon,Medium,Rishikesh APMC,4250,3400,3850,Uttarakhand,Kasmir/Shimla - II
21/01/2026,Apple,17,Dehradoon,Medium,Rishikesh APMC,6500,3800,4800,Uttarakhand,Kasmir/Shimla - II
30/01/2026,Apple,17,Dehradoon,Medium,Rishikesh APMC,6500,3500,5000,Uttarakhand,Kasmir/Shimla - II
06/01/2026,Mousambi(Sweet Lime),77,Dehradoon,Medium,Rishikesh APMC,2600,2200,2400,Uttarakhand,Other
21/01/2026,Tomato,78,Dehradoon,Medium,Rishikesh APMC,2600,1800,2050,Uttarakhand,Other
09/01/2026,Tomato,78,Dehradoon,Medium,Rishikesh APMC,3400,2400,3250,Uttarakhand,Other
29/01/2026,Tomato,78,Dehradoon,Medium,Rishikesh APMC,2425,1600,2075,Uttarakhand,Other
21/02/2026,Mousambi(Sweet Lime),77,Dehradoon,Medium,Rishikesh APMC,2800,2400,2500,Uttarakhand,Other
17/02/2026,Mousambi(Sweet Lime),77,Dehradoon,Medium,Rishikesh APMC,2600,2400,2550,Uttarakhand,Other
16/02/2026,Mousambi(Sweet Lime),77,Dehradoon,Medium,Rishikesh APMC,2650,2400,2500,Uttarakhand,Other
26/02/2026,Mousambi(Sweet Lime),77,Dehradoon,Medium,Rishikesh APMC,3100,2500,2850,Uttarakhand,Other
05/02/2026,Tomato,78,Dehradoon,Medium,Rishikesh APMC,1600,1150,1400,Uttarakhand,Other
13/02/2026,Tomato,78,Dehradoon,Medium,Rishikesh APMC,1300,1000,1200,Uttarakhand,Other
01/02/2026,Tomato,78,Dehradoon,Medium,Rishikesh APMC,1600,1200,1400,Uttarakhand,Other
02/02/2026,Tomato,78,Dehradoon,Medium,Rishikesh APMC,1600,1200,1450,Uttarakhand,Other
18/02/2026,Mousambi(Sweet Lime),77,Dehradoon,Medium,Rishikesh APMC,2750,2400,2500,Uttarakhand,Other
22/02/2026,Mousambi(Sweet Lime),77,Dehradoon,Medium,Rishikesh APMC,2800,2400,2600,Uttarakhand,Other
27/02/2026,Pumpkin,84,Dehradoon,Medium,Rishikesh APMC,1900,1200,1600,Uttarakhand,Other
27/02/2026,Mousambi(Sweet Lime),77,Dehradoon,Medium,Rishikesh APMC,3100,2500,2800,Uttarakhand,Other
06/02/2026,Pumpkin,84,Dehradoon,Medium,Rishikesh APMC,1500,1000,1200,Uttarakhand,Other
12/02/2026,Pumpkin,84,Dehradoon,Medium,Rishikesh APMC,1500,1000,1100,Uttarakhand,Other
03/02/2026,Capsicum,164,Dehradoon,Medium,Rishikesh APMC,2600,1800,2000,Uttarakhand,Other
16/02/2026,Capsicum,164,Dehradoon,Medium,Rishikesh APMC,2600,1800,2000,Uttarakhand,Other
01/02/2026,Apple,17,Dehradoon,Medium,Rishikesh APMC,6600,3500,5050,Uttarakhand,Kasmir/Shimla - II
02/02/2026,Apple,17,Dehradoon,Medium,Rishikesh APMC,6500,4500,5500,Uttarakhand,Kasmir/Shimla - II
14/02/2026,Apple,17,Dehradoon,Medium,Rishikesh APMC,7800,4500,6500,Uttarakhand,Kasmir/Shimla - II
19/02/2026,Apple,17,Dehradoon,Medium,Rishikesh APMC,7600,4600,6200,Uttarakhand,Kasmir/Shimla - II
26/02/2026,Apple,17,Dehradoon,Medium,Rishikesh APMC,7500,4600,6600,Uttarakhand,Kasmir/Shimla - II
23/02/2026,Apple,17,Dehradoon,Medium,Rishikesh APMC,7600,4600,6800,Uttarakhand,Kasmir/Shimla - II
06/02/2026,Apple,17,Dehradoon,Medium,Rishikesh APMC,6850,4500,5800,Uttarakhand,Kasmir/Shimla - II
07/02/2026,Apple,17,Dehradoon,Medium,Rishikesh APMC,6800,4500,5800,Uttarakhand,Kasmir/Shimla - II
24/02/2026,Apple,17,Dehradoon,Medium,Rishikesh APMC,7600,4600,6850,Uttarakhand,Kasmir/Shimla - II
13/02/2026,French Beans(Frasbean),298,Dehradoon,Medium,Rishikesh APMC,3000,1600,2000,Uttarakhand,Other
22/02/2026,French Beans(Frasbean),298,Dehradoon,Medium,Rishikesh APMC,2800,2000,2650,Uttarakhand,Other
02/02/2026,Orange,18,Dehradoon,Medium,Rishikesh APMC,3250,2500,2800,Uttarakhand,Other
24/02/2026,Orange,18,Dehradoon,Medium,Rishikesh APMC,3800,2800,3050,Uttarakhand,Other
26/02/2026,Orange,18,Dehradoon,Medium,Rishikesh APMC,3800,2800,3000,Uttarakhand,Other
05/02/2026,Pomegranate,190,Dehradoon,Medium,Rishikesh APMC,7000,4500,5250,Uttarakhand,Other
13/02/2026,Pomegranate,190,Dehradoon,Medium,Rishikesh APMC,8450,4500,6200,Uttarakhand,Other
18/02/2026,Pomegranate,190,Dehradoon,Medium,Rishikesh APMC,8500,4600,5800,Uttarakhand,Other
03/02/2026,Guava,185,Dehradoon,Medium,Rishikesh APMC,3150,2200,2800,Uttarakhand,Other
13/02/2026,Guava,185,Dehradoon,Medium,Rishikesh APMC,3400,2200,2800,Uttarakhand,Other
19/02/2026,Guava,185,Dehradoon,Medium,Rishikesh APMC,3100,2200,2500,Uttarakhand,Other
24/02/2026,Guava,185,Dehradoon,Medium,Rishikesh APMC,3800,2400,2800,Uttarakhand,Other
01/02/2026,Lime,180,Dehradoon,Medium,Rishikesh APMC,3000,2000,2550,Uttarakhand,Other
11/02/2026,Lime,180,Dehradoon,Medium,Rishikesh APMC,3000,2000,2500,Uttarakhand,Other
24/02/2026,Lime,180,Dehradoon,Medium,Rishikesh APMC,3400,2800,3050,Uttarakhand,Other
23/02/2026,Lime,180,Dehradoon,Medium,Rishikesh APMC,3400,2800,3000,Uttarakhand,Other
03/02/2026,Cabbage,154,Dehradoon,Medium,Rishikesh APMC,550,400,500,Uttarakhand,Other
01/02/2026,Papaya,72,Dehradoon,Medium,Rishikesh APMC,2300,1800,2000,Uttarakhand,Other
20/02/2026,Papaya,72,Dehradoon,Medium,Rishikesh APMC,2250,1800,2000,Uttarakhand,Other
22/02/2026,Papaya,72,Dehradoon,Medium,Rishikesh APMC,2350,1800,2000,Uttarakhand,Other
03/02/2026,Field Pea,64,Dehradoon,Medium,Rishikesh APMC,1350,1000,1200,Uttarakhand,Other
12/02/2026,Field Pea,64,Dehradoon,Medium,Rishikesh APMC,1500,1200,1450,Uttarakhand,Other
16/02/2026,Field Pea,64,Dehradoon,Medium,Rishikesh APMC,1800,1200,1500,Uttarakhand,Other
13/02/2026,Field Pea,64,Dehradoon,Medium,Rishikesh APMC,1600,1200,1500,Uttarakhand,Other
22/02/2026,Field Pea,64,Dehradoon,Medium,Rishikesh APMC,2000,1200,1800,Uttarakhand,Other
24/02/2026,Field Pea,64,Dehradoon,Medium,Rishikesh APMC,2000,1200,1800,Uttarakhand,Other
17/02/2026,Raddish,161,Dehradoon,Medium,Rishikesh APMC,550,400,500,Uttarakhand,Other
26/02/2026,Raddish,161,Dehradoon,Medium,Rishikesh APMC,675,500,600,Uttarakhand,Other
06/02/2026,Raddish,161,Dehradoon,Medium,Rishikesh APMC,700,500,600,Uttarakhand,Other
10/02/2026,Raddish,161,Dehradoon,Medium,Rishikesh APMC,1000,800,900,Uttarakhand,Other
18/02/2026,Ginger(Green),103,Dehradoon,Medium,Rishikesh APMC,4800,4000,4500,Uttarakhand,Other
21/02/2026,Ginger(Green),103,Dehradoon,Medium,Rishikesh APMC,5200,4500,5000,Uttarakhand,Other
25/02/2026,Ginger(Green),103,Dehradoon,Medium,Rishikesh APMC,5500,4500,5050,Uttarakhand,Other
21/02/2026,Raddish,161,Dehradoon,Medium,Rishikesh APMC,500,400,450,Uttarakhand,Raddish
09/02/2026,Brinjal,35,Dehradoon,Medium,Rishikesh APMC,1500,1200,1400,Uttarakhand,Other
18/02/2026,Brinjal,35,Dehradoon,Medium,Rishikesh APMC,1600,1200,1400,Uttarakhand,Other
04/02/2026,Banana,19,Dehradoon,Medium,Rishikesh APMC,1700,1300,1500,Uttarakhand,Other
01/02/2026,Cabbage,154,Dehradoon,Medium,Rishikesh APMC,525,400,500,Uttarakhand,Other
07/02/2026,Banana,19,Dehradoon,Medium,Rishikesh APMC,1700,1300,1550,Uttarakhand,Other
14/02/2026,Banana,19,Dehradoon,Medium,Rishikesh APMC,1800,1300,1400,Uttarakhand,Other
16/02/2026,Banana,19,Dehradoon,Medium,Rishikesh APMC,1600,1250,1450,Uttarakhand,Other
18/02/2026,Banana,19,Dehradoon,Medium,Rishikesh APMC,1500,1200,1400,Uttarakhand,Other
25/02/2026,Potato,24,Dehradoon,Medium,Rishikesh APMC,600,500,550,Uttarakhand,Other
27/02/2026,Onion,23,Dehradoon,Medium,Rishikesh APMC,1900,1700,1850,Uttarakhand,Nasik
26/02/2026,Cauliflower,34,Dehradoon,Medium,Rishikesh APMC,500,350,400,Uttarakhand,Other
02/02/2026,Carrot,153,Dehradoon,Medium,Rishikesh APMC,1200,800,1000,Uttarakhand,Other
20/02/2026,Potato,24,Dehradoon,Medium,Rishikesh APMC,615,510,550,Uttarakhand,Other
11/02/2026,Onion,23,Dehradoon,Medium,Rishikesh APMC,1900,1600,1800,Uttarakhand,Other
24/02/2026,Carrot,153,Dehradoon,Medium,Rishikesh APMC,1600,1200,1400,Uttarakhand,Other
13/02/2026,Carrot,153,Dehradoon,Medium,Rishikesh APMC,1200,800,1000,Uttarakhand,Other
22/02/2026,Carrot,153,Dehradoon,Medium,Rishikesh APMC,1500,1000,1250,Uttarakhand,Other
24/02/2026,Onion,23,Dehradoon,Medium,Rishikesh APMC,1900,1700,1800,Uttarakhand,Other
25/02/2026,Onion,23,Dehradoon,Medium,Rishikesh APMC,1900,1700,1850,Uttarakhand,Other
16/02/2026,Potato,24,Dehradoon,Medium,Rishikesh APMC,610,500,550,Uttarakhand,Other
17/02/2026,Cauliflower,34,Dehradoon,Medium,Rishikesh APMC,600,400,550,Uttarakhand,Other
20/02/2026,Cauliflower,34,Dehradoon,Medium,Rishikesh APMC,500,300,450,Uttarakhand,Other
02/02/2026,Potato,24,Dehradoon,Medium,Rishikesh APMC,600,400,500,Uttarakhand,Other
05/02/2026,Cauliflower,34,Dehradoon,Medium,Rishikesh APMC,600,500,575,Uttarakhand,Other
24/02/2026,Brinjal,35,Dehradoon,Medium,Rishikesh APMC,1800,1200,1550,Uttarakhand,Other
25/02/2026,Brinjal,35,Dehradoon,Medium,Rishikesh APMC,1800,1200,1600,Uttarakhand,Other
27/02/2026,Brinjal,35,Dehradoon,Medium,Rishikesh APMC,2000,1200,1550,Uttarakhand,Other
01/02/2026,Onion,23,Dehradoon,Medium,Rishikesh APMC,2200,1600,1800,Uttarakhand,Nasik
26/02/2026,Banana,19,Dehradoon,Medium,Rishikesh APMC,2000,1400,1650,Uttarakhand,Other
04/02/2026,Cabbage,154,Dehradoon,Medium,Rishikesh APMC,500,400,475,Uttarakhand,Other
10/02/2026,Cabbage,154,Dehradoon,Medium,Rishikesh APMC,475,400,450,Uttarakhand,Other
24/02/2026,Cabbage,154,Dehradoon,Medium,Rishikesh APMC,300,225,250,Uttarakhand,Other
28/04/2026,Karbuja(Musk Melon),187,Dehradoon,Medium,Rishikesh APMC,1700,1200,1500,Uttarakhand,Other
03/05/2026,Karbuja(Musk Melon),187,Dehradoon,Medium,Rishikesh APMC,1600,1200,1400,Uttarakhand,Other
07/05/2026,Karbuja(Musk Melon),187,Dehradoon,Medium,Rishikesh APMC,1800,1200,1400,Uttarakhand,Other
09/05/2026,Karbuja(Musk Melon),187,Dehradoon,Medium,Rishikesh APMC,1800,1000,1200,Uttarakhand,Other
14/05/2026,Karbuja(Musk Melon),187,Dehradoon,Medium,Rishikesh APMC,1000,800,950,Uttarakhand,Other
01/04/2026,Apple,17,Dehradoon,Medium,Rishikesh APMC,8800,5200,7700,Uttarakhand,Kasmir/Shimla - II
10/04/2026,Apple,17,Dehradoon,Medium,Rishikesh APMC,8000,5000,7500,Uttarakhand,Kasmir/Shimla - II
14/04/2026,Apple,17,Dehradoon,Medium,Rishikesh APMC,8000,5000,7600,Uttarakhand,Kasmir/Shimla - II
25/04/2026,Apple,17,Dehradoon,Medium,Rishikesh APMC,10500,6500,8400,Uttarakhand,Kasmir/Shimla - II
28/04/2026,Apple,17,Dehradoon,Medium,Rishikesh APMC,10500,7000,8500,Uttarakhand,Kasmir/Shimla - II
03/05/2026,Apple,17,Dehradoon,Medium,Rishikesh APMC,10000,8000,9100,Uttarakhand,Kasmir/Shimla - II
06/05/2026,Apple,17,Dehradoon,Medium,Rishikesh APMC,10000,7800,9300,Uttarakhand,Kasmir/Shimla - II
10/05/2026,Apple,17,Dehradoon,Medium,Rishikesh APMC,11000,6500,8000,Uttarakhand,Kasmir/Shimla - II
03/04/2026,Apple,17,Dehradoon,Medium,Rishikesh APMC,8700,5200,7900,Uttarakhand,Other
06/04/2026,Apple,17,Dehradoon,Medium,Rishikesh APMC,8000,5000,7800,Uttarakhand,Other
02/04/2026,Orange,18,Dehradoon,Medium,Rishikesh APMC,4500,2800,3900,Uttarakhand,Other
10/04/2026,Orange,18,Dehradoon,Medium,Rishikesh APMC,4500,3000,4050,Uttarakhand,Other
21/04/2026,Orange,18,Dehradoon,Medium,Rishikesh APMC,6200,3200,5000,Uttarakhand,Other
13/05/2026,Apple,17,Dehradoon,Medium,Rishikesh APMC,11000,6500,7500,Uttarakhand,Other
14/05/2026,Apple,17,Dehradoon,Medium,Rishikesh APMC,11000,6500,7600,Uttarakhand,Other
10/05/2026,Papaya,72,Dehradoon,Medium,Rishikesh APMC,2100,1800,2000,Uttarakhand,Other
19/04/2026,Water Melon,73,Dehradoon,Medium,Rishikesh APMC,1200,800,1050,Uttarakhand,Other
24/04/2026,Water Melon,73,Dehradoon,Medium,Rishikesh APMC,1050,800,950,Uttarakhand,Other
27/04/2026,Water Melon,73,Dehradoon,Medium,Rishikesh APMC,850,600,750,Uttarakhand,Other
03/05/2026,Water Melon,73,Dehradoon,Medium,Rishikesh APMC,800,500,600,Uttarakhand,Other
01/04/2026,Ginger(Green),103,Dehradoon,Medium,Rishikesh APMC,6000,4500,5800,Uttarakhand,Other
02/04/2026,Ginger(Green),103,Dehradoon,Medium,Rishikesh APMC,6100,4500,5800,Uttarakhand,Other
05/04/2026,Green Chilli,87,Dehradoon,Medium,Rishikesh APMC,4800,4000,4500,Uttarakhand,Other
07/04/2026,Green Chilli,87,Dehradoon,Medium,Rishikesh APMC,3500,3000,3250,Uttarakhand,Other
13/04/2026,Green Chilli,87,Dehradoon,Medium,Rishikesh APMC,3000,2000,2500,Uttarakhand,Other
18/04/2026,Green Chilli,87,Dehradoon,Medium,Rishikesh APMC,3000,2000,2500,Uttarakhand,Other
22/04/2026,Green Chilli,87,Dehradoon,Medium,Rishikesh APMC,2400,2000,2200,Uttarakhand,Other
29/04/2026,Green Chilli,87,Dehradoon,Medium,Rishikesh APMC,2400,1800,2000,Uttarakhand,Other
02/04/2026,Mousambi(Sweet Lime),77,Dehradoon,Medium,Rishikesh APMC,3000,2000,2800,Uttarakhand,Other
06/04/2026,Mousambi(Sweet Lime),77,Dehradoon,Medium,Rishikesh APMC,2800,2000,2500,Uttarakhand,Other
08/04/2026,Mousambi(Sweet Lime),77,Dehradoon,Medium,Rishikesh APMC,2800,2000,2500,Uttarakhand,Other
10/04/2026,Mousambi(Sweet Lime),77,Dehradoon,Medium,Rishikesh APMC,3000,2000,2550,Uttarakhand,Other
11/04/2026,Mousambi(Sweet Lime),77,Dehradoon,Medium,Rishikesh APMC,2800,2000,2500,Uttarakhand,Other
12/04/2026,Mousambi(Sweet Lime),77,Dehradoon,Medium,Rishikesh APMC,2800,2000,2550,Uttarakhand,Other
17/04/2026,Mousambi(Sweet Lime),77,Dehradoon,Medium,Rishikesh APMC,2800,2200,2650,Uttarakhand,Other
27/04/2026,Mousambi(Sweet Lime),77,Dehradoon,Medium,Rishikesh APMC,3800,2500,3100,Uttarakhand,Other
13/05/2026,Green Chilli,87,Dehradoon,Medium,Rishikesh APMC,2600,1800,2000,Uttarakhand,Other
01/05/2026,Mousambi(Sweet Lime),77,Dehradoon,Medium,Rishikesh APMC,4200,2800,3050,Uttarakhand,Other
02/05/2026,Mousambi(Sweet Lime),77,Dehradoon,Medium,Rishikesh APMC,4000,2800,3000,Uttarakhand,Other
05/05/2026,Mousambi(Sweet Lime),77,Dehradoon,Medium,Rishikesh APMC,3700,2800,3000,Uttarakhand,Other
11/05/2026,Mousambi(Sweet Lime),77,Dehradoon,Medium,Rishikesh APMC,5500,3600,4600,Uttarakhand,Other
14/05/2026,Green Chilli,87,Dehradoon,Medium,Rishikesh APMC,2800,2000,2200,Uttarakhand,Other
18/05/2026,Green Chilli,87,Dehradoon,Medium,Rishikesh APMC,3500,2000,2500,Uttarakhand,Other
03/04/2026,Pumpkin,84,Dehradoon,Medium,Rishikesh APMC,1500,1200,1450,Uttarakhand,Other
07/04/2026,Pumpkin,84,Dehradoon,Medium,Rishikesh APMC,1300,1000,1200,Uttarakhand,Other
09/04/2026,Pumpkin,84,Dehradoon,Medium,Rishikesh APMC,1500,1000,1200,Uttarakhand,Other
10/04/2026,Pumpkin,84,Dehradoon,Medium,Rishikesh APMC,1500,1000,1200,Uttarakhand,Other
09/04/2026,Ginger(Green),103,Dehradoon,Medium,Rishikesh APMC,6200,4500,5550,Uttarakhand,Other
13/04/2026,Ginger(Green),103,Dehradoon,Medium,Rishikesh APMC,6000,4500,5000,Uttarakhand,Other
19/04/2026,Pumpkin,84,Dehradoon,Medium,Rishikesh APMC,1500,800,1000,Uttarakhand,Other
25/04/2026,Pumpkin,84,Dehradoon,Medium,Rishikesh APMC,800,600,700,Uttarakhand,Other
02/05/2026,Pumpkin,84,Dehradoon,Medium,Rishikesh APMC,500,400,450,Uttarakhand,Other
11/05/2026,Pumpkin,84,Dehradoon,Medium,Rishikesh APMC,600,400,500,Uttarakhand,Other
06/05/2026,Bitter gourd,81,Dehradoon,Medium,Rishikesh APMC,1500,1200,1400,Uttarakhand,Other
26/04/2026,Bhindi(Ladies Finger),85,Dehradoon,Medium,Rishikesh APMC,2800,2000,2500,Uttarakhand,Other
29/04/2026,Bhindi(Ladies Finger),85,Dehradoon,Medium,Rishikesh APMC,2000,1500,1800,Uttarakhand,Other
03/04/2026,Tomato,78,Dehradoon,Medium,Rishikesh APMC,1800,1000,1200,Uttarakhand,Other
02/04/2026,Tomato,78,Dehradoon,Medium,Rishikesh APMC,1450,1000,1200,Uttarakhand,Other
05/04/2026,Tomato,78,Dehradoon,Medium,Rishikesh APMC,1500,1000,1200,Uttarakhand,Other
06/04/2026,Tomato,78,Dehradoon,Medium,Rishikesh APMC,1550,1050,1250,Uttarakhand,Other
13/04/2026,Tomato,78,Dehradoon,Medium,Rishikesh APMC,1800,1000,1500,Uttarakhand,Other
17/05/2026,Tomato,78,Dehradoon,Medium,Rishikesh APMC,1600,1000,1250,Uttarakhand,Other
17/04/2026,Bitter gourd,81,Dehradoon,Medium,Rishikesh APMC,2500,1800,2050,Uttarakhand,Other
20/04/2026,Bitter gourd,81,Dehradoon,Medium,Rishikesh APMC,2500,1800,2000,Uttarakhand,Other
22/04/2026,Bitter gourd,81,Dehradoon,Medium,Rishikesh APMC,2600,1800,2200,Uttarakhand,Other
16/05/2026,Bhindi(Ladies Finger),85,Dehradoon,Medium,Rishikesh APMC,2000,1200,1500,Uttarakhand,Other
21/04/2026,Tomato,78,Dehradoon,Medium,Rishikesh APMC,3000,2000,2550,Uttarakhand,Other
26/04/2026,Tomato,78,Dehradoon,Medium,Rishikesh APMC,1700,1200,1500,Uttarakhand,Other
28/04/2026,Tomato,78,Dehradoon,Medium,Rishikesh APMC,2500,1200,1500,Uttarakhand,Other
19/04/2026,Bhindi(Ladies Finger),85,Dehradoon,Medium,Rishikesh APMC,3500,2500,2800,Uttarakhand,Other
06/05/2026,Bhindi(Ladies Finger),85,Dehradoon,Medium,Rishikesh APMC,2000,1500,1850,Uttarakhand,Other
10/04/2026,Tomato,78,Dehradoon,Medium,Rishikesh APMC,1500,1000,1250,Uttarakhand,Other
12/05/2026,Bhindi(Ladies Finger),85,Dehradoon,Medium,Rishikesh APMC,2500,1500,1800,Uttarakhand,Other
11/04/2026,Tomato,78,Dehradoon,Medium,Rishikesh APMC,1500,1000,1200,Uttarakhand,Other
12/04/2026,Tomato,78,Dehradoon,Medium,Rishikesh APMC,1800,1500,1650,Uttarakhand,Other
01/04/2026,Banana,19,Dehradoon,Medium,Rishikesh APMC,2400,1800,2050,Uttarakhand,Other
07/04/2026,Banana,19,Dehradoon,Medium,Rishikesh APMC,1800,1400,1550,Uttarakhand,Other
05/04/2026,Banana,19,Dehradoon,Medium,Rishikesh APMC,1600,1400,1550,Uttarakhand,Other
10/04/2026,Banana,19,Dehradoon,Medium,Rishikesh APMC,2000,1400,1500,Uttarakhand,Other
17/04/2026,Banana,19,Dehradoon,Medium,Rishikesh APMC,1800,1450,1500,Uttarakhand,Other
23/04/2026,Banana,19,Dehradoon,Medium,Rishikesh APMC,2100,1800,2000,Uttarakhand,Other
25/04/2026,Banana,19,Dehradoon,Medium,Rishikesh APMC,2300,1800,2000,Uttarakhand,Other
27/04/2026,Banana,19,Dehradoon,Medium,Rishikesh APMC,2000,1600,1800,Uttarakhand,Other
10/05/2026,Banana,19,Dehradoon,Medium,Rishikesh APMC,1700,1500,1600,Uttarakhand,Other
11/05/2026,Banana,19,Dehradoon,Medium,Rishikesh APMC,1700,1500,1600,Uttarakhand,Other
18/05/2026,Banana,19,Dehradoon,Medium,Rishikesh APMC,1850,1500,1650,Uttarakhand,Other
04/04/2026,Lime,180,Dehradoon,Medium,Rishikesh APMC,5000,3000,4500,Uttarakhand,Other
04/04/2026,Cucumbar(Kheera),159,Dehradoon,Medium,Rishikesh APMC,1500,1200,1300,Uttarakhand,Other
10/04/2026,Cucumbar(Kheera),159,Dehradoon,Medium,Rishikesh APMC,800,500,700,Uttarakhand,Other
22/04/2026,Cucumbar(Kheera),159,Dehradoon,Medium,Rishikesh APMC,600,400,500,Uttarakhand,Other
29/04/2026,Cucumbar(Kheera),159,Dehradoon,Medium,Rishikesh APMC,600,400,500,Uttarakhand,Other
04/05/2026,Cucumbar(Kheera),159,Dehradoon,Medium,Rishikesh APMC,600,400,500,Uttarakhand,Other
06/05/2026,Cucumbar(Kheera),159,Dehradoon,Medium,Rishikesh APMC,700,500,600,Uttarakhand,Other
07/05/2026,Cucumbar(Kheera),159,Dehradoon,Medium,Rishikesh APMC,700,500,650,Uttarakhand,Other
08/04/2026,Bottle gourd,82,Dehradoon,Medium,Rishikesh APMC,1000,600,800,Uttarakhand,Other
09/04/2026,Bottle gourd,82,Dehradoon,Medium,Rishikesh APMC,1500,1000,1200,Uttarakhand,Other
18/04/2026,Bottle gourd,82,Dehradoon,Medium,Rishikesh APMC,1000,800,900,Uttarakhand,Other
21/04/2026,Bottle gourd,82,Dehradoon,Medium,Rishikesh APMC,1500,800,1050,Uttarakhand,Other
27/04/2026,Bottle gourd,82,Dehradoon,Medium,Rishikesh APMC,800,500,600,Uttarakhand,Other
05/05/2026,Bottle gourd,82,Dehradoon,Medium,Rishikesh APMC,800,600,750,Uttarakhand,Other
08/05/2026,Bottle gourd,82,Dehradoon,Medium,Rishikesh APMC,800,600,750,Uttarakhand,Other
03/04/2026,Field Pea,64,Dehradoon,Medium,Rishikesh APMC,2000,1000,1200,Uttarakhand,Other
04/04/2026,Field Pea,64,Dehradoon,Medium,Rishikesh APMC,2000,1000,1250,Uttarakhand,Other
11/05/2026,Mango,20,Dehradoon,Medium,Rishikesh APMC,5800,4500,5500,Uttarakhand,Safeda
14/05/2026,Mango,20,Dehradoon,Medium,Rishikesh APMC,6100,4200,5500,Uttarakhand,Safeda
16/05/2026,Mango,20,Dehradoon,Medium,Rishikesh APMC,6000,4200,5600,Uttarakhand,Safeda
17/05/2026,Mango,20,Dehradoon,Medium,Rishikesh APMC,6000,4200,5800,Uttarakhand,Safeda
06/04/2026,Raddish,161,Dehradoon,Medium,Rishikesh APMC,700,500,650,Uttarakhand,Other
08/04/2026,Raddish,161,Dehradoon,Medium,Rishikesh APMC,700,500,600,Uttarakhand,Other
11/04/2026,Raddish,161,Dehradoon,Medium,Rishikesh APMC,850,600,800,Uttarakhand,Other
13/04/2026,Raddish,161,Dehradoon,Medium,Rishikesh APMC,1000,600,850,Uttarakhand,Other
24/04/2026,Raddish,161,Dehradoon,Medium,Rishikesh APMC,1200,900,1000,Uttarakhand,Other
29/04/2026,Raddish,161,Dehradoon,Medium,Rishikesh APMC,1500,1000,1200,Uttarakhand,Other
01/05/2026,Raddish,161,Dehradoon,Medium,Rishikesh APMC,2500,1000,2000,Uttarakhand,Other
07/05/2026,Raddish,161,Dehradoon,Medium,Rishikesh APMC,950,600,800,Uttarakhand,Other
09/05/2026,Raddish,161,Dehradoon,Medium,Rishikesh APMC,950,600,700,Uttarakhand,Other
11/05/2026,Raddish,161,Dehradoon,Medium,Rishikesh APMC,1000,600,850,Uttarakhand,Other
14/05/2026,Water Melon,73,Dehradoon,Medium,Rishikesh APMC,600,400,550,Uttarakhand,Other
17/05/2026,Water Melon,73,Dehradoon,Medium,Rishikesh APMC,700,400,500,Uttarakhand,Other
14/04/2026,Papaya,72,Dehradoon,Medium,Rishikesh APMC,2200,1800,2050,Uttarakhand,Other
17/04/2026,Papaya,72,Dehradoon,Medium,Rishikesh APMC,2200,1800,2000,Uttarakhand,Other
20/04/2026,Papaya,72,Dehradoon,Medium,Rishikesh APMC,2100,1800,2000,Uttarakhand,Other
24/04/2026,Papaya,72,Dehradoon,Medium,Rishikesh APMC,2300,1800,2000,Uttarakhand,Other
03/04/2026,Brinjal,35,Dehradoon,Medium,Rishikesh APMC,1800,1200,1650,Uttarakhand,Other
12/04/2026,Cauliflower,34,Dehradoon,Medium,Rishikesh APMC,1200,800,1050,Uttarakhand,Other
14/04/2026,Cauliflower,34,Dehradoon,Medium,Rishikesh APMC,1200,850,1000,Uttarakhand,Other
22/04/2026,Cauliflower,34,Dehradoon,Medium,Rishikesh APMC,2400,1800,2000,Uttarakhand,Other
24/04/2026,Cauliflower,34,Dehradoon,Medium,Rishikesh APMC,3000,2000,2600,Uttarakhand,Other
06/04/2026,Brinjal,35,Dehradoon,Medium,Rishikesh APMC,1800,1200,1500,Uttarakhand,Brinjal
16/04/2026,Cauliflower,34,Dehradoon,Medium,Rishikesh APMC,1400,800,1200,Uttarakhand,Other
20/04/2026,Cauliflower,34,Dehradoon,Medium,Rishikesh APMC,2650,1800,2400,Uttarakhand,Other
06/05/2026,Cauliflower,34,Dehradoon,Medium,Rishikesh APMC,2000,1500,1800,Uttarakhand,Other
07/05/2026,Cauliflower,34,Dehradoon,Medium,Rishikesh APMC,2000,1500,1850,Uttarakhand,Other
09/05/2026,Cauliflower,34,Dehradoon,Medium,Rishikesh APMC,1800,1200,1500,Uttarakhand,Other
16/04/2026,Brinjal,35,Dehradoon,Medium,Rishikesh APMC,2000,1200,1500,Uttarakhand,Other
12/05/2026,Cauliflower,34,Dehradoon,Medium,Rishikesh APMC,2000,1200,1500,Uttarakhand,Other
14/05/2026,Cauliflower,34,Dehradoon,Medium,Rishikesh APMC,1500,1000,1200,Uttarakhand,Other
16/05/2026,Cauliflower,34,Dehradoon,Medium,Rishikesh APMC,1500,1000,1250,Uttarakhand,Other
29/04/2026,Brinjal,35,Dehradoon,Medium,Rishikesh APMC,1550,1200,1350,Uttarakhand,Other
01/04/2026,Grapes,22,Dehradoon,Medium,Rishikesh APMC,5500,3800,4500,Uttarakhand,Other
03/04/2026,Grapes,22,Dehradoon,Medium,Rishikesh APMC,5500,3000,4500,Uttarakhand,Other
05/04/2026,Grapes,22,Dehradoon,Medium,Rishikesh APMC,5200,4000,4200,Uttarakhand,Other
04/04/2026,Grapes,22,Dehradoon,Medium,Rishikesh APMC,5200,3000,4500,Uttarakhand,Other
07/04/2026,Grapes,22,Dehradoon,Medium,Rishikesh APMC,4300,3000,4000,Uttarakhand,Other
06/04/2026,Grapes,22,Dehradoon,Medium,Rishikesh APMC,5200,3000,4000,Uttarakhand,Other
08/04/2026,Grapes,22,Dehradoon,Medium,Rishikesh APMC,4200,3000,4000,Uttarakhand,Other
20/04/2026,Grapes,22,Dehradoon,Medium,Rishikesh APMC,5800,3500,4800,Uttarakhand,Other
24/04/2026,Grapes,22,Dehradoon,Medium,Rishikesh APMC,5600,3500,4500,Uttarakhand,Other
03/05/2026,Grapes,22,Dehradoon,Medium,Rishikesh APMC,5200,3500,4600,Uttarakhand,Other
09/05/2026,Grapes,22,Dehradoon,Medium,Rishikesh APMC,5100,3500,4600,Uttarakhand,Other
13/05/2026,Grapes,22,Dehradoon,Medium,Rishikesh APMC,6000,3500,4500,Uttarakhand,Other
17/05/2026,Grapes,22,Dehradoon,Medium,Rishikesh APMC,6000,3200,5000,Uttarakhand,Other
22/04/2026,Brinjal,35,Dehradoon,Medium,Rishikesh APMC,2000,1200,1500,Uttarakhand,Other
23/04/2026,Brinjal,35,Dehradoon,Medium,Rishikesh APMC,2000,1200,1550,Uttarakhand,Other
24/04/2026,Brinjal,35,Dehradoon,Medium,Rishikesh APMC,2000,1200,1500,Uttarakhand,Other
27/04/2026,Brinjal,35,Dehradoon,Medium,Rishikesh APMC,1500,1200,1350,Uttarakhand,Other
10/05/2026,Brinjal,35,Dehradoon,Medium,Rishikesh APMC,1500,1000,1200,Uttarakhand,Other
14/05/2026,Brinjal,35,Dehradoon,Medium,Rishikesh APMC,1500,1000,1200,Uttarakhand,Other
17/05/2026,Brinjal,35,Dehradoon,Medium,Rishikesh APMC,1500,1000,1200,Uttarakhand,Other
06/04/2026,Carrot,153,Dehradoon,Medium,Rishikesh APMC,1600,1200,1500,Uttarakhand,Other
11/04/2026,Carrot,153,Dehradoon,Medium,Rishikesh APMC,1800,1400,1500,Uttarakhand,Other
13/04/2026,Carrot,153,Dehradoon,Medium,Rishikesh APMC,1800,1400,1550,Uttarakhand,Other
01/04/2026,Pomegranate,190,Dehradoon,Medium,Rishikesh APMC,9500,5000,6800,Uttarakhand,Other
06/04/2026,Pomegranate,190,Dehradoon,Medium,Rishikesh APMC,7000,5000,6500,Uttarakhand,Other
08/04/2026,Pomegranate,190,Dehradoon,Medium,Rishikesh APMC,7200,5000,6500,Uttarakhand,Other
28/04/2026,Pomegranate,190,Dehradoon,Medium,Rishikesh APMC,11000,6000,9500,Uttarakhand,Other
06/05/2026,Pomegranate,190,Dehradoon,Medium,Rishikesh APMC,11000,7000,10500,Uttarakhand,Other
09/05/2026,Pomegranate,190,Dehradoon,Medium,Rishikesh APMC,11000,6500,10000,Uttarakhand,Other
18/05/2026,Pomegranate,190,Dehradoon,Medium,Rishikesh APMC,11000,5000,8000,Uttarakhand,Other
20/04/2026,Onion,23,Dehradoon,Medium,Rishikesh APMC,1800,1500,1700,Uttarakhand,Local
22/04/2026,Onion,23,Dehradoon,Medium,Rishikesh APMC,1500,1250,1400,Uttarakhand,Local
12/05/2026,Onion,23,Dehradoon,Medium,Rishikesh APMC,1700,1100,1550,Uttarakhand,Local
02/04/2026,Onion,23,Dehradoon,Large,Rishikesh APMC,1800,1500,1650,Uttarakhand,Other
10/04/2026,Onion,23,Dehradoon,Medium,Rishikesh APMC,1750,1600,1700,Uttarakhand,Other
13/04/2026,Onion,23,Dehradoon,Medium,Rishikesh APMC,1800,1500,1700,Uttarakhand,Other
18/04/2026,Onion,23,Dehradoon,Medium,Rishikesh APMC,1800,1500,1600,Uttarakhand,Other
23/04/2026,Onion,23,Dehradoon,Medium,Rishikesh APMC,1700,1200,1500,Uttarakhand,Other
26/04/2026,Potato,24,Dehradoon,Medium,Rishikesh APMC,610,400,500,Uttarakhand,Other
28/04/2026,Potato,24,Dehradoon,Medium,Rishikesh APMC,610,400,550,Uttarakhand,Other
13/05/2026,Potato,24,Dehradoon,Medium,Rishikesh APMC,680,450,575,Uttarakhand,Other
03/05/2026,Onion,23,Dehradoon,Medium,Rishikesh APMC,1450,1100,1300,Uttarakhand,Other
11/05/2026,Onion,23,Dehradoon,Medium,Rishikesh APMC,1700,1100,1500,Uttarakhand,Other
18/05/2026,Onion,23,Dehradoon,Medium,Rishikesh APMC,1750,1200,1550,Uttarakhand,Other
19/05/2026,Onion,23,Dehradoon,Medium,Rishikesh APMC,1700,1200,1600,Uttarakhand,Other
17/05/2026,Potato,24,Dehradoon,Medium,Rishikesh APMC,685,430,570,Uttarakhand,Other
19/05/2026,Potato,24,Dehradoon,Medium,Rishikesh APMC,685,450,550,Uttarakhand,Other
03/04/2026,Potato,24,Dehradoon,Medium,Rishikesh APMC,600,450,500,Uttarakhand,Other
05/04/2026,Potato,24,Dehradoon,Medium,Rishikesh APMC,610,450,550,Uttarakhand,Other
13/04/2026,Potato,24,Dehradoon,Medium,Rishikesh APMC,610,400,500,Uttarakhand,Other
17/04/2026,Potato,24,Dehradoon,Medium,Rishikesh APMC,600,400,550,Uttarakhand,Other
18/05/2026,French Beans(Frasbean),298,Dehradoon,Medium,Rishikesh APMC,3600,1800,2800,Uttarakhand,Other
05/04/2026,French Beans(Frasbean),298,Dehradoon,Medium,Rishikesh APMC,2250,1800,2000,Uttarakhand,Other
10/04/2026,French Beans(Frasbean),298,Dehradoon,Medium,Rishikesh APMC,2500,1500,1800,Uttarakhand,Other
16/04/2026,French Beans(Frasbean),298,Dehradoon,Medium,Rishikesh APMC,2000,1500,1800,Uttarakhand,Other
23/04/2026,French Beans(Frasbean),298,Dehradoon,Medium,Rishikesh APMC,2800,2000,2400,Uttarakhand,Other
27/04/2026,French Beans(Frasbean),298,Dehradoon,Medium,Rishikesh APMC,2500,1800,2000,Uttarakhand,Other
28/04/2026,French Beans(Frasbean),298,Dehradoon,Medium,Rishikesh APMC,2500,1800,2050,Uttarakhand,Other
03/05/2026,French Beans(Frasbean),298,Dehradoon,Medium,Rishikesh APMC,2000,1500,1875,Uttarakhand,Other
08/05/2026,French Beans(Frasbean),298,Dehradoon,Medium,Rishikesh APMC,2000,1500,1800,Uttarakhand,Other
03/04/2026,Cabbage,154,Dehradoon,Medium,Rishikesh APMC,500,300,400,Uttarakhand,Other
07/04/2026,Cabbage,154,Dehradoon,Medium,Rishikesh APMC,400,200,350,Uttarakhand,Other
14/04/2026,Cabbage,154,Dehradoon,Medium,Rishikesh APMC,300,200,250,Uttarakhand,Other
13/04/2026,Cabbage,154,Dehradoon,Medium,Rishikesh APMC,350,200,250,Uttarakhand,Other
19/04/2026,Cabbage,154,Dehradoon,Medium,Rishikesh APMC,350,250,300,Uttarakhand,Other
23/04/2026,Cabbage,154,Dehradoon,Medium,Rishikesh APMC,500,300,400,Uttarakhand,Other
29/04/2026,Cabbage,154,Dehradoon,Medium,Rishikesh APMC,400,250,300,Uttarakhand,Other
19/05/2026,Cabbage,154,Dehradoon,Medium,Rishikesh APMC,550,400,450,Uttarakhand,Other
03/02/2026,Papaya,72,Dehradoon,Medium,Vikasnagar APMC,1500,1400,1500,Uttarakhand,Papaya
22/02/2026,Pumpkin,84,Dehradoon,Medium,Vikasnagar APMC,1500,800,1500,Uttarakhand,Pumpkin
02/02/2026,Bottle gourd,82,Dehradoon,Medium,Vikasnagar APMC,1200,1000,1200,Uttarakhand,Other
04/02/2026,Bottle gourd,82,Dehradoon,Medium,Vikasnagar APMC,1200,1200,1200,Uttarakhand,Other
20/02/2026,Bottle gourd,82,Dehradoon,Medium,Vikasnagar APMC,1000,700,1000,Uttarakhand,Other
26/02/2026,Bottle gourd,82,Dehradoon,Medium,Vikasnagar APMC,1700,1200,1700,Uttarakhand,Other
08/02/2026,Bottle gourd,82,Dehradoon,Medium,Vikasnagar APMC,900,500,700,Uttarakhand,Other
15/02/2026,Bottle gourd,82,Dehradoon,Medium,Vikasnagar APMC,1000,500,1000,Uttarakhand,Other
12/02/2026,Tomato,78,Dehradoon,Medium,Vikasnagar APMC,1500,1200,1500,Uttarakhand,Other
04/02/2026,Tomato,78,Dehradoon,Medium,Vikasnagar APMC,2600,2000,2600,Uttarakhand,Other
06/02/2026,Tomato,78,Dehradoon,Medium,Vikasnagar APMC,2600,1900,2600,Uttarakhand,Other
19/02/2026,Tomato,78,Dehradoon,Medium,Vikasnagar APMC,1900,1800,1900,Uttarakhand,Other
12/02/2026,Green Chilli,87,Dehradoon,Medium,Vikasnagar APMC,4000,2000,4000,Uttarakhand,Green Chilly
11/02/2026,Green Chilli,87,Dehradoon,Medium,Vikasnagar APMC,4000,2000,3400,Uttarakhand,Green Chilly
13/02/2026,Green Chilli,87,Dehradoon,Medium,Vikasnagar APMC,2700,1500,2700,Uttarakhand,Green Chilly
23/02/2026,Ginger(Green),103,Dehradoon,Medium,Vikasnagar APMC,2500,2000,2500,Uttarakhand,Green Ginger
06/02/2026,Field Pea,64,Dehradoon,Medium,Vikasnagar APMC,1600,1300,1600,Uttarakhand,Field Pea
10/02/2026,Field Pea,64,Dehradoon,Medium,Vikasnagar APMC,2000,1500,1600,Uttarakhand,Field Pea
15/02/2026,Field Pea,64,Dehradoon,Medium,Vikasnagar APMC,1600,1200,1600,Uttarakhand,Field Pea
16/02/2026,Field Pea,64,Dehradoon,Medium,Vikasnagar APMC,1500,1200,1500,Uttarakhand,Field Pea
22/02/2026,Field Pea,64,Dehradoon,Medium,Vikasnagar APMC,1500,1200,1500,Uttarakhand,Field Pea
24/02/2026,Field Pea,64,Dehradoon,Medium,Vikasnagar APMC,2500,2500,2500,Uttarakhand,Field Pea
25/02/2026,Field Pea,64,Dehradoon,Medium,Vikasnagar APMC,3000,2500,3000,Uttarakhand,Field Pea
06/02/2026,Brinjal,35,Dehradoon,Medium,Vikasnagar APMC,1200,700,1200,Uttarakhand,Other
18/02/2026,Brinjal,35,Dehradoon,Medium,Vikasnagar APMC,800,700,800,Uttarakhand,Other
03/02/2026,Cauliflower,34,Dehradoon,Medium,Vikasnagar APMC,1500,500,800,Uttarakhand,Other
04/02/2026,Cauliflower,34,Dehradoon,Medium,Vikasnagar APMC,700,500,700,Uttarakhand,Other
06/02/2026,Cauliflower,34,Dehradoon,Medium,Vikasnagar APMC,1500,500,800,Uttarakhand,Other
13/02/2026,Cauliflower,34,Dehradoon,Medium,Vikasnagar APMC,800,500,800,Uttarakhand,Other
18/02/2026,Apple,17,Dehradoon,Medium,Vikasnagar APMC,6000,5200,6000,Uttarakhand,Other
19/02/2026,Apple,17,Dehradoon,Medium,Vikasnagar APMC,5500,5500,5500,Uttarakhand,Other
12/02/2026,Carrot,153,Dehradoon,Medium,Vikasnagar APMC,1000,800,1000,Uttarakhand,Carrot
19/02/2026,Carrot,153,Dehradoon,Medium,Vikasnagar APMC,1000,700,1000,Uttarakhand,Carrot
01/02/2026,Carrot,153,Dehradoon,Medium,Vikasnagar APMC,1500,600,1000,Uttarakhand,Carrot
02/02/2026,Carrot,153,Dehradoon,Medium,Vikasnagar APMC,800,500,800,Uttarakhand,Carrot
04/02/2026,Carrot,153,Dehradoon,Medium,Vikasnagar APMC,700,500,700,Uttarakhand,Carrot
18/02/2026,Pomegranate,190,Dehradoon,Medium,Vikasnagar APMC,5500,5000,5500,Uttarakhand,Other
09/02/2026,Cabbage,154,Dehradoon,Medium,Vikasnagar APMC,800,500,700,Uttarakhand,Other
09/02/2026,Colacasia,318,Dehradoon,Medium,Vikasnagar APMC,1600,1500,1600,Uttarakhand,Other
23/02/2026,Kinnow,336,Dehradoon,Medium,Vikasnagar APMC,2000,1300,2000,Uttarakhand,Other
13/02/2026,Colacasia,318,Dehradoon,Medium,Vikasnagar APMC,1800,1500,1800,Uttarakhand,Other
15/02/2026,Colacasia,318,Dehradoon,Medium,Vikasnagar APMC,3000,1500,2500,Uttarakhand,Other
03/02/2026,Apple,17,Dehradoon,Medium,Vikasnagar APMC,7000,5000,7000,Uttarakhand,Other
12/02/2026,Cucumbar(Kheera),159,Dehradoon,Medium,Vikasnagar APMC,2000,1500,2000,Uttarakhand,Other
19/02/2026,Cucumbar(Kheera),159,Dehradoon,Medium,Vikasnagar APMC,1500,1300,1500,Uttarakhand,Other
24/02/2026,Cucumbar(Kheera),159,Dehradoon,Medium,Vikasnagar APMC,1200,1200,1200,Uttarakhand,Other
27/02/2026,Cucumbar(Kheera),159,Dehradoon,Medium,Vikasnagar APMC,1800,1000,1800,Uttarakhand,Other
02/02/2026,Onion,23,Dehradoon,Medium,Vikasnagar APMC,800,700,800,Uttarakhand,Other
04/02/2026,Onion,23,Dehradoon,Medium,Vikasnagar APMC,1300,800,1300,Uttarakhand,Other
08/02/2026,Onion,23,Dehradoon,Medium,Vikasnagar APMC,950,800,900,Uttarakhand,Other
25/02/2026,Potato,24,Dehradoon,Medium,Vikasnagar APMC,800,600,800,Uttarakhand,Other
24/02/2026,Onion,23,Dehradoon,Medium,Vikasnagar APMC,1000,800,1000,Uttarakhand,Other
27/02/2026,Cauliflower,34,Dehradoon,Medium,Vikasnagar APMC,1500,700,1500,Uttarakhand,Other
26/02/2026,Green Chilli,87,Dehradoon,Medium,Vikasnagar APMC,3500,1200,2500,Uttarakhand,Green Chilly
27/02/2026,Green Chilli,87,Dehradoon,Medium,Vikasnagar APMC,3500,2500,3500,Uttarakhand,Green Chilly
02/02/2026,Guava,185,Dehradoon,Medium,Vikasnagar APMC,2600,1600,2600,Uttarakhand,Other
18/02/2026,Raddish,161,Dehradoon,Medium,Vikasnagar APMC,600,500,600,Uttarakhand,Other
20/02/2026,Raddish,161,Dehradoon,Medium,Vikasnagar APMC,500,300,500,Uttarakhand,Other
26/02/2026,Raddish,161,Dehradoon,Medium,Vikasnagar APMC,1200,800,1200,Uttarakhand,Other
04/02/2026,Raddish,161,Dehradoon,Medium,Vikasnagar APMC,600,500,600,Uttarakhand,Other
08/02/2026,Raddish,161,Dehradoon,Medium,Vikasnagar APMC,600,200,400,Uttarakhand,Other
06/02/2026,French Beans(Frasbean),298,Dehradoon,Medium,Vikasnagar APMC,2400,2000,2400,Uttarakhand,Other
12/02/2026,French Beans(Frasbean),298,Dehradoon,Medium,Vikasnagar APMC,2200,1800,2200,Uttarakhand,Other
21/01/2026,Apple,17,Dehradoon,Medium,Vikasnagar APMC,6500,4500,6500,Uttarakhand,Other
15/01/2026,Potato,24,Dehradoon,Medium,Vikasnagar APMC,1000,500,1000,Uttarakhand,Other
08/01/2026,Cauliflower,34,Dehradoon,Medium,Vikasnagar APMC,500,300,500,Uttarakhand,Other
14/01/2026,Brinjal,35,Dehradoon,Medium,Vikasnagar APMC,600,500,600,Uttarakhand,Other
23/01/2026,Brinjal,35,Dehradoon,Medium,Vikasnagar APMC,1200,700,1200,Uttarakhand,Other
18/01/2026,Cauliflower,34,Dehradoon,Medium,Vikasnagar APMC,500,500,500,Uttarakhand,Other
25/01/2026,Brinjal,35,Dehradoon,Medium,Vikasnagar APMC,1200,700,1200,Uttarakhand,Other
22/01/2026,Cauliflower,34,Dehradoon,Medium,Vikasnagar APMC,800,500,800,Uttarakhand,Other
28/01/2026,Cauliflower,34,Dehradoon,Medium,Vikasnagar APMC,400,200,400,Uttarakhand,Other
29/01/2026,Cauliflower,34,Dehradoon,Medium,Vikasnagar APMC,1400,300,500,Uttarakhand,Other
05/01/2026,Onion,23,Dehradoon,Medium,Vikasnagar APMC,700,500,700,Uttarakhand,Other
06/01/2026,Onion,23,Dehradoon,Medium,Vikasnagar APMC,1400,1100,1400,Uttarakhand,Other
25/01/2026,Onion,23,Dehradoon,Medium,Vikasnagar APMC,1000,1000,1000,Uttarakhand,Other
05/01/2026,Field Pea,64,Dehradoon,Medium,Vikasnagar APMC,2000,1200,2000,Uttarakhand,Field Pea
06/01/2026,Field Pea,64,Dehradoon,Medium,Vikasnagar APMC,2500,2000,2500,Uttarakhand,Field Pea
13/01/2026,Field Pea,64,Dehradoon,Medium,Vikasnagar APMC,1200,1200,1200,Uttarakhand,Field Pea
16/01/2026,Field Pea,64,Dehradoon,Medium,Vikasnagar APMC,2500,2000,2500,Uttarakhand,Field Pea
07/01/2026,Tomato,78,Dehradoon,Medium,Vikasnagar APMC,2000,1000,1500,Uttarakhand,Local
09/01/2026,Green Chilli,87,Dehradoon,Medium,Vikasnagar APMC,2600,1200,2600,Uttarakhand,Green Chilly
21/01/2026,Green Chilli,87,Dehradoon,Medium,Vikasnagar APMC,2500,1000,2500,Uttarakhand,Green Chilly
01/01/2026,Cucumbar(Kheera),159,Dehradoon,Medium,Vikasnagar APMC,800,700,800,Uttarakhand,Other
04/01/2026,Cucumbar(Kheera),159,Dehradoon,Medium,Vikasnagar APMC,1500,1000,1500,Uttarakhand,Other
23/01/2026,Cucumbar(Kheera),159,Dehradoon,Medium,Vikasnagar APMC,1000,800,1000,Uttarakhand,Other
26/01/2026,Cucumbar(Kheera),159,Dehradoon,Medium,Vikasnagar APMC,1500,1000,1500,Uttarakhand,Other
27/01/2026,Ginger(Green),103,Dehradoon,Medium,Vikasnagar APMC,2500,2000,2500,Uttarakhand,Green Ginger
15/01/2026,Pumpkin,84,Dehradoon,Medium,Vikasnagar APMC,800,500,800,Uttarakhand,Pumpkin
28/01/2026,Pumpkin,84,Dehradoon,Medium,Vikasnagar APMC,500,200,500,Uttarakhand,Pumpkin
23/01/2026,Tomato,78,Dehradoon,Medium,Vikasnagar APMC,2500,1900,2500,Uttarakhand,Other
25/01/2026,Tomato,78,Dehradoon,Medium,Vikasnagar APMC,1800,1800,1800,Uttarakhand,Other
23/01/2026,Green Chilli,87,Dehradoon,Medium,Vikasnagar APMC,2500,1200,2500,Uttarakhand,Green Chilly
07/01/2026,Kinnow,336,Dehradoon,Medium,Vikasnagar APMC,2200,1800,2200,Uttarakhand,Other
21/01/2026,Kinnow,336,Dehradoon,Medium,Vikasnagar APMC,2000,1700,2000,Uttarakhand,Other
19/01/2026,Colacasia,318,Dehradoon,Medium,Vikasnagar APMC,1900,1300,1900,Uttarakhand,Other
28/01/2026,Pomegranate,190,Dehradoon,Medium,Vikasnagar APMC,5000,3000,5000,Uttarakhand,Other
09/01/2026,Raddish,161,Dehradoon,Medium,Vikasnagar APMC,600,300,600,Uttarakhand,Other
15/01/2026,Raddish,161,Dehradoon,Medium,Vikasnagar APMC,800,300,500,Uttarakhand,Other
16/01/2026,Raddish,161,Dehradoon,Medium,Vikasnagar APMC,800,500,800,Uttarakhand,Other
25/01/2026,Raddish,161,Dehradoon,Medium,Vikasnagar APMC,800,500,800,Uttarakhand,Other
26/01/2026,Raddish,161,Dehradoon,Medium,Vikasnagar APMC,1200,400,1200,Uttarakhand,Other
25/01/2026,French Beans(Frasbean),298,Dehradoon,Medium,Vikasnagar APMC,2000,2000,2000,Uttarakhand,Other
27/01/2026,French Beans(Frasbean),298,Dehradoon,Medium,Vikasnagar APMC,2500,1900,2500,Uttarakhand,Other
02/01/2026,Bottle gourd,82,Dehradoon,Medium,Vikasnagar APMC,700,600,700,Uttarakhand,Other
20/01/2026,Guava,185,Dehradoon,Medium,Vikasnagar APMC,1900,1400,1900,Uttarakhand,Other
30/01/2026,Carrot,153,Dehradoon,Medium,Vikasnagar APMC,1500,800,1000,Uttarakhand,Carrot
08/01/2026,Carrot,153,Dehradoon,Medium,Vikasnagar APMC,500,400,500,Uttarakhand,Carrot
13/01/2026,Carrot,153,Dehradoon,Medium,Vikasnagar APMC,800,500,800,Uttarakhand,Carrot
16/01/2026,Carrot,153,Dehradoon,Medium,Vikasnagar APMC,1000,700,1000,Uttarakhand,Carrot
26/01/2026,Carrot,153,Dehradoon,Medium,Vikasnagar APMC,1000,600,1000,Uttarakhand,Carrot
01/01/2026,Carrot,153,Dehradoon,Medium,Vikasnagar APMC,900,800,900,Uttarakhand,Carrot
04/01/2026,Carrot,153,Dehradoon,Medium,Vikasnagar APMC,1200,600,1000,Uttarakhand,Carrot
11/12/2025,Ginger(Green),103,Dehradoon,Medium,Vikasnagar APMC,2500,1400,2500,Uttarakhand,Green Ginger
15/12/2025,Ginger(Green),103,Dehradoon,Medium,Vikasnagar APMC,2500,1200,2000,Uttarakhand,Green Ginger
17/12/2025,Ginger(Green),103,Dehradoon,FAQ,Vikasnagar APMC,2100,1800,2100,Uttarakhand,Green Ginger
07/01/2026,Ginger(Green),103,Dehradoon,Medium,Vikasnagar APMC,2000,1000,1500,Uttarakhand,Green Ginger
28/12/2025,Ginger(Green),103,Dehradoon,Medium,Vikasnagar APMC,2400,2400,2400,Uttarakhand,Green Ginger
03/12/2025,Colacasia,318,Dehradoon,Medium,Vikasnagar APMC,1800,1400,1800,Uttarakhand,Other
05/12/2025,Colacasia,318,Dehradoon,Medium,Vikasnagar APMC,2000,1500,2000,Uttarakhand,Other
21/12/2025,Onion,23,Dehradoon,Medium,Vikasnagar APMC,1500,600,1500,Uttarakhand,Other
21/12/2025,Brinjal,35,Dehradoon,Medium,Vikasnagar APMC,800,500,800,Uttarakhand,Other
22/12/2025,Brinjal,35,Dehradoon,Medium,Vikasnagar APMC,1200,500,1000,Uttarakhand,Other
25/12/2025,Brinjal,35,Dehradoon,Medium,Vikasnagar APMC,1200,600,1200,Uttarakhand,Other
03/12/2025,Cauliflower,34,Dehradoon,Medium,Vikasnagar APMC,2200,500,800,Uttarakhand,Other
07/12/2025,Cauliflower,34,Dehradoon,Medium,Vikasnagar APMC,1700,600,1000,Uttarakhand,Other
16/12/2025,Cauliflower,34,Dehradoon,Medium,Vikasnagar APMC,1200,1000,1200,Uttarakhand,Other
01/12/2025,Onion,23,Dehradoon,Medium,Vikasnagar APMC,700,700,700,Uttarakhand,Other
08/12/2025,Onion,23,Dehradoon,Medium,Vikasnagar APMC,800,700,800,Uttarakhand,Other
04/12/2025,Onion,23,Dehradoon,Medium,Vikasnagar APMC,700,700,700,Uttarakhand,Other
31/12/2025,Onion,23,Dehradoon,Medium,Vikasnagar APMC,900,700,900,Uttarakhand,Other
14/12/2025,Onion,23,Dehradoon,Medium,Vikasnagar APMC,800,700,800,Uttarakhand,Other
23/12/2025,Onion,23,Dehradoon,Medium,Vikasnagar APMC,1500,900,1200,Uttarakhand,Other
22/12/2025,Cauliflower,34,Dehradoon,Medium,Vikasnagar APMC,1200,500,1000,Uttarakhand,Other
30/12/2025,Cauliflower,34,Dehradoon,Medium,Vikasnagar APMC,900,500,900,Uttarakhand,Other
12/12/2025,French Beans(Frasbean),298,Dehradoon,Medium,Vikasnagar APMC,2500,1800,2500,Uttarakhand,Other
16/12/2025,French Beans(Frasbean),298,Dehradoon,Medium,Vikasnagar APMC,2500,1500,2000,Uttarakhand,Other
23/12/2025,French Beans(Frasbean),298,Dehradoon,Medium,Vikasnagar APMC,2500,2000,2500,Uttarakhand,Other
03/12/2025,Green Chilli,87,Dehradoon,Medium,Vikasnagar APMC,2400,1000,2400,Uttarakhand,Green Chilly
04/12/2025,Green Chilli,87,Dehradoon,Medium,Vikasnagar APMC,2300,1000,2000,Uttarakhand,Green Chilly
07/12/2025,Raddish,161,Dehradoon,Medium,Vikasnagar APMC,500,300,500,Uttarakhand,Other
16/12/2025,Raddish,161,Dehradoon,Medium,Vikasnagar APMC,1000,800,1000,Uttarakhand,Other
29/12/2025,Raddish,161,Dehradoon,Medium,Vikasnagar APMC,500,500,500,Uttarakhand,Other
26/12/2025,Carrot,153,Dehradoon,Medium,Vikasnagar APMC,900,600,900,Uttarakhand,Carrot
30/12/2025,Carrot,153,Dehradoon,Medium,Vikasnagar APMC,1000,800,1000,Uttarakhand,Carrot
03/12/2025,Carrot,153,Dehradoon,Medium,Vikasnagar APMC,1000,900,1000,Uttarakhand,Carrot
23/12/2025,Carrot,153,Dehradoon,Medium,Vikasnagar APMC,1200,1000,1200,Uttarakhand,Carrot
11/12/2025,Green Chilli,87,Dehradoon,Medium,Vikasnagar APMC,3000,2500,3000,Uttarakhand,Green Chilly
16/12/2025,Green Chilli,87,Dehradoon,Medium,Vikasnagar APMC,2500,2000,2500,Uttarakhand,Green Chilly
30/12/2025,Pumpkin,84,Dehradoon,Medium,Vikasnagar APMC,600,500,600,Uttarakhand,Pumpkin
12/12/2025,Bottle gourd,82,Dehradoon,Medium,Vikasnagar APMC,1500,1200,1500,Uttarakhand,Other
16/12/2025,Bottle gourd,82,Dehradoon,Medium,Vikasnagar APMC,1500,1500,1500,Uttarakhand,Other
30/12/2025,Bottle gourd,82,Dehradoon,Medium,Vikasnagar APMC,700,600,700,Uttarakhand,Other
08/12/2025,Field Pea,64,Dehradoon,Medium,Vikasnagar APMC,2500,2000,2500,Uttarakhand,Field Pea
05/12/2025,Field Pea,64,Dehradoon,Medium,Vikasnagar APMC,4000,1500,3000,Uttarakhand,Field Pea
09/12/2025,Field Pea,64,Dehradoon,Medium,Vikasnagar APMC,3000,1400,2500,Uttarakhand,Field Pea
04/12/2025,Field Pea,64,Dehradoon,Medium,Vikasnagar APMC,4000,3000,4000,Uttarakhand,Field Pea
16/12/2025,Field Pea,64,Dehradoon,Medium,Vikasnagar APMC,3500,2500,3500,Uttarakhand,Field Pea
21/12/2025,Field Pea,64,Dehradoon,Medium,Vikasnagar APMC,5870,1500,2500,Uttarakhand,Field Pea
22/12/2025,Field Pea,64,Dehradoon,Medium,Vikasnagar APMC,3000,2000,2500,Uttarakhand,Field Pea
26/12/2025,Field Pea,64,Dehradoon,Medium,Vikasnagar APMC,3200,2100,3200,Uttarakhand,Field Pea
25/12/2025,Papaya,72,Dehradoon,Medium,Vikasnagar APMC,1500,1200,1500,Uttarakhand,Papaya
26/12/2025,Green Chilli,87,Dehradoon,Medium,Vikasnagar APMC,2100,1000,1500,Uttarakhand,Green Chilly
07/12/2025,Potato,24,Dehradoon,Medium,Vikasnagar APMC,1000,500,700,Uttarakhand,Other
17/12/2025,Banana,19,Dehradoon,Medium,Vikasnagar APMC,700,600,700,Uttarakhand,Other
24/12/2025,Papaya,72,Dehradoon,Medium,Vikasnagar APMC,2000,1200,2000,Uttarakhand,Papaya
11/12/2025,Tomato,78,Dehradoon,Medium,Vikasnagar APMC,1800,1500,1800,Uttarakhand,Other
21/12/2025,Tomato,78,Dehradoon,Medium,Vikasnagar APMC,2000,1500,1800,Uttarakhand,Other
25/12/2025,Tomato,78,Dehradoon,Medium,Vikasnagar APMC,1500,500,1500,Uttarakhand,Other
19/12/2025,Potato,24,Dehradoon,Medium,Vikasnagar APMC,900,500,900,Uttarakhand,Other
25/12/2025,Potato,24,Dehradoon,Medium,Vikasnagar APMC,500,400,500,Uttarakhand,Other
30/12/2025,Tomato,78,Dehradoon,Medium,Vikasnagar APMC,1400,1000,1200,Uttarakhand,Other
02/12/2025,Guava,185,Dehradoon,Medium,Vikasnagar APMC,2300,1800,2300,Uttarakhand,Other
24/12/2025,Green Chilli,87,Dehradoon,Medium,Vikasnagar APMC,2500,500,1500,Uttarakhand,Green Chilly
29/12/2025,Cucumbar(Kheera),159,Dehradoon,Medium,Vikasnagar APMC,800,500,800,Uttarakhand,Other
15/12/2025,Cucumbar(Kheera),159,Dehradoon,Medium,Vikasnagar APMC,1100,800,1100,Uttarakhand,Other
22/12/2025,Pumpkin,84,Dehradoon,Medium,Vikasnagar APMC,1000,500,800,Uttarakhand,Pumpkin
09/12/2025,Mousambi(Sweet Lime),77,Dehradoon,Medium,Vikasnagar APMC,1800,1500,1800,Uttarakhand,Other
18/12/2025,Apple,17,Dehradoon,Medium,Vikasnagar APMC,4000,3800,4000,Uttarakhand,Other
14/12/2025,Potato,24,Dehradoon,FAQ,Vikasnagar APMC,950,800,900,Uttarakhand,Other
14/11/2025,Colacasia,318,Dehradoon,Medium,Vikasnagar APMC,1800,1800,1800,Uttarakhand,Other
26/11/2025,Colacasia,318,Dehradoon,Medium,Vikasnagar APMC,1500,1500,1500,Uttarakhand,Other
13/11/2025,Colacasia,318,Dehradoon,FAQ,Vikasnagar APMC,2200,1500,2200,Uttarakhand,Other
20/11/2025,French Beans(Frasbean),298,Dehradoon,Medium,Vikasnagar APMC,3500,2100,3000,Uttarakhand,Other
21/11/2025,French Beans(Frasbean),298,Dehradoon,Medium,Vikasnagar APMC,2500,2200,2500,Uttarakhand,Other
23/11/2025,French Beans(Frasbean),298,Dehradoon,Medium,Vikasnagar APMC,2400,1800,2100,Uttarakhand,Other
13/11/2025,French Beans(Frasbean),298,Dehradoon,FAQ,Vikasnagar APMC,2400,2100,2400,Uttarakhand,Other
18/11/2025,Papaya,72,Dehradoon,Medium,Vikasnagar APMC,2200,1600,2000,Uttarakhand,Papaya
24/11/2025,Green Chilli,87,Dehradoon,Medium,Vikasnagar APMC,2500,1000,2000,Uttarakhand,Green Chilly
20/11/2025,Green Chilli,87,Dehradoon,Medium,Vikasnagar APMC,2500,2400,2500,Uttarakhand,Green Chilly
26/11/2025,Green Chilli,87,Dehradoon,Medium,Vikasnagar APMC,2300,1200,1500,Uttarakhand,Green Chilly
30/11/2025,Bhindi(Ladies Finger),85,Dehradoon,Medium,Vikasnagar APMC,1600,900,1300,Uttarakhand,Other
09/11/2025,Pumpkin,84,Dehradoon,Medium,Vikasnagar APMC,1014,1014,1014,Uttarakhand,Pumpkin
04/11/2025,Kinnow,336,Dehradoon,Medium,Vikasnagar APMC,2400,2400,2400,Uttarakhand,Other
17/11/2025,Apple,17,Dehradoon,Medium,Vikasnagar APMC,3400,2400,3400,Uttarakhand,Other
26/11/2025,Apple,17,Dehradoon,Medium,Vikasnagar APMC,6500,4500,5500,Uttarakhand,Other
20/11/2025,Apple,17,Dehradoon,Medium,Vikasnagar APMC,6500,5500,6500,Uttarakhand,Other
23/11/2025,Tomato,78,Dehradoon,Medium,Vikasnagar APMC,2100,900,1800,Uttarakhand,Other
27/11/2025,Bottle gourd,82,Dehradoon,FAQ,Vikasnagar APMC,2000,1000,1500,Uttarakhand,Other
17/11/2025,Bottle gourd,82,Dehradoon,Medium,Vikasnagar APMC,1200,800,1000,Uttarakhand,Other
10/11/2025,Brinjal,35,Dehradoon,Medium,Vikasnagar APMC,1200,800,1000,Uttarakhand,Other
13/11/2025,Brinjal,35,Dehradoon,FAQ,Vikasnagar APMC,1400,1000,1200,Uttarakhand,Other
27/11/2025,Field Pea,64,Dehradoon,FAQ,Vikasnagar APMC,3500,2000,3500,Uttarakhand,Field Pea
30/11/2025,Field Pea,64,Dehradoon,Medium,Vikasnagar APMC,3200,2500,3200,Uttarakhand,Field Pea
28/11/2025,Field Pea,64,Dehradoon,FAQ,Vikasnagar APMC,2800,2400,2600,Uttarakhand,Field Pea
27/11/2025,Pumpkin,84,Dehradoon,FAQ,Vikasnagar APMC,1000,500,800,Uttarakhand,Pumpkin
12/11/2025,Tomato,78,Dehradoon,Medium,Vikasnagar APMC,1800,1600,1800,Uttarakhand,Other
05/11/2025,Tomato,78,Dehradoon,Non-FAQ,Vikasnagar APMC,2500,1500,2500,Uttarakhand,Other
11/11/2025,Bottle gourd,82,Dehradoon,Medium,Vikasnagar APMC,1200,800,1000,Uttarakhand,Other
02/11/2025,Tomato,78,Dehradoon,Non-FAQ,Vikasnagar APMC,2600,1900,2600,Uttarakhand,Other
03/11/2025,Tomato,78,Dehradoon,Non-FAQ,Vikasnagar APMC,2400,1800,2400,Uttarakhand,Other
06/11/2025,Sponge gourd,311,Dehradoon,FAQ,Vikasnagar APMC,1200,1000,1100,Uttarakhand,Other
27/11/2025,Sponge gourd,311,Dehradoon,FAQ,Vikasnagar APMC,1500,1200,1500,Uttarakhand,Other
10/11/2025,Cucumbar(Kheera),159,Dehradoon,Medium,Vikasnagar APMC,1200,1000,1200,Uttarakhand,Other
13/11/2025,Cucumbar(Kheera),159,Dehradoon,FAQ,Vikasnagar APMC,1000,500,1000,Uttarakhand,Other
04/11/2025,Cucumbar(Kheera),159,Dehradoon,FAQ,Vikasnagar APMC,1200,500,1200,Uttarakhand,Other
06/11/2025,Cucumbar(Kheera),159,Dehradoon,FAQ,Vikasnagar APMC,1200,1000,1200,Uttarakhand,Other
04/11/2025,Raddish,161,Dehradoon,FAQ,Vikasnagar APMC,800,500,800,Uttarakhand,Other
10/11/2025,Raddish,161,Dehradoon,Medium,Vikasnagar APMC,800,800,800,Uttarakhand,Other
05/11/2025,Raddish,161,Dehradoon,FAQ,Vikasnagar APMC,700,500,700,Uttarakhand,Other
11/11/2025,Green Chilli,87,Dehradoon,Medium,Vikasnagar APMC,2500,1400,2000,Uttarakhand,Green Chilly
10/11/2025,Green Chilli,87,Dehradoon,Medium,Vikasnagar APMC,2500,1400,2000,Uttarakhand,Green Chilly
17/11/2025,Cucumbar(Kheera),159,Dehradoon,Medium,Vikasnagar APMC,1200,800,1000,Uttarakhand,Other
02/11/2025,Papaya,72,Dehradoon,Medium,Vikasnagar APMC,2100,1000,2100,Uttarakhand,Other
06/11/2025,Pumpkin,84,Dehradoon,FAQ,Vikasnagar APMC,1200,700,1000,Uttarakhand,Other
02/11/2025,Guava,185,Dehradoon,Medium,Vikasnagar APMC,2500,1800,2500,Uttarakhand,Other
20/11/2025,Guava,185,Dehradoon,Medium,Vikasnagar APMC,2400,2100,2400,Uttarakhand,Other
26/11/2025,Potato,24,Dehradoon,Medium,Vikasnagar APMC,1200,1100,1200,Uttarakhand,Other
30/11/2025,Potato,24,Dehradoon,Medium,Vikasnagar APMC,1200,700,1000,Uttarakhand,Other
27/11/2025,Onion,23,Dehradoon,FAQ,Vikasnagar APMC,1000,800,1000,Uttarakhand,Other
14/11/2025,Ginger(Green),103,Dehradoon,Medium,Vikasnagar APMC,2000,1700,2000,Uttarakhand,Green Ginger
18/11/2025,Ginger(Green),103,Dehradoon,Medium,Vikasnagar APMC,2200,1500,2000,Uttarakhand,Green Ginger
19/11/2025,Ginger(Green),103,Dehradoon,Medium,Vikasnagar APMC,2200,900,2000,Uttarakhand,Green Ginger
26/11/2025,Ginger(Green),103,Dehradoon,Medium,Vikasnagar APMC,2500,2100,2300,Uttarakhand,Green Ginger
25/03/2026,Grapes,22,Dehradoon,Medium,Vikasnagar APMC,4000,2800,4000,Uttarakhand,Other
26/03/2026,Grapes,22,Dehradoon,Medium,Vikasnagar APMC,3400,2200,3400,Uttarakhand,Other
10/03/2026,Apple,17,Dehradoon,Medium,Vikasnagar APMC,5000,3200,5000,Uttarakhand,Other
26/03/2026,Potato,24,Dehradoon,Medium,Vikasnagar APMC,2000,350,700,Uttarakhand,Other
09/03/2026,Potato,24,Dehradoon,Medium,Vikasnagar APMC,800,500,800,Uttarakhand,Other
08/03/2026,Pomegranate,190,Dehradoon,Medium,Vikasnagar APMC,6500,5500,6500,Uttarakhand,Other
13/03/2026,Pomegranate,190,Dehradoon,Medium,Vikasnagar APMC,3000,2500,3000,Uttarakhand,Other
13/03/2026,Onion,23,Dehradoon,Medium,Vikasnagar APMC,1500,1200,1500,Uttarakhand,Other
15/03/2026,Onion,23,Dehradoon,Medium,Vikasnagar APMC,1500,1200,1500,Uttarakhand,Other
08/03/2026,French Beans(Frasbean),298,Dehradoon,Medium,Vikasnagar APMC,2900,2500,2900,Uttarakhand,Other
02/03/2026,Ginger(Green),103,Dehradoon,Medium,Vikasnagar APMC,5500,4500,5500,Uttarakhand,Green Ginger
09/03/2026,Ginger(Green),103,Dehradoon,Medium,Vikasnagar APMC,2600,2500,2600,Uttarakhand,Green Ginger
06/03/2026,Ginger(Green),103,Dehradoon,Medium,Vikasnagar APMC,2600,2500,2600,Uttarakhand,Green Ginger
11/03/2026,Ginger(Green),103,Dehradoon,Medium,Vikasnagar APMC,2600,2500,2600,Uttarakhand,Green Ginger
19/03/2026,Ginger(Green),103,Dehradoon,Medium,Vikasnagar APMC,2500,1500,2500,Uttarakhand,Green Ginger
26/03/2026,Green Chilli,87,Dehradoon,Medium,Vikasnagar APMC,4500,1800,3500,Uttarakhand,Green Chilly
27/03/2026,Green Chilli,87,Dehradoon,Medium,Vikasnagar APMC,7000,2000,5000,Uttarakhand,Green Chilly
15/03/2026,Pumpkin,84,Dehradoon,Medium,Vikasnagar APMC,800,700,800,Uttarakhand,Pumpkin
15/03/2026,Brinjal,35,Dehradoon,Medium,Vikasnagar APMC,1800,1500,1800,Uttarakhand,Other
18/03/2026,Brinjal,35,Dehradoon,Medium,Vikasnagar APMC,1800,1200,1800,Uttarakhand,Other
22/03/2026,Brinjal,35,Dehradoon,Medium,Vikasnagar APMC,1500,800,1500,Uttarakhand,Other
13/03/2026,Papaya,72,Dehradoon,Medium,Vikasnagar APMC,2000,1500,2000,Uttarakhand,Papaya
25/03/2026,Papaya,72,Dehradoon,Medium,Vikasnagar APMC,2500,1600,2500,Uttarakhand,Papaya
05/03/2026,Bottle gourd,82,Dehradoon,Medium,Vikasnagar APMC,1100,800,1100,Uttarakhand,Other
18/03/2026,Bottle gourd,82,Dehradoon,Medium,Vikasnagar APMC,1500,1200,1500,Uttarakhand,Other
17/03/2026,Bottle gourd,82,Dehradoon,Medium,Vikasnagar APMC,1500,1000,1500,Uttarakhand,Other
09/03/2026,Tomato,78,Dehradoon,Medium,Vikasnagar APMC,2000,1500,2000,Uttarakhand,Other
17/03/2026,Tomato,78,Dehradoon,Medium,Vikasnagar APMC,1400,1000,1400,Uttarakhand,Other
11/03/2026,Green Chilli,87,Dehradoon,Medium,Vikasnagar APMC,2500,1500,2500,Uttarakhand,Green Chilly
12/03/2026,Green Chilli,87,Dehradoon,Medium,Vikasnagar APMC,4500,1800,4500,Uttarakhand,Green Chilly
20/03/2026,Green Chilli,87,Dehradoon,Medium,Vikasnagar APMC,5800,2000,3500,Uttarakhand,Green Chilly
16/03/2026,Green Chilli,87,Dehradoon,Medium,Vikasnagar APMC,3500,1200,2500,Uttarakhand,Green Chilly
22/03/2026,Green Chilli,87,Dehradoon,Medium,Vikasnagar APMC,2800,1500,2800,Uttarakhand,Green Chilly
08/03/2026,Mousambi(Sweet Lime),77,Dehradoon,Medium,Vikasnagar APMC,1700,1500,1700,Uttarakhand,Other
08/03/2026,Banana,19,Dehradoon,Medium,Vikasnagar APMC,900,700,900,Uttarakhand,Other
12/03/2026,Banana,19,Dehradoon,Medium,Vikasnagar APMC,800,700,800,Uttarakhand,Other
08/03/2026,Grapes,22,Dehradoon,Medium,Vikasnagar APMC,5500,5000,5500,Uttarakhand,Other
20/03/2026,Potato,24,Dehradoon,Medium,Vikasnagar APMC,500,400,500,Uttarakhand,Other
12/03/2026,Cauliflower,34,Dehradoon,Medium,Vikasnagar APMC,500,300,500,Uttarakhand,Other
20/03/2026,Cauliflower,34,Dehradoon,Medium,Vikasnagar APMC,1500,500,1000,Uttarakhand,Other
16/03/2026,Cauliflower,34,Dehradoon,Medium,Vikasnagar APMC,1000,500,1000,Uttarakhand,Other
02/03/2026,Colacasia,318,Dehradoon,Medium,Vikasnagar APMC,3500,2500,3500,Uttarakhand,Other
12/03/2026,Colacasia,318,Dehradoon,Medium,Vikasnagar APMC,1600,1400,1600,Uttarakhand,Other
09/03/2026,Kinnow,336,Dehradoon,Medium,Vikasnagar APMC,1800,1600,1800,Uttarakhand,Other
25/03/2026,Kinnow,336,Dehradoon,Medium,Vikasnagar APMC,2400,1600,2400,Uttarakhand,Other
17/03/2026,Carrot,153,Dehradoon,Medium,Vikasnagar APMC,1200,800,1200,Uttarakhand,Carrot
18/03/2026,Carrot,153,Dehradoon,Medium,Vikasnagar APMC,1200,900,1200,Uttarakhand,Carrot
25/03/2026,Carrot,153,Dehradoon,Medium,Vikasnagar APMC,1200,800,1200,Uttarakhand,Carrot
02/03/2026,Field Pea,64,Dehradoon,Medium,Vikasnagar APMC,3500,2500,3500,Uttarakhand,Field Pea
10/03/2026,Field Pea,64,Dehradoon,Medium,Vikasnagar APMC,1600,1500,1600,Uttarakhand,Field Pea
18/03/2026,Field Pea,64,Dehradoon,Medium,Vikasnagar APMC,2500,1200,2500,Uttarakhand,Field Pea
27/03/2026,Cucumbar(Kheera),159,Dehradoon,Medium,Vikasnagar APMC,1200,1200,1200,Uttarakhand,Other
18/03/2026,Cucumbar(Kheera),159,Dehradoon,Medium,Vikasnagar APMC,1200,1000,1200,Uttarakhand,Other
03/03/2026,Cauliflower,34,Dehradoon,Medium,Vikasnagar APMC,800,500,800,Uttarakhand,Other
10/03/2026,Brinjal,35,Dehradoon,Medium,Vikasnagar APMC,1200,1000,1200,Uttarakhand,Other
08/03/2026,Brinjal,35,Dehradoon,Medium,Vikasnagar APMC,1500,1000,1500,Uttarakhand,Other
17/03/2026,Cucumbar(Kheera),159,Dehradoon,Medium,Vikasnagar APMC,1200,1000,1200,Uttarakhand,Other
06/03/2026,Carrot,153,Dehradoon,Medium,Vikasnagar APMC,900,700,900,Uttarakhand,Carrot
24/03/2026,Carrot,153,Dehradoon,Medium,Vikasnagar APMC,800,500,800,Uttarakhand,Carrot
15/03/2026,Carrot,153,Dehradoon,Medium,Vikasnagar APMC,1200,900,1200,Uttarakhand,Carrot
31/03/2026,Cucumbar(Kheera),159,Dehradoon,Medium,Vikasnagar APMC,1300,700,1300,Uttarakhand,Other
07/04/2026,Green Chilli,87,Dehradoon,Medium,Vikasnagar APMC,2000,1200,2000,Uttarakhand,Green Chilly
05/04/2026,Green Chilli,87,Dehradoon,Medium,Vikasnagar APMC,2500,1500,2500,Uttarakhand,Green Chilly
08/04/2026,Green Chilli,87,Dehradoon,Medium,Vikasnagar APMC,2200,1200,2200,Uttarakhand,Green Chilly
17/04/2026,Green Chilli,87,Dehradoon,FAQ,Vikasnagar APMC,2200,2000,2200,Uttarakhand,Green Chilly
19/04/2026,Green Chilli,87,Dehradoon,Medium,Vikasnagar APMC,2500,1800,2500,Uttarakhand,Green Chilly
27/04/2026,Papaya,72,Dehradoon,Medium,Vikasnagar APMC,3000,2500,3000,Uttarakhand,Papaya
05/05/2026,Ginger(Green),103,Dehradoon,Medium,Vikasnagar APMC,3200,2400,3200,Uttarakhand,Green Ginger
06/05/2026,Ginger(Green),103,Dehradoon,Medium,Vikasnagar APMC,4000,3000,4000,Uttarakhand,Green Ginger
08/05/2026,Papaya,72,Dehradoon,Medium,Vikasnagar APMC,2000,1400,2000,Uttarakhand,Papaya
09/04/2026,Water Melon,73,Dehradoon,Medium,Vikasnagar APMC,800,700,800,Uttarakhand,Other
14/04/2026,Water Melon,73,Dehradoon,Medium,Vikasnagar APMC,800,800,800,Uttarakhand,Other
10/05/2026,Water Melon,73,Dehradoon,Medium,Vikasnagar APMC,800,500,800,Uttarakhand,Other
15/05/2026,Water Melon,73,Dehradoon,Medium,Vikasnagar APMC,1000,500,1000,Uttarakhand,Other
30/04/2026,Ginger(Green),103,Dehradoon,Medium,Vikasnagar APMC,3200,2200,3200,Uttarakhand,Green Ginger
01/04/2026,Green Chilli,87,Dehradoon,Medium,Vikasnagar APMC,3500,1300,2500,Uttarakhand,Green Chilly
20/04/2026,Green Chilli,87,Dehradoon,Medium,Vikasnagar APMC,2500,2000,2500,Uttarakhand,Green Chilly
23/04/2026,Green Chilli,87,Dehradoon,Medium,Vikasnagar APMC,2200,2000,2200,Uttarakhand,Green Chilly
28/04/2026,Green Chilli,87,Dehradoon,Medium,Vikasnagar APMC,2000,1700,2000,Uttarakhand,Green Chilly
03/05/2026,Tomato,78,Dehradoon,Medium,Vikasnagar APMC,2000,1400,2000,Uttarakhand,Other
05/05/2026,Tomato,78,Dehradoon,Medium,Vikasnagar APMC,1200,1000,1200,Uttarakhand,Other
06/05/2026,Tomato,78,Dehradoon,Medium,Vikasnagar APMC,2000,1200,2000,Uttarakhand,Other
08/05/2026,Tomato,78,Dehradoon,Medium,Vikasnagar APMC,1500,1000,1500,Uttarakhand,Other
11/05/2026,Tomato,78,Dehradoon,Medium,Vikasnagar APMC,1200,800,1200,Uttarakhand,Other
12/05/2026,Tomato,78,Dehradoon,Medium,Vikasnagar APMC,1000,700,1000,Uttarakhand,Other
13/05/2026,Tomato,78,Dehradoon,Medium,Vikasnagar APMC,1000,800,1000,Uttarakhand,Other
08/04/2026,Bitter gourd,81,Dehradoon,Medium,Vikasnagar APMC,1800,1200,1800,Uttarakhand,Other
26/04/2026,Bitter gourd,81,Dehradoon,Medium,Vikasnagar APMC,1600,1000,1600,Uttarakhand,Other
10/05/2026,Bitter gourd,81,Dehradoon,Medium,Vikasnagar APMC,1300,1200,1300,Uttarakhand,Other
08/04/2026,Bhindi(Ladies Finger),85,Dehradoon,Medium,Vikasnagar APMC,1500,1200,1500,Uttarakhand,Other
13/04/2026,Bhindi(Ladies Finger),85,Dehradoon,Medium,Vikasnagar APMC,2400,1200,2400,Uttarakhand,Other
09/04/2026,Tomato,78,Dehradoon,Medium,Vikasnagar APMC,1000,700,1000,Uttarakhand,Other
17/04/2026,Tomato,78,Dehradoon,FAQ,Vikasnagar APMC,1200,1000,1200,Uttarakhand,Other
19/04/2026,Tomato,78,Dehradoon,Medium,Vikasnagar APMC,1200,1000,1200,Uttarakhand,Other
01/05/2026,Garlic,25,Dehradoon,Grade Range-2,Vikasnagar APMC,9000,5000,9000,Uttarakhand,Other
05/05/2026,Garlic,25,Dehradoon,Grade Range-3,Vikasnagar APMC,5000,3500,5000,Uttarakhand,Other
17/05/2026,Garlic,25,Dehradoon,Grade Range-2,Vikasnagar APMC,3500,3200,3500,Uttarakhand,Other
14/04/2026,Bottle gourd,82,Dehradoon,Medium,Vikasnagar APMC,1200,1000,1200,Uttarakhand,Other
07/04/2026,Brinjal,35,Dehradoon,Medium,Vikasnagar APMC,1200,1200,1200,Uttarakhand,Other
21/04/2026,Cauliflower,34,Dehradoon,Medium,Vikasnagar APMC,1000,800,1000,Uttarakhand,Other
29/04/2026,Cauliflower,34,Dehradoon,Medium,Vikasnagar APMC,1500,800,1500,Uttarakhand,Other
30/04/2026,Cauliflower,34,Dehradoon,Medium,Vikasnagar APMC,1800,800,1800,Uttarakhand,Other
13/04/2026,Brinjal,35,Dehradoon,Medium,Vikasnagar APMC,800,600,800,Uttarakhand,Other
03/05/2026,Cauliflower,34,Dehradoon,Medium,Vikasnagar APMC,1500,800,1000,Uttarakhand,Other
04/05/2026,Cauliflower,34,Dehradoon,Medium,Vikasnagar APMC,1500,800,1500,Uttarakhand,Other
06/05/2026,Cauliflower,34,Dehradoon,Medium,Vikasnagar APMC,2000,1100,2000,Uttarakhand,Other
01/04/2026,Cauliflower,34,Dehradoon,Medium,Vikasnagar APMC,1000,500,1000,Uttarakhand,Other
06/04/2026,Cauliflower,34,Dehradoon,Medium,Vikasnagar APMC,1000,400,1000,Uttarakhand,Other
09/04/2026,Cauliflower,34,Dehradoon,Medium,Vikasnagar APMC,1000,400,1000,Uttarakhand,Other
02/04/2026,Brinjal,35,Dehradoon,Medium,Vikasnagar APMC,800,800,800,Uttarakhand,Other
13/04/2026,Cauliflower,34,Dehradoon,Medium,Vikasnagar APMC,1200,200,800,Uttarakhand,Other
15/05/2026,Brinjal,35,Dehradoon,Medium,Vikasnagar APMC,1000,700,1000,Uttarakhand,Other
02/04/2026,Colacasia,318,Dehradoon,Medium,Vikasnagar APMC,1300,1200,1300,Uttarakhand,Other
01/04/2026,Colacasia,318,Dehradoon,Medium,Vikasnagar APMC,1500,1300,1500,Uttarakhand,Other
23/04/2026,Sponge gourd,311,Dehradoon,Medium,Vikasnagar APMC,1200,1200,1200,Uttarakhand,Other
26/04/2026,Sponge gourd,311,Dehradoon,Medium,Vikasnagar APMC,1200,1000,1200,Uttarakhand,Other
06/05/2026,Sponge gourd,311,Dehradoon,Medium,Vikasnagar APMC,1800,1000,1800,Uttarakhand,Other
13/05/2026,Sponge gourd,311,Dehradoon,Medium,Vikasnagar APMC,1200,700,1200,Uttarakhand,Other
14/05/2026,Sponge gourd,311,Dehradoon,Medium,Vikasnagar APMC,1000,800,1000,Uttarakhand,Other
23/04/2026,Galgal(Lemon),350,Dehradoon,Medium,Vikasnagar APMC,6000,5000,6000,Uttarakhand,Other
13/05/2026,Bitter gourd,81,Dehradoon,Medium,Vikasnagar APMC,1000,700,1000,Uttarakhand,Other
15/05/2026,Tomato,78,Dehradoon,Medium,Vikasnagar APMC,1500,1000,1500,Uttarakhand,Other
14/05/2026,Potato,24,Dehradoon,Medium,Vikasnagar APMC,400,300,400,Uttarakhand,Other
21/04/2026,Potato,24,Dehradoon,Medium,Vikasnagar APMC,500,400,500,Uttarakhand,Other
27/04/2026,Potato,24,Dehradoon,Medium,Vikasnagar APMC,600,450,600,Uttarakhand,Other
29/04/2026,Potato,24,Dehradoon,Medium,Vikasnagar APMC,500,400,500,Uttarakhand,Other
12/05/2026,Onion,23,Dehradoon,Medium,Vikasnagar APMC,700,700,700,Uttarakhand,Other
06/04/2026,Onion,23,Dehradoon,Medium,Vikasnagar APMC,800,800,800,Uttarakhand,Other
09/04/2026,Onion,23,Dehradoon,Medium,Vikasnagar APMC,1000,700,1000,Uttarakhand,Other
12/04/2026,Onion,23,Dehradoon,Medium,Vikasnagar APMC,1000,1000,1000,Uttarakhand,Other
26/04/2026,Onion,23,Dehradoon,Medium,Vikasnagar APMC,1000,800,1000,Uttarakhand,Other
29/04/2026,Onion,23,Dehradoon,Medium,Vikasnagar APMC,1500,1000,1500,Uttarakhand,Other
06/04/2026,Cucumbar(Kheera),159,Dehradoon,Medium,Vikasnagar APMC,1200,700,1200,Uttarakhand,Other
08/04/2026,Cucumbar(Kheera),159,Dehradoon,Medium,Vikasnagar APMC,1000,300,1000,Uttarakhand,Other
10/04/2026,Cucumbar(Kheera),159,Dehradoon,Medium,Vikasnagar APMC,800,500,800,Uttarakhand,Other
13/04/2026,Cucumbar(Kheera),159,Dehradoon,Medium,Vikasnagar APMC,1400,700,1400,Uttarakhand,Other
15/04/2026,Cucumbar(Kheera),159,Dehradoon,Medium,Vikasnagar APMC,800,600,800,Uttarakhand,Other
17/04/2026,Cucumbar(Kheera),159,Dehradoon,FAQ,Vikasnagar APMC,1100,1000,1100,Uttarakhand,Other
22/04/2026,Cucumbar(Kheera),159,Dehradoon,Medium,Vikasnagar APMC,1200,800,1200,Uttarakhand,Other
03/05/2026,Cucumbar(Kheera),159,Dehradoon,Medium,Vikasnagar APMC,1000,600,1000,Uttarakhand,Other
14/05/2026,Cucumbar(Kheera),159,Dehradoon,Medium,Vikasnagar APMC,900,500,900,Uttarakhand,Other
15/05/2026,Cucumbar(Kheera),159,Dehradoon,Medium,Vikasnagar APMC,1000,500,1000,Uttarakhand,Other
19/05/2026,Cucumbar(Kheera),159,Dehradoon,Medium,Vikasnagar APMC,700,500,700,Uttarakhand,Other
02/04/2026,Raddish,161,Dehradoon,Medium,Vikasnagar APMC,600,500,600,Uttarakhand,Other
16/04/2026,Raddish,161,Dehradoon,Medium,Vikasnagar APMC,1000,400,1000,Uttarakhand,Other
05/05/2026,Raddish,161,Dehradoon,Medium,Vikasnagar APMC,800,700,800,Uttarakhand,Other
15/05/2026,Raddish,161,Dehradoon,Medium,Vikasnagar APMC,1200,1000,1200,Uttarakhand,Other
17/05/2026,Cauliflower,34,Dehradoon,Medium,Vikasnagar APMC,1400,400,800,Uttarakhand,Other
18/05/2026,Cauliflower,34,Dehradoon,Medium,Vikasnagar APMC,1000,500,800,Uttarakhand,Other
28/04/2026,Brinjal,35,Dehradoon,Medium,Vikasnagar APMC,1200,1000,1200,Uttarakhand,Other
01/05/2026,Brinjal,35,Dehradoon,Medium,Vikasnagar APMC,800,700,800,Uttarakhand,Other
04/05/2026,Brinjal,35,Dehradoon,Medium,Vikasnagar APMC,1000,900,1000,Uttarakhand,Other
05/05/2026,Brinjal,35,Dehradoon,Medium,Vikasnagar APMC,1000,800,1000,Uttarakhand,Other
06/05/2026,Brinjal,35,Dehradoon,Medium,Vikasnagar APMC,900,800,900,Uttarakhand,Other
01/04/2026,Grapes,22,Dehradoon,Medium,Vikasnagar APMC,4000,2100,4000,Uttarakhand,Other
24/04/2026,Grapes,22,Dehradoon,Medium,Vikasnagar APMC,5000,4500,5000,Uttarakhand,Other
17/05/2026,Grapes,22,Dehradoon,Medium,Vikasnagar APMC,4000,3000,4000,Uttarakhand,Other
11/05/2026,Wheat,1,Dehradoon,FAQ,Vikasnagar APMC,2585,2585,2585,Uttarakhand,Other
13/05/2026,Wheat,1,Dehradoon,FAQ,Vikasnagar APMC,2585,2585,2585,Uttarakhand,Other
07/05/2026,Karbuja(Musk Melon),187,Dehradoon,Medium,Vikasnagar APMC,1500,1400,1500,Uttarakhand,Other
16/04/2026,Guava,185,Dehradoon,Medium,Vikasnagar APMC,2500,1999,2500,Uttarakhand,Other
04/05/2026,Guava,185,Dehradoon,Medium,Vikasnagar APMC,3200,2500,3200,Uttarakhand,Other
18/05/2026,Mango,20,Dehradoon,Medium,Vikasnagar APMC,2500,2300,2500,Uttarakhand,Other
06/05/2026,Pumpkin,84,Dehradoon,Medium,Vikasnagar APMC,1000,500,1000,Uttarakhand,Pumpkin
10/05/2026,Pumpkin,84,Dehradoon,Medium,Vikasnagar APMC,800,500,800,Uttarakhand,Pumpkin
11/05/2026,Pumpkin,84,Dehradoon,Medium,Vikasnagar APMC,1000,500,1000,Uttarakhand,Pumpkin
03/04/2026,Pumpkin,84,Dehradoon,Medium,Vikasnagar APMC,800,500,800,Uttarakhand,Pumpkin
07/04/2026,Pumpkin,84,Dehradoon,Medium,Vikasnagar APMC,900,900,900,Uttarakhand,Pumpkin
05/04/2026,Pumpkin,84,Dehradoon,Medium,Vikasnagar APMC,800,600,800,Uttarakhand,Pumpkin
09/04/2026,Pumpkin,84,Dehradoon,Medium,Vikasnagar APMC,600,400,600,Uttarakhand,Pumpkin
12/04/2026,Pumpkin,84,Dehradoon,Medium,Vikasnagar APMC,800,500,800,Uttarakhand,Pumpkin
24/04/2026,Pumpkin,84,Dehradoon,Medium,Vikasnagar APMC,1000,800,1000,Uttarakhand,Pumpkin
01/05/2026,Green Chilli,87,Dehradoon,Medium,Vikasnagar APMC,1900,1200,1900,Uttarakhand,Green Chilly
04/05/2026,Green Chilli,87,Dehradoon,Medium,Vikasnagar APMC,1800,1200,1800,Uttarakhand,Green Chilly
05/05/2026,Green Chilli,87,Dehradoon,Medium,Vikasnagar APMC,1800,1200,1800,Uttarakhand,Green Chilly
08/05/2026,Green Chilli,87,Dehradoon,Medium,Vikasnagar APMC,1700,1200,1700,Uttarakhand,Green Chilly
12/05/2026,Green Chilli,87,Dehradoon,Medium,Vikasnagar APMC,1800,1200,1800,Uttarakhand,Green Chilly
15/05/2026,Green Chilli,87,Dehradoon,Medium,Vikasnagar APMC,1700,1200,1700,Uttarakhand,Green Chilly
14/05/2026,Pumpkin,84,Dehradoon,Medium,Vikasnagar APMC,900,600,900,Uttarakhand,Pumpkin
15/05/2026,Pumpkin,84,Dehradoon,Medium,Vikasnagar APMC,900,500,900,Uttarakhand,Pumpkin
18/05/2026,Pumpkin,84,Dehradoon,Medium,Vikasnagar APMC,800,500,800,Uttarakhand,Pumpkin
10/05/2026,Mango,20,Dehradoon,Medium,Vikasnagar APMC,2900,2800,2900,Uttarakhand,Other
27/04/2026,Banana,19,Dehradoon,Medium,Vikasnagar APMC,1000,800,1000,Uttarakhand,Other
28/04/2026,Wheat,1,Dehradoon,FAQ,Vikasnagar APMC,2600,2600,2600,Uttarakhand,Other
03/05/2026,Wheat,1,Dehradoon,FAQ,Vikasnagar APMC,2590,2590,2590,Uttarakhand,Other
16/04/2026,Apple,17,Dehradoon,Medium,Vikasnagar APMC,5500,4000,5500,Uttarakhand,Other
24/04/2026,Apple,17,Dehradoon,Medium,Vikasnagar APMC,5500,4500,5500,Uttarakhand,Other
04/05/2026,Apple,17,Dehradoon,Medium,Vikasnagar APMC,6000,5000,6000,Uttarakhand,Other
27/04/2026,Orange,18,Dehradoon,Medium,Vikasnagar APMC,5000,4500,5000,Uttarakhand,Other
24/04/2026,Bottle gourd,82,Dehradoon,Medium,Vikasnagar APMC,1000,800,1000,Uttarakhand,Other
03/05/2026,Bottle gourd,82,Dehradoon,Medium,Vikasnagar APMC,1000,700,1000,Uttarakhand,Other
12/05/2026,Bottle gourd,82,Dehradoon,Medium,Vikasnagar APMC,900,700,900,Uttarakhand,Other
14/05/2026,Bottle gourd,82,Dehradoon,Medium,Vikasnagar APMC,800,500,800,Uttarakhand,Other
02/04/2026,Field Pea,64,Dehradoon,Medium,Vikasnagar APMC,1200,900,1200,Uttarakhand,Field Pea
07/04/2026,Field Pea,64,Dehradoon,Medium,Vikasnagar APMC,2200,1600,2200,Uttarakhand,Field Pea
09/04/2026,Field Pea,64,Dehradoon,Medium,Vikasnagar APMC,2000,1200,2000,Uttarakhand,Field Pea
14/04/2026,Field Pea,64,Dehradoon,Medium,Vikasnagar APMC,3200,1900,3200,Uttarakhand,Field Pea
19/04/2026,Field Pea,64,Dehradoon,Medium,Vikasnagar APMC,2000,1700,2000,Uttarakhand,Field Pea
21/04/2026,Field Pea,64,Dehradoon,Medium,Vikasnagar APMC,3000,1500,2000,Uttarakhand,Field Pea
28/04/2026,Field Pea,64,Dehradoon,Medium,Vikasnagar APMC,2700,1700,2700,Uttarakhand,Field Pea
04/05/2026,Pomegranate,190,Dehradoon,Medium,Vikasnagar APMC,5000,4000,5000,Uttarakhand,Other
07/05/2026,Pomegranate,190,Dehradoon,Medium,Vikasnagar APMC,6500,4500,6500,Uttarakhand,Other
07/04/2026,French Beans(Frasbean),298,Dehradoon,Medium,Vikasnagar APMC,2000,1900,2000,Uttarakhand,Other
06/04/2026,French Beans(Frasbean),298,Dehradoon,Medium,Vikasnagar APMC,1500,900,1500,Uttarakhand,Other
08/04/2026,French Beans(Frasbean),298,Dehradoon,Medium,Vikasnagar APMC,1800,1200,1800,Uttarakhand,Other
19/04/2026,French Beans(Frasbean),298,Dehradoon,Medium,Vikasnagar APMC,2000,1800,2000,Uttarakhand,Other
01/04/2026,Carrot,153,Dehradoon,Medium,Vikasnagar APMC,900,500,900,Uttarakhand,Carrot
07/04/2026,Carrot,153,Dehradoon,Medium,Vikasnagar APMC,1400,1200,1400,Uttarakhand,Carrot
24/04/2026,Pomegranate,190,Dehradoon,Medium,Vikasnagar APMC,6000,4000,6000,Uttarakhand,Other
14/01/2026,Ginger(Green),103,Dehradoon,Medium,Vikasnagar APMC,2000,1500,2000,Uttarakhand,Green Ginger
13/01/2026,Ginger(Green),103,Dehradoon,Medium,Vikasnagar APMC,2500,2500,2500,Uttarakhand,Green Ginger
08/01/2026,Ginger(Green),103,Dehradoon,Medium,Vikasnagar APMC,2100,2100,2100,Uttarakhand,Green Ginger
30/12/2025,Onion,23,Dehradoon,Medium,Vikasnagar APMC,800,500,800,Uttarakhand,Other
19/12/2025,Onion,23,Dehradoon,Medium,Vikasnagar APMC,1500,1000,1200,Uttarakhand,Other
22/12/2025,Onion,23,Dehradoon,Medium,Vikasnagar APMC,1200,1000,1200,Uttarakhand,Other
25/12/2025,Onion,23,Dehradoon,Medium,Vikasnagar APMC,1200,1200,1200,Uttarakhand,Other
11/12/2025,Cauliflower,34,Dehradoon,Medium,Vikasnagar APMC,2000,1000,1500,Uttarakhand,Other
19/12/2025,Cauliflower,34,Dehradoon,Medium,Vikasnagar APMC,1200,500,800,Uttarakhand,Other
25/12/2025,Cauliflower,34,Dehradoon,Medium,Vikasnagar APMC,1000,400,1000,Uttarakhand,Other
29/12/2025,Cauliflower,34,Dehradoon,Medium,Vikasnagar APMC,600,500,600,Uttarakhand,Other
15/12/2025,Cauliflower,34,Dehradoon,Medium,Vikasnagar APMC,1500,500,1000,Uttarakhand,Other
08/12/2025,Brinjal,35,Dehradoon,Medium,Vikasnagar APMC,1400,700,1000,Uttarakhand,Other
03/12/2025,Brinjal,35,Dehradoon,Medium,Vikasnagar APMC,800,700,800,Uttarakhand,Other
10/12/2025,Colacasia,318,Dehradoon,Medium,Vikasnagar APMC,2000,1500,2000,Uttarakhand,Other
17/12/2025,Colacasia,318,Dehradoon,FAQ,Vikasnagar APMC,1500,1400,1500,Uttarakhand,Other
24/12/2025,Colacasia,318,Dehradoon,Medium,Vikasnagar APMC,2500,1000,2500,Uttarakhand,Other
26/12/2025,Colacasia,318,Dehradoon,Medium,Vikasnagar APMC,1600,1400,1600,Uttarakhand,Other
11/12/2025,Carrot,153,Dehradoon,Medium,Vikasnagar APMC,1400,1200,1400,Uttarakhand,Carrot
26/12/2025,Raddish,161,Dehradoon,Medium,Vikasnagar APMC,500,400,500,Uttarakhand,Other
02/12/2025,Raddish,161,Dehradoon,Medium,Vikasnagar APMC,500,500,500,Uttarakhand,Other
04/12/2025,Raddish,161,Dehradoon,Medium,Vikasnagar APMC,500,500,500,Uttarakhand,Other
05/12/2025,Raddish,161,Dehradoon,Medium,Vikasnagar APMC,800,300,800,Uttarakhand,Other
01/12/2025,Green Chilli,87,Dehradoon,Medium,Vikasnagar APMC,2300,1600,2300,Uttarakhand,Green Chilly
08/12/2025,Green Chilli,87,Dehradoon,Medium,Vikasnagar APMC,2200,1600,2000,Uttarakhand,Green Chilly
31/12/2025,Ginger(Green),103,Dehradoon,Medium,Vikasnagar APMC,3000,2400,3000,Uttarakhand,Green Ginger
23/12/2025,Bottle gourd,82,Dehradoon,Medium,Vikasnagar APMC,1200,1000,1200,Uttarakhand,Other
22/12/2025,Green Chilli,87,Dehradoon,Medium,Vikasnagar APMC,3000,700,1500,Uttarakhand,Green Chilly
03/12/2025,Bottle gourd,82,Dehradoon,Medium,Vikasnagar APMC,800,600,800,Uttarakhand,Other
01/12/2025,Tomato,78,Dehradoon,Medium,Vikasnagar APMC,2200,2200,2200,Uttarakhand,Other
18/12/2025,Papaya,72,Dehradoon,Medium,Vikasnagar APMC,1800,1500,1600,Uttarakhand,Papaya
09/12/2025,Apple,17,Dehradoon,Medium,Vikasnagar APMC,5000,3500,4000,Uttarakhand,Other
28/12/2025,Green Chilli,87,Dehradoon,Medium,Vikasnagar APMC,2500,1200,2500,Uttarakhand,Green Chilly
23/12/2025,Green Chilli,87,Dehradoon,Medium,Vikasnagar APMC,2500,2000,2500,Uttarakhand,Green Chilly
15/12/2025,Pumpkin,84,Dehradoon,Medium,Vikasnagar APMC,1100,1100,1100,Uttarakhand,Pumpkin
28/12/2025,Tomato,78,Dehradoon,Medium,Vikasnagar APMC,2100,1800,2100,Uttarakhand,Other
24/12/2025,Apple,17,Dehradoon,Medium,Vikasnagar APMC,3500,2200,3500,Uttarakhand,Other
12/12/2025,Potato,24,Dehradoon,Medium,Vikasnagar APMC,700,600,700,Uttarakhand,Other
23/12/2025,Potato,24,Dehradoon,Medium,Vikasnagar APMC,650,500,650,Uttarakhand,Other
05/12/2025,Potato,24,Dehradoon,Medium,Vikasnagar APMC,800,700,800,Uttarakhand,Other
24/12/2025,Pomegranate,190,Dehradoon,Medium,Vikasnagar APMC,4000,2500,3000,Uttarakhand,Other
12/12/2025,Tomato,78,Dehradoon,Medium,Vikasnagar APMC,1500,1500,1500,Uttarakhand,Other
15/12/2025,Tomato,78,Dehradoon,Medium,Vikasnagar APMC,3500,450,2000,Uttarakhand,Other
19/12/2025,Tomato,78,Dehradoon,Medium,Vikasnagar APMC,2000,2000,2000,Uttarakhand,Other
15/12/2025,Carrot,153,Dehradoon,Medium,Vikasnagar APMC,1200,1000,1200,Uttarakhand,Carrot
16/12/2025,Carrot,153,Dehradoon,Medium,Vikasnagar APMC,1500,1000,1500,Uttarakhand,Carrot
24/12/2025,Carrot,153,Dehradoon,Medium,Vikasnagar APMC,1200,400,800,Uttarakhand,Carrot
25/12/2025,Carrot,153,Dehradoon,Medium,Vikasnagar APMC,1000,500,1000,Uttarakhand,Carrot
31/12/2025,French Beans(Frasbean),298,Dehradoon,Medium,Vikasnagar APMC,3200,2500,3200,Uttarakhand,Other
15/12/2025,Green Chilli,87,Dehradoon,Medium,Vikasnagar APMC,2500,1500,2100,Uttarakhand,Green Chilly
31/12/2025,Green Chilli,87,Dehradoon,Medium,Vikasnagar APMC,1900,1500,1900,Uttarakhand,Green Chilly
22/12/2025,Cucumbar(Kheera),159,Dehradoon,Medium,Vikasnagar APMC,1200,800,1000,Uttarakhand,Other
22/12/2025,Potato,24,Dehradoon,Medium,Vikasnagar APMC,500,500,500,Uttarakhand,Other
17/12/2025,Guava,185,Dehradoon,Medium,Vikasnagar APMC,2100,1800,2000,Uttarakhand,Other
28/12/2025,Guava,185,Dehradoon,Medium,Vikasnagar APMC,2000,1500,2000,Uttarakhand,Other
26/12/2025,Bitter gourd,81,Dehradoon,Medium,Vikasnagar APMC,1200,800,1200,Uttarakhand,Other
04/01/2026,Brinjal,35,Dehradoon,Medium,Vikasnagar APMC,1000,500,1000,Uttarakhand,Other
22/01/2026,Brinjal,35,Dehradoon,Medium,Vikasnagar APMC,1200,700,1200,Uttarakhand,Other
27/01/2026,Brinjal,35,Dehradoon,Medium,Vikasnagar APMC,1200,700,1200,Uttarakhand,Other
15/01/2026,Field Pea,64,Dehradoon,Medium,Vikasnagar APMC,2500,1000,2500,Uttarakhand,Field Pea
18/01/2026,Field Pea,64,Dehradoon,Medium,Vikasnagar APMC,2000,1500,2000,Uttarakhand,Field Pea
19/01/2026,Field Pea,64,Dehradoon,Medium,Vikasnagar APMC,1500,1200,1500,Uttarakhand,Field Pea
26/01/2026,Field Pea,64,Dehradoon,Medium,Vikasnagar APMC,2500,1200,2500,Uttarakhand,Field Pea
01/01/2026,Brinjal,35,Dehradoon,Medium,Vikasnagar APMC,600,600,600,Uttarakhand,Other
02/01/2026,Brinjal,35,Dehradoon,Medium,Vikasnagar APMC,600,600,600,Uttarakhand,Other
05/01/2026,Cauliflower,34,Dehradoon,Medium,Vikasnagar APMC,800,300,500,Uttarakhand,Other
14/01/2026,Cauliflower,34,Dehradoon,Medium,Vikasnagar APMC,600,450,600,Uttarakhand,Other
14/01/2026,Potato,24,Dehradoon,Medium,Vikasnagar APMC,600,400,600,Uttarakhand,Other
12/01/2026,Potato,24,Dehradoon,Medium,Vikasnagar APMC,500,500,500,Uttarakhand,Other
25/01/2026,Potato,24,Dehradoon,Medium,Vikasnagar APMC,600,400,600,Uttarakhand,Other
15/01/2026,Onion,23,Dehradoon,Medium,Vikasnagar APMC,1300,1200,1300,Uttarakhand,Other
27/01/2026,Onion,23,Dehradoon,Medium,Vikasnagar APMC,700,700,700,Uttarakhand,Other
18/01/2026,Green Chilli,87,Dehradoon,Medium,Vikasnagar APMC,2500,1000,2500,Uttarakhand,Green Chilly
15/01/2026,Green Chilli,87,Dehradoon,Medium,Vikasnagar APMC,3000,1300,2000,Uttarakhand,Green Chilly
09/01/2026,Cucumbar(Kheera),159,Dehradoon,Medium,Vikasnagar APMC,1500,1000,1500,Uttarakhand,Other
15/01/2026,Cucumbar(Kheera),159,Dehradoon,Medium,Vikasnagar APMC,1500,800,1000,Uttarakhand,Other
16/01/2026,Cucumbar(Kheera),159,Dehradoon,Medium,Vikasnagar APMC,1000,1000,1000,Uttarakhand,Other
08/01/2026,French Beans(Frasbean),298,Dehradoon,Medium,Vikasnagar APMC,1000,1000,1000,Uttarakhand,Other
23/01/2026,French Beans(Frasbean),298,Dehradoon,Medium,Vikasnagar APMC,2500,1900,2500,Uttarakhand,Other
18/01/2026,French Beans(Frasbean),298,Dehradoon,Medium,Vikasnagar APMC,1000,1000,1000,Uttarakhand,Other
19/01/2026,French Beans(Frasbean),298,Dehradoon,Medium,Vikasnagar APMC,1000,1000,1000,Uttarakhand,Other
29/01/2026,French Beans(Frasbean),298,Dehradoon,Medium,Vikasnagar APMC,2500,1200,2500,Uttarakhand,Other
14/01/2026,Tomato,78,Dehradoon,Medium,Vikasnagar APMC,2000,1500,2000,Uttarakhand,Other
19/01/2026,Tomato,78,Dehradoon,Medium,Vikasnagar APMC,2200,1900,2200,Uttarakhand,Other
27/01/2026,Tomato,78,Dehradoon,Medium,Vikasnagar APMC,2600,1900,2600,Uttarakhand,Other
28/01/2026,Kinnow,336,Dehradoon,Medium,Vikasnagar APMC,2500,1500,2500,Uttarakhand,Other
06/01/2026,Green Chilli,87,Dehradoon,Medium,Vikasnagar APMC,2500,1400,2000,Uttarakhand,Green Chilly
08/01/2026,Green Chilli,87,Dehradoon,Medium,Vikasnagar APMC,2500,1500,2000,Uttarakhand,Green Chilly
27/01/2026,Colacasia,318,Dehradoon,Medium,Vikasnagar APMC,1500,1500,1500,Uttarakhand,Other
09/01/2026,Pomegranate,190,Dehradoon,Medium,Vikasnagar APMC,3500,1400,3500,Uttarakhand,Other
01/01/2026,Tomato,78,Dehradoon,Medium,Vikasnagar APMC,1500,1000,1500,Uttarakhand,Other
05/01/2026,Tomato,78,Dehradoon,Medium,Vikasnagar APMC,2000,1500,2000,Uttarakhand,Other
08/01/2026,Tomato,78,Dehradoon,Medium,Vikasnagar APMC,2000,1900,2000,Uttarakhand,Other
09/01/2026,Tomato,78,Dehradoon,Medium,Vikasnagar APMC,2200,1500,2200,Uttarakhand,Other
18/01/2026,Carrot,153,Dehradoon,Medium,Vikasnagar APMC,800,500,800,Uttarakhand,Carrot
15/01/2026,Carrot,153,Dehradoon,Medium,Vikasnagar APMC,800,600,800,Uttarakhand,Carrot
05/01/2026,Carrot,153,Dehradoon,Medium,Vikasnagar APMC,800,600,800,Uttarakhand,Carrot
26/01/2026,Green Chilli,87,Dehradoon,Medium,Vikasnagar APMC,3000,2000,2500,Uttarakhand,Green Chilly
27/01/2026,Green Chilli,87,Dehradoon,Medium,Vikasnagar APMC,2800,1200,2800,Uttarakhand,Green Chilly
14/01/2026,Pumpkin,84,Dehradoon,Medium,Vikasnagar APMC,800,500,800,Uttarakhand,Pumpkin
09/01/2026,Banana,19,Dehradoon,Medium,Vikasnagar APMC,650,400,650,Uttarakhand,Other
20/02/2026,Cauliflower,34,Dehradoon,Medium,Vikasnagar APMC,500,300,500,Uttarakhand,Other
23/02/2026,Cauliflower,34,Dehradoon,Medium,Vikasnagar APMC,1000,400,800,Uttarakhand,Other
25/02/2026,Cauliflower,34,Dehradoon,Medium,Vikasnagar APMC,1500,1000,1500,Uttarakhand,Other
26/02/2026,Cauliflower,34,Dehradoon,Medium,Vikasnagar APMC,1200,700,1200,Uttarakhand,Other
22/02/2026,Potato,24,Dehradoon,Medium,Vikasnagar APMC,600,500,600,Uttarakhand,Other
26/02/2026,Carrot,153,Dehradoon,Medium,Vikasnagar APMC,1200,800,1200,Uttarakhand,Carrot
26/02/2026,Potato,24,Dehradoon,Medium,Vikasnagar APMC,1000,550,1000,Uttarakhand,Other
08/02/2026,Cabbage,154,Dehradoon,Medium,Vikasnagar APMC,600,300,400,Uttarakhand,Other
22/02/2026,Carrot,153,Dehradoon,Medium,Vikasnagar APMC,1000,800,1000,Uttarakhand,Carrot
04/02/2026,Brinjal,35,Dehradoon,Medium,Vikasnagar APMC,800,700,800,Uttarakhand,Other
05/02/2026,Brinjal,35,Dehradoon,Medium,Vikasnagar APMC,1000,700,1000,Uttarakhand,Other
05/02/2026,Onion,23,Dehradoon,Medium,Vikasnagar APMC,1000,700,1000,Uttarakhand,Other
05/02/2026,Cucumbar(Kheera),159,Dehradoon,Medium,Vikasnagar APMC,1200,1000,1200,Uttarakhand,Other
15/02/2026,Cucumbar(Kheera),159,Dehradoon,Medium,Vikasnagar APMC,1000,1000,1000,Uttarakhand,Other
20/02/2026,Cucumbar(Kheera),159,Dehradoon,Medium,Vikasnagar APMC,1500,800,1500,Uttarakhand,Other
09/02/2026,Ginger(Green),103,Dehradoon,Medium,Vikasnagar APMC,2600,2500,2600,Uttarakhand,Green Ginger
05/02/2026,Tomato,78,Dehradoon,Medium,Vikasnagar APMC,2600,1900,2600,Uttarakhand,Other
09/02/2026,Tomato,78,Dehradoon,Medium,Vikasnagar APMC,2500,1800,2000,Uttarakhand,Other
24/02/2026,Raddish,161,Dehradoon,Medium,Vikasnagar APMC,1200,800,1200,Uttarakhand,Other
01/02/2026,Raddish,161,Dehradoon,Medium,Vikasnagar APMC,600,400,600,Uttarakhand,Other
23/02/2026,Raddish,161,Dehradoon,Medium,Vikasnagar APMC,800,400,800,Uttarakhand,Other
13/02/2026,Bhindi(Ladies Finger),85,Dehradoon,Medium,Vikasnagar APMC,2900,2500,2900,Uttarakhand,Other
16/02/2026,Bhindi(Ladies Finger),85,Dehradoon,Medium,Vikasnagar APMC,4000,1500,4000,Uttarakhand,Other
19/02/2026,Pomegranate,190,Dehradoon,Medium,Vikasnagar APMC,5500,5500,5500,Uttarakhand,Other
22/02/2026,Apple,17,Dehradoon,Medium,Vikasnagar APMC,3200,3000,3200,Uttarakhand,Other
03/02/2026,Guava,185,Dehradoon,Medium,Vikasnagar APMC,1700,1500,1700,Uttarakhand,Other
05/02/2026,Carrot,153,Dehradoon,Medium,Vikasnagar APMC,700,500,700,Uttarakhand,Carrot
09/02/2026,Carrot,153,Dehradoon,Medium,Vikasnagar APMC,700,600,700,Uttarakhand,Carrot
03/02/2026,Potato,24,Dehradoon,Medium,Vikasnagar APMC,500,500,500,Uttarakhand,Other
26/02/2026,French Beans(Frasbean),298,Dehradoon,Medium,Vikasnagar APMC,2500,2500,2500,Uttarakhand,Other
09/02/2026,French Beans(Frasbean),298,Dehradoon,Medium,Vikasnagar APMC,2400,1600,2000,Uttarakhand,Other
01/02/2026,French Beans(Frasbean),298,Dehradoon,Medium,Vikasnagar APMC,3500,2800,3500,Uttarakhand,Other
06/02/2026,Green Chilli,87,Dehradoon,Medium,Vikasnagar APMC,2600,1500,2600,Uttarakhand,Green Chilly
09/02/2026,Green Chilli,87,Dehradoon,Medium,Vikasnagar APMC,2500,1500,2000,Uttarakhand,Green Chilly
10/02/2026,Green Chilli,87,Dehradoon,Medium,Vikasnagar APMC,2500,1500,2500,Uttarakhand,Green Chilly
16/02/2026,Green Chilli,87,Dehradoon,Medium,Vikasnagar APMC,4000,2200,3000,Uttarakhand,Green Chilly
05/02/2026,Green Chilli,87,Dehradoon,Medium,Vikasnagar APMC,2800,1200,2800,Uttarakhand,Green Chilly
18/02/2026,Green Chilli,87,Dehradoon,Medium,Vikasnagar APMC,2200,1000,2200,Uttarakhand,Green Chilly
19/02/2026,Green Chilli,87,Dehradoon,Medium,Vikasnagar APMC,3800,1800,3800,Uttarakhand,Green Chilly
22/02/2026,Papaya,72,Dehradoon,Medium,Vikasnagar APMC,2000,1800,2000,Uttarakhand,Papaya
18/02/2026,Pumpkin,84,Dehradoon,Medium,Vikasnagar APMC,800,500,800,Uttarakhand,Pumpkin
05/02/2026,Field Pea,64,Dehradoon,Medium,Vikasnagar APMC,1600,1200,1600,Uttarakhand,Field Pea
09/02/2026,Field Pea,64,Dehradoon,Medium,Vikasnagar APMC,1600,1400,1500,Uttarakhand,Field Pea
17/02/2026,Field Pea,64,Dehradoon,Medium,Vikasnagar APMC,800,800,800,Uttarakhand,Field Pea
13/02/2026,Bottle gourd,82,Dehradoon,Medium,Vikasnagar APMC,900,700,900,Uttarakhand,Other
27/02/2026,Pumpkin,84,Dehradoon,Medium,Vikasnagar APMC,1500,800,1000,Uttarakhand,Pumpkin
18/02/2026,Bottle gourd,82,Dehradoon,Medium,Vikasnagar APMC,1000,800,1000,Uttarakhand,Other
18/02/2026,Mousambi(Sweet Lime),77,Dehradoon,Medium,Vikasnagar APMC,1500,1400,1500,Uttarakhand,Other
02/02/2026,Tomato,78,Dehradoon,Medium,Vikasnagar APMC,2500,2000,2500,Uttarakhand,Other
13/02/2026,Tomato,78,Dehradoon,Medium,Vikasnagar APMC,2500,1800,2300,Uttarakhand,Other
02/02/2026,Colacasia,318,Dehradoon,Medium,Vikasnagar APMC,1500,1400,1500,Uttarakhand,Other
04/02/2026,Colacasia,318,Dehradoon,Medium,Vikasnagar APMC,2500,1800,2500,Uttarakhand,Other
18/02/2026,Kinnow,336,Dehradoon,Medium,Vikasnagar APMC,2000,1600,2000,Uttarakhand,Other
26/02/2026,Brinjal,35,Dehradoon,Medium,Vikasnagar APMC,1800,1200,1800,Uttarakhand,Other
16/02/2026,Cauliflower,34,Dehradoon,Medium,Vikasnagar APMC,800,300,500,Uttarakhand,Other
01/03/2026,Mousambi(Sweet Lime),77,Dehradoon,Medium,Vikasnagar APMC,1700,1500,1700,Uttarakhand,Other
25/03/2026,Mousambi(Sweet Lime),77,Dehradoon,Medium,Vikasnagar APMC,2500,2000,2500,Uttarakhand,Other
13/03/2026,Field Pea,64,Dehradoon,Medium,Vikasnagar APMC,2000,1400,2000,Uttarakhand,Field Pea
16/03/2026,Field Pea,64,Dehradoon,Medium,Vikasnagar APMC,2000,1200,2000,Uttarakhand,Field Pea
22/03/2026,Field Pea,64,Dehradoon,Medium,Vikasnagar APMC,2000,1300,2000,Uttarakhand,Field Pea
23/03/2026,Field Pea,64,Dehradoon,Medium,Vikasnagar APMC,1700,1400,1700,Uttarakhand,Field Pea
27/03/2026,Field Pea,64,Dehradoon,Medium,Vikasnagar APMC,2500,1200,2500,Uttarakhand,Field Pea
29/03/2026,Field Pea,64,Dehradoon,Medium,Vikasnagar APMC,2500,1200,2500,Uttarakhand,Field Pea
30/03/2026,Field Pea,64,Dehradoon,Medium,Vikasnagar APMC,2300,800,1500,Uttarakhand,Field Pea
31/03/2026,Field Pea,64,Dehradoon,Medium,Vikasnagar APMC,1300,900,1300,Uttarakhand,Field Pea
17/03/2026,Bhindi(Ladies Finger),85,Dehradoon,Medium,Vikasnagar APMC,2400,1800,2400,Uttarakhand,Other
19/03/2026,Green Chilli,87,Dehradoon,Medium,Vikasnagar APMC,3000,1200,1800,Uttarakhand,Green Chilly
15/03/2026,Green Chilli,87,Dehradoon,Medium,Vikasnagar APMC,5000,1800,3500,Uttarakhand,Green Chilly
13/03/2026,Green Chilli,87,Dehradoon,Medium,Vikasnagar APMC,4500,1800,4500,Uttarakhand,Green Chilly
05/03/2026,Tomato,78,Dehradoon,Medium,Vikasnagar APMC,1000,800,1000,Uttarakhand,Other
08/03/2026,Tomato,78,Dehradoon,Medium,Vikasnagar APMC,1900,1400,1900,Uttarakhand,Other
02/03/2026,Bottle gourd,82,Dehradoon,Medium,Vikasnagar APMC,2500,1500,2500,Uttarakhand,Other
10/03/2026,Bottle gourd,82,Dehradoon,Medium,Vikasnagar APMC,1500,1200,1500,Uttarakhand,Other
24/03/2026,Bottle gourd,82,Dehradoon,Medium,Vikasnagar APMC,1500,1000,1500,Uttarakhand,Other
15/03/2026,Bottle gourd,82,Dehradoon,Medium,Vikasnagar APMC,1600,1500,1600,Uttarakhand,Other
25/03/2026,Bottle gourd,82,Dehradoon,Medium,Vikasnagar APMC,1000,700,1000,Uttarakhand,Other
27/03/2026,Bottle gourd,82,Dehradoon,Medium,Vikasnagar APMC,1800,1500,1800,Uttarakhand,Other
03/03/2026,Brinjal,35,Dehradoon,Medium,Vikasnagar APMC,1200,1200,1200,Uttarakhand,Other
05/03/2026,Brinjal,35,Dehradoon,Medium,Vikasnagar APMC,1200,800,1200,Uttarakhand,Other
17/03/2026,Brinjal,35,Dehradoon,Medium,Vikasnagar APMC,1500,1200,1500,Uttarakhand,Other
12/03/2026,Ginger(Green),103,Dehradoon,Medium,Vikasnagar APMC,2200,2200,2200,Uttarakhand,Green Ginger
02/03/2026,Green Chilli,87,Dehradoon,Medium,Vikasnagar APMC,6500,3500,5500,Uttarakhand,Green Chilly
05/03/2026,Raddish,161,Dehradoon,Medium,Vikasnagar APMC,700,500,700,Uttarakhand,Other
20/03/2026,Raddish,161,Dehradoon,Medium,Vikasnagar APMC,1200,800,1200,Uttarakhand,Other
16/03/2026,Raddish,161,Dehradoon,Medium,Vikasnagar APMC,800,500,800,Uttarakhand,Other
26/03/2026,Raddish,161,Dehradoon,Medium,Vikasnagar APMC,1200,400,900,Uttarakhand,Other
29/03/2026,Raddish,161,Dehradoon,Medium,Vikasnagar APMC,1500,500,1000,Uttarakhand,Other
15/03/2026,Potato,24,Dehradoon,Medium,Vikasnagar APMC,600,400,600,Uttarakhand,Other
09/03/2026,French Beans(Frasbean),298,Dehradoon,Medium,Vikasnagar APMC,2900,2500,2900,Uttarakhand,Other
15/03/2026,French Beans(Frasbean),298,Dehradoon,Medium,Vikasnagar APMC,3200,1800,3200,Uttarakhand,Other
18/03/2026,French Beans(Frasbean),298,Dehradoon,Medium,Vikasnagar APMC,2500,2500,2500,Uttarakhand,Other
09/03/2026,Colacasia,318,Dehradoon,Medium,Vikasnagar APMC,1700,1500,1700,Uttarakhand,Other
06/03/2026,Colacasia,318,Dehradoon,Medium,Vikasnagar APMC,1700,1500,1700,Uttarakhand,Other
08/03/2026,Colacasia,318,Dehradoon,Medium,Vikasnagar APMC,1600,1400,1600,Uttarakhand,Other
11/03/2026,Colacasia,318,Dehradoon,Medium,Vikasnagar APMC,1700,1500,1700,Uttarakhand,Other
22/03/2026,Colacasia,318,Dehradoon,Medium,Vikasnagar APMC,3200,1400,3200,Uttarakhand,Other
27/03/2026,Colacasia,318,Dehradoon,Medium,Vikasnagar APMC,2000,2000,2000,Uttarakhand,Other
10/03/2026,Kinnow,336,Dehradoon,Medium,Vikasnagar APMC,2000,1600,2000,Uttarakhand,Other
08/03/2026,Kinnow,336,Dehradoon,Medium,Vikasnagar APMC,1800,1600,1800,Uttarakhand,Other
13/03/2026,Kinnow,336,Dehradoon,Medium,Vikasnagar APMC,2000,1200,2000,Uttarakhand,Other
26/03/2026,Kinnow,336,Dehradoon,Medium,Vikasnagar APMC,2400,1500,2400,Uttarakhand,Other
26/03/2026,Pomegranate,190,Dehradoon,Medium,Vikasnagar APMC,6000,4600,6000,Uttarakhand,Other
01/03/2026,Guava,185,Dehradoon,Medium,Vikasnagar APMC,2800,2100,2800,Uttarakhand,Other
12/03/2026,Guava,185,Dehradoon,Medium,Vikasnagar APMC,2800,1600,2800,Uttarakhand,Other
22/03/2026,Potato,24,Dehradoon,Medium,Vikasnagar APMC,1200,400,1200,Uttarakhand,Other
19/03/2026,Brinjal,35,Dehradoon,Medium,Vikasnagar APMC,1500,800,1500,Uttarakhand,Other
13/03/2026,Apple,17,Dehradoon,Medium,Vikasnagar APMC,3500,2500,3500,Uttarakhand,Other
26/03/2026,Apple,17,Dehradoon,Medium,Vikasnagar APMC,5000,3000,5000,Uttarakhand,Other
15/03/2026,Cauliflower,34,Dehradoon,Medium,Vikasnagar APMC,800,400,800,Uttarakhand,Other
25/03/2026,Cauliflower,34,Dehradoon,Medium,Vikasnagar APMC,1000,300,600,Uttarakhand,Other
27/03/2026,Cauliflower,34,Dehradoon,Medium,Vikasnagar APMC,1500,500,1000,Uttarakhand,Other
31/03/2026,Cauliflower,34,Dehradoon,Medium,Vikasnagar APMC,800,500,800,Uttarakhand,Other
02/03/2026,Garlic,25,Dehradoon,Grade Range-2,Vikasnagar APMC,9000,9000,9000,Uttarakhand,Other
29/03/2026,Carrot,153,Dehradoon,Medium,Vikasnagar APMC,1500,1000,1500,Uttarakhand,Carrot
16/03/2026,Carrot,153,Dehradoon,Medium,Vikasnagar APMC,1200,1000,1200,Uttarakhand,Carrot
23/03/2026,Carrot,153,Dehradoon,Medium,Vikasnagar APMC,600,500,600,Uttarakhand,Carrot
27/03/2026,Carrot,153,Dehradoon,Medium,Vikasnagar APMC,1500,1000,1500,Uttarakhand,Carrot
06/03/2026,Pumpkin,84,Dehradoon,Medium,Vikasnagar APMC,700,600,700,Uttarakhand,Pumpkin
18/03/2026,Pumpkin,84,Dehradoon,Medium,Vikasnagar APMC,1000,500,1000,Uttarakhand,Pumpkin
22/03/2026,Pumpkin,84,Dehradoon,Medium,Vikasnagar APMC,700,400,700,Uttarakhand,Pumpkin
23/03/2026,Tomato,78,Dehradoon,Medium,Vikasnagar APMC,1600,1000,1600,Uttarakhand,Other
25/03/2026,Tomato,78,Dehradoon,Medium,Vikasnagar APMC,1400,1000,1400,Uttarakhand,Other
03/03/2026,Cucumbar(Kheera),159,Dehradoon,Medium,Vikasnagar APMC,1800,1500,1800,Uttarakhand,Other
05/03/2026,Cucumbar(Kheera),159,Dehradoon,Medium,Vikasnagar APMC,1000,1000,1000,Uttarakhand,Other
08/03/2026,Cucumbar(Kheera),159,Dehradoon,Medium,Vikasnagar APMC,1500,1000,1500,Uttarakhand,Other
08/03/2026,Cauliflower,34,Dehradoon,Medium,Vikasnagar APMC,1500,500,1500,Uttarakhand,Other
13/03/2026,Cauliflower,34,Dehradoon,Medium,Vikasnagar APMC,500,300,500,Uttarakhand,Other
19/03/2026,Cauliflower,34,Dehradoon,Medium,Vikasnagar APMC,1000,400,1000,Uttarakhand,Other
24/11/2025,French Beans(Frasbean),298,Dehradoon,Medium,Vikasnagar APMC,2600,2100,2600,Uttarakhand,Other
25/11/2025,French Beans(Frasbean),298,Dehradoon,Medium,Vikasnagar APMC,2400,1900,2100,Uttarakhand,Other
16/11/2025,Colacasia,318,Dehradoon,Medium,Vikasnagar APMC,1500,1000,1500,Uttarakhand,Other
21/11/2025,Colacasia,318,Dehradoon,Medium,Vikasnagar APMC,1500,1400,1500,Uttarakhand,Other
20/11/2025,Kinnow,336,Dehradoon,Medium,Vikasnagar APMC,2400,2200,2400,Uttarakhand,Other
17/11/2025,Sponge gourd,311,Dehradoon,Medium,Vikasnagar APMC,1200,1000,1200,Uttarakhand,Other
30/11/2025,Sponge gourd,311,Dehradoon,Medium,Vikasnagar APMC,1600,1200,1600,Uttarakhand,Other
10/11/2025,Cauliflower,34,Dehradoon,Medium,Vikasnagar APMC,2500,800,1500,Uttarakhand,Other
21/11/2025,Cauliflower,34,Dehradoon,Medium,Vikasnagar APMC,2100,600,1500,Uttarakhand,Other
17/11/2025,Brinjal,35,Dehradoon,Medium,Vikasnagar APMC,1200,800,1000,Uttarakhand,Other
19/11/2025,Cauliflower,34,Dehradoon,Medium,Vikasnagar APMC,1200,1000,1200,Uttarakhand,Other
24/11/2025,Cauliflower,34,Dehradoon,Medium,Vikasnagar APMC,1400,800,1200,Uttarakhand,Other
04/11/2025,Cauliflower,34,Dehradoon,FAQ,Vikasnagar APMC,3000,600,1500,Uttarakhand,Other
03/11/2025,Banana,19,Dehradoon,Medium,Vikasnagar APMC,1000,900,1000,Uttarakhand,Other
09/11/2025,Brinjal,35,Dehradoon,Medium,Vikasnagar APMC,854,854,854,Uttarakhand,Other
10/11/2025,Tomato,78,Dehradoon,Medium,Vikasnagar APMC,1500,1000,1200,Uttarakhand,Other
26/11/2025,Tomato,78,Dehradoon,Medium,Vikasnagar APMC,2400,2100,2400,Uttarakhand,Other
09/11/2025,Bottle gourd,82,Dehradoon,Medium,Vikasnagar APMC,1025,1025,1025,Uttarakhand,Other
06/11/2025,Tomato,78,Dehradoon,FAQ,Vikasnagar APMC,1400,1200,1400,Uttarakhand,Other
13/11/2025,Tomato,78,Dehradoon,FAQ,Vikasnagar APMC,2500,1900,2500,Uttarakhand,Other
13/11/2025,Bottle gourd,82,Dehradoon,FAQ,Vikasnagar APMC,1200,1000,1200,Uttarakhand,Other
23/11/2025,Green Chilli,87,Dehradoon,Medium,Vikasnagar APMC,2100,1000,1500,Uttarakhand,Green Chilly
06/11/2025,Bottle gourd,82,Dehradoon,FAQ,Vikasnagar APMC,1400,1000,1200,Uttarakhand,Other
14/11/2025,Bottle gourd,82,Dehradoon,Medium,Vikasnagar APMC,1200,1000,1200,Uttarakhand,Other
23/11/2025,Bottle gourd,82,Dehradoon,Medium,Vikasnagar APMC,1000,700,1000,Uttarakhand,Other
21/11/2025,Field Pea,64,Dehradoon,Medium,Vikasnagar APMC,6500,5500,6500,Uttarakhand,Field Pea
14/11/2025,Field Pea,64,Dehradoon,Medium,Vikasnagar APMC,5500,2000,3000,Uttarakhand,Field Pea
14/11/2025,Bitter gourd,81,Dehradoon,Medium,Vikasnagar APMC,1200,700,1200,Uttarakhand,Other
24/11/2025,Bitter gourd,81,Dehradoon,Medium,Vikasnagar APMC,1100,800,1100,Uttarakhand,Other
12/11/2025,Bitter gourd,81,Dehradoon,Medium,Vikasnagar APMC,1500,1200,1500,Uttarakhand,Other
03/11/2025,Bitter gourd,81,Dehradoon,FAQ,Vikasnagar APMC,1500,1300,1500,Uttarakhand,Other
16/11/2025,Green Chilli,87,Dehradoon,Medium,Vikasnagar APMC,2500,2000,2500,Uttarakhand,Green Chilly
03/11/2025,Papaya,72,Dehradoon,Medium,Vikasnagar APMC,1800,1600,1800,Uttarakhand,Other
28/11/2025,Pumpkin,84,Dehradoon,FAQ,Vikasnagar APMC,800,500,600,Uttarakhand,Pumpkin
17/11/2025,Pumpkin,84,Dehradoon,Medium,Vikasnagar APMC,1000,500,1000,Uttarakhand,Pumpkin
23/11/2025,Ginger(Green),103,Dehradoon,Medium,Vikasnagar APMC,2000,1700,1800,Uttarakhand,Green Ginger
03/11/2025,Green Chilli,87,Dehradoon,FAQ,Vikasnagar APMC,4000,2300,4000,Uttarakhand,Other
13/11/2025,Pumpkin,84,Dehradoon,FAQ,Vikasnagar APMC,700,500,700,Uttarakhand,Other
21/11/2025,Ginger(Green),103,Dehradoon,Medium,Vikasnagar APMC,2000,1800,2000,Uttarakhand,Green Ginger
14/11/2025,Papaya,72,Dehradoon,Medium,Vikasnagar APMC,1500,1400,1500,Uttarakhand,Papaya
17/11/2025,Papaya,72,Dehradoon,Medium,Vikasnagar APMC,2200,1800,2000,Uttarakhand,Papaya
21/11/2025,Papaya,72,Dehradoon,Medium,Vikasnagar APMC,1500,1400,1500,Uttarakhand,Papaya
18/11/2025,Mousambi(Sweet Lime),77,Dehradoon,Medium,Vikasnagar APMC,1800,1800,1800,Uttarakhand,Other
17/11/2025,Mousambi(Sweet Lime),77,Dehradoon,Medium,Vikasnagar APMC,2000,1800,2000,Uttarakhand,Other
21/11/2025,Mousambi(Sweet Lime),77,Dehradoon,Medium,Vikasnagar APMC,2000,1500,2000,Uttarakhand,Other
26/11/2025,Papaya,72,Dehradoon,Medium,Vikasnagar APMC,1700,1000,1500,Uttarakhand,Papaya
11/11/2025,Ginger(Green),103,Dehradoon,Medium,Vikasnagar APMC,2500,2000,2500,Uttarakhand,Green Ginger
14/12/2025,Cabbage,154,Dehradoon,FAQ,Vikasnagar APMC,1500,1200,1400,Uttarakhand,Cabbage
14/12/2025,Colacasia,318,Dehradoon,FAQ,Vikasnagar APMC,2500,1800,2000,Uttarakhand,Other
14/11/2025,Pomegranate,190,Dehradoon,Medium,Vikasnagar APMC,6500,1700,5500,Uttarakhand,Other
05/11/2025,Cucumbar(Kheera),159,Dehradoon,FAQ,Vikasnagar APMC,1000,500,1000,Uttarakhand,Other
26/11/2025,Guava,185,Dehradoon,Medium,Vikasnagar APMC,2200,1000,1800,Uttarakhand,Other
12/11/2025,Raddish,161,Dehradoon,Medium,Vikasnagar APMC,1200,500,1200,Uttarakhand,Other
13/11/2025,Raddish,161,Dehradoon,FAQ,Vikasnagar APMC,500,500,500,Uttarakhand,Other
06/11/2025,Raddish,161,Dehradoon,FAQ,Vikasnagar APMC,1200,800,1000,Uttarakhand,Other
24/11/2025,Raddish,161,Dehradoon,Medium,Vikasnagar APMC,700,300,500,Uttarakhand,Other
27/11/2025,Raddish,161,Dehradoon,FAQ,Vikasnagar APMC,800,800,800,Uttarakhand,Other
20/11/2025,Raddish,161,Dehradoon,Medium,Vikasnagar APMC,900,500,700,Uttarakhand,Other
30/11/2025,Onion,23,Dehradoon,Medium,Vikasnagar APMC,1500,800,1000,Uttarakhand,Other
09/11/2025,Onion,23,Dehradoon,Medium,Vikasnagar APMC,700,700,700,Uttarakhand,Other
04/11/2025,Potato,24,Dehradoon,Non-FAQ,Vikasnagar APMC,1200,1200,1200,Uttarakhand,Other
27/11/2025,Potato,24,Dehradoon,FAQ,Vikasnagar APMC,1500,600,1000,Uttarakhand,Other
10/11/2025,Onion,23,Dehradoon,Medium,Vikasnagar APMC,1200,1100,1200,Uttarakhand,Other
16/12/2025,Ginger(Green),103,Dehradoon,Medium,Vikasnagar APMC,2500,2000,2500,Uttarakhand,Green Ginger
05/12/2025,Ginger(Green),103,Dehradoon,Medium,Vikasnagar APMC,3500,2000,2500,Uttarakhand,Green Ginger
07/12/2025,Onion,23,Dehradoon,Medium,Vikasnagar APMC,3000,2000,2500,Uttarakhand,Other
15/12/2025,French Beans(Frasbean),298,Dehradoon,Medium,Vikasnagar APMC,1000,1000,1000,Uttarakhand,Other
25/12/2025,Raddish,161,Dehradoon,Medium,Vikasnagar APMC,800,200,400,Uttarakhand,Other
24/12/2025,Ginger(Green),103,Dehradoon,Medium,Vikasnagar APMC,3000,800,1800,Uttarakhand,Green Ginger
07/04/2026,Colacasia,318,Dehradoon,Medium,Vikasnagar APMC,3200,2000,3200,Uttarakhand,Other
15/04/2026,Colacasia,318,Dehradoon,Medium,Vikasnagar APMC,1500,1000,1500,Uttarakhand,Other
12/05/2026,Sponge gourd,311,Dehradoon,Medium,Vikasnagar APMC,1000,800,1000,Uttarakhand,Other
19/05/2026,Sponge gourd,311,Dehradoon,Medium,Vikasnagar APMC,1200,700,1200,Uttarakhand,Other
20/04/2026,Wheat,1,Dehradoon,FAQ,Vikasnagar APMC,2600,2600,2600,Uttarakhand,Other
10/05/2026,Wheat,1,Dehradoon,FAQ,Vikasnagar APMC,2585,2585,2585,Uttarakhand,Other
14/05/2026,Wheat,1,Dehradoon,FAQ,Vikasnagar APMC,2600,2600,2600,Uttarakhand,Other
26/04/2026,Wheat,1,Dehradoon,FAQ,Vikasnagar APMC,2590,2590,2590,Uttarakhand,Other
30/04/2026,Wheat,1,Dehradoon,FAQ,Vikasnagar APMC,2590,2590,2590,Uttarakhand,Other
29/04/2026,Wheat,1,Dehradoon,FAQ,Vikasnagar APMC,2561,2561,2561,Uttarakhand,Other
04/05/2026,Wheat,1,Dehradoon,FAQ,Vikasnagar APMC,2590,2590,2590,Uttarakhand,Other
08/05/2026,Karbuja(Musk Melon),187,Dehradoon,Medium,Vikasnagar APMC,1200,800,1200,Uttarakhand,Other
18/05/2026,Karbuja(Musk Melon),187,Dehradoon,Medium,Vikasnagar APMC,1400,1000,1400,Uttarakhand,Other
07/04/2026,Tomato,78,Dehradoon,Medium,Vikasnagar APMC,2000,1800,2000,Uttarakhand,Other
05/04/2026,Tomato,78,Dehradoon,Medium,Vikasnagar APMC,1000,1000,1000,Uttarakhand,Other
16/04/2026,Mousambi(Sweet Lime),77,Dehradoon,Medium,Vikasnagar APMC,1800,1400,1800,Uttarakhand,Other
07/05/2026,Mousambi(Sweet Lime),77,Dehradoon,Medium,Vikasnagar APMC,2500,1800,2500,Uttarakhand,Other
13/04/2026,Pumpkin,84,Dehradoon,Medium,Vikasnagar APMC,1000,800,1000,Uttarakhand,Pumpkin
24/04/2026,Water Melon,73,Dehradoon,Medium,Vikasnagar APMC,1800,600,1200,Uttarakhand,Other
27/04/2026,Water Melon,73,Dehradoon,Medium,Vikasnagar APMC,1000,1000,1000,Uttarakhand,Other
08/05/2026,Water Melon,73,Dehradoon,Medium,Vikasnagar APMC,1400,600,1400,Uttarakhand,Other
10/04/2026,Papaya,72,Dehradoon,Medium,Vikasnagar APMC,2000,1600,2000,Uttarakhand,Papaya
15/04/2026,Papaya,72,Dehradoon,Grade B,Vikasnagar APMC,2000,1200,1500,Uttarakhand,Papaya
14/04/2026,Tomato,78,Dehradoon,Medium,Vikasnagar APMC,1900,1500,1900,Uttarakhand,Other
13/05/2026,Bhindi(Ladies Finger),85,Dehradoon,Medium,Vikasnagar APMC,1500,1500,1500,Uttarakhand,Other
24/04/2026,Tomato,78,Dehradoon,Medium,Vikasnagar APMC,2000,1500,2000,Uttarakhand,Other
28/04/2026,Tomato,78,Dehradoon,Medium,Vikasnagar APMC,1600,1400,1600,Uttarakhand,Other
12/05/2026,Bhindi(Ladies Finger),85,Dehradoon,Medium,Vikasnagar APMC,1200,1000,1200,Uttarakhand,Other
10/05/2026,Papaya,72,Dehradoon,Medium,Vikasnagar APMC,1600,1200,1600,Uttarakhand,Papaya
03/04/2026,Bitter gourd,81,Dehradoon,Medium,Vikasnagar APMC,1600,1500,1600,Uttarakhand,Other
15/04/2026,Bitter gourd,81,Dehradoon,Medium,Vikasnagar APMC,2000,1200,2000,Uttarakhand,Other
19/05/2026,Tomato,78,Dehradoon,Medium,Vikasnagar APMC,1000,700,1000,Uttarakhand,Other
04/05/2026,Bitter gourd,81,Dehradoon,Medium,Vikasnagar APMC,2100,2000,2100,Uttarakhand,Other
06/05/2026,Bitter gourd,81,Dehradoon,Medium,Vikasnagar APMC,1400,1000,1400,Uttarakhand,Other
01/04/2026,Bottle gourd,82,Dehradoon,Medium,Vikasnagar APMC,1200,800,1200,Uttarakhand,Other
29/04/2026,Bottle gourd,82,Dehradoon,Medium,Vikasnagar APMC,1000,800,1000,Uttarakhand,Other
28/04/2026,Bottle gourd,82,Dehradoon,Medium,Vikasnagar APMC,1200,800,1200,Uttarakhand,Other
08/05/2026,Bottle gourd,82,Dehradoon,Medium,Vikasnagar APMC,1000,700,1000,Uttarakhand,Other
20/04/2026,Bottle gourd,82,Dehradoon,Medium,Vikasnagar APMC,1200,1000,1200,Uttarakhand,Other
07/04/2026,Papaya,72,Dehradoon,Medium,Vikasnagar APMC,1900,1600,1900,Uttarakhand,Papaya
10/05/2026,Green Chilli,87,Dehradoon,Medium,Vikasnagar APMC,1800,1200,1800,Uttarakhand,Green Chilly
26/04/2026,Cucumbar(Kheera),159,Dehradoon,Medium,Vikasnagar APMC,900,800,900,Uttarakhand,Other
13/04/2026,Green Chilli,87,Dehradoon,Medium,Vikasnagar APMC,3500,1200,2200,Uttarakhand,Green Chilly
15/04/2026,Green Chilli,87,Dehradoon,Medium,Vikasnagar APMC,2000,1000,2000,Uttarakhand,Green Chilly
10/04/2026,Mango,20,Dehradoon,Medium,Vikasnagar APMC,5000,4000,5000,Uttarakhand,Other
04/05/2026,Mango,20,Dehradoon,Medium,Vikasnagar APMC,3200,2400,3200,Uttarakhand,Other
06/04/2026,Green Chilli,87,Dehradoon,Medium,Vikasnagar APMC,3200,1200,2200,Uttarakhand,Green Chilly
21/04/2026,Green Chilli,87,Dehradoon,Medium,Vikasnagar APMC,2200,2000,2200,Uttarakhand,Green Chilly
17/05/2026,Green Chilli,87,Dehradoon,Medium,Vikasnagar APMC,1800,1200,1800,Uttarakhand,Green Chilly
18/05/2026,Green Chilli,87,Dehradoon,Medium,Vikasnagar APMC,1700,1200,1700,Uttarakhand,Green Chilly
17/04/2026,Pumpkin,84,Dehradoon,FAQ,Vikasnagar APMC,1000,800,1000,Uttarakhand,Other
06/04/2026,Field Pea,64,Dehradoon,Medium,Vikasnagar APMC,1600,900,1600,Uttarakhand,Field Pea
20/04/2026,Field Pea,64,Dehradoon,Medium,Vikasnagar APMC,2200,1600,1800,Uttarakhand,Field Pea
23/04/2026,Field Pea,64,Dehradoon,Medium,Vikasnagar APMC,2500,1800,2500,Uttarakhand,Field Pea
24/04/2026,Field Pea,64,Dehradoon,Medium,Vikasnagar APMC,2000,2000,2000,Uttarakhand,Field Pea
27/04/2026,Field Pea,64,Dehradoon,Medium,Vikasnagar APMC,2400,1800,2400,Uttarakhand,Field Pea
05/05/2026,Field Pea,64,Dehradoon,Medium,Vikasnagar APMC,2000,1500,2000,Uttarakhand,Field Pea
13/05/2026,Field Pea,64,Dehradoon,Medium,Vikasnagar APMC,1500,1200,1500,Uttarakhand,Field Pea
17/05/2026,Field Pea,64,Dehradoon,Medium,Vikasnagar APMC,1500,1000,1500,Uttarakhand,Field Pea
19/05/2026,Field Pea,64,Dehradoon,Medium,Vikasnagar APMC,1500,1000,1500,Uttarakhand,Field Pea
07/05/2026,Apple,17,Dehradoon,Medium,Vikasnagar APMC,6000,4500,6000,Uttarakhand,Other
01/05/2026,Cucumbar(Kheera),159,Dehradoon,Medium,Vikasnagar APMC,1000,700,1000,Uttarakhand,Other
05/05/2026,Cucumbar(Kheera),159,Dehradoon,Medium,Vikasnagar APMC,1000,700,1000,Uttarakhand,Other
18/05/2026,Cucumbar(Kheera),159,Dehradoon,Medium,Vikasnagar APMC,1000,500,1000,Uttarakhand,Other
06/04/2026,Raddish,161,Dehradoon,Medium,Vikasnagar APMC,1000,500,1000,Uttarakhand,Other
12/05/2026,Raddish,161,Dehradoon,Medium,Vikasnagar APMC,800,500,800,Uttarakhand,Other
01/05/2026,Pumpkin,84,Dehradoon,Medium,Vikasnagar APMC,1000,600,1000,Uttarakhand,Pumpkin
03/05/2026,Pumpkin,84,Dehradoon,Medium,Vikasnagar APMC,1000,500,1000,Uttarakhand,Pumpkin
03/05/2026,Brinjal,35,Dehradoon,Medium,Vikasnagar APMC,1000,800,1000,Uttarakhand,Other
03/04/2026,Onion,23,Dehradoon,Medium,Vikasnagar APMC,800,800,800,Uttarakhand,Other
07/04/2026,Grapes,22,Dehradoon,Medium,Vikasnagar APMC,3500,3500,3500,Uttarakhand,Other
07/05/2026,Grapes,22,Dehradoon,Medium,Vikasnagar APMC,3500,3200,3500,Uttarakhand,Other
10/05/2026,Grapes,22,Dehradoon,Medium,Vikasnagar APMC,4000,3500,4000,Uttarakhand,Other
05/04/2026,Cauliflower,34,Dehradoon,Medium,Vikasnagar APMC,800,500,800,Uttarakhand,Other
08/04/2026,Cauliflower,34,Dehradoon,Medium,Vikasnagar APMC,900,300,600,Uttarakhand,Other
08/04/2026,Brinjal,35,Dehradoon,Medium,Vikasnagar APMC,1000,800,1000,Uttarakhand,Other
16/04/2026,Cauliflower,34,Dehradoon,Medium,Vikasnagar APMC,1500,300,1000,Uttarakhand,Other
19/04/2026,Cauliflower,34,Dehradoon,Medium,Vikasnagar APMC,1700,1200,1700,Uttarakhand,Other
13/05/2026,Cauliflower,34,Dehradoon,Medium,Vikasnagar APMC,1000,800,1000,Uttarakhand,Other
14/05/2026,Cauliflower,34,Dehradoon,Medium,Vikasnagar APMC,1200,700,1200,Uttarakhand,Other
21/04/2026,Brinjal,35,Dehradoon,Medium,Vikasnagar APMC,1200,1000,1200,Uttarakhand,Other
14/05/2026,Onion,23,Dehradoon,Medium,Vikasnagar APMC,700,700,700,Uttarakhand,Other
02/04/2026,Carrot,153,Dehradoon,Medium,Vikasnagar APMC,600,400,600,Uttarakhand,Carrot
19/04/2026,Carrot,153,Dehradoon,Medium,Vikasnagar APMC,1300,1200,1300,Uttarakhand,Carrot
01/04/2026,Pomegranate,190,Dehradoon,Medium,Vikasnagar APMC,4000,3500,4000,Uttarakhand,Other
16/04/2026,Pomegranate,190,Dehradoon,Medium,Vikasnagar APMC,4500,4000,4500,Uttarakhand,Other
03/04/2026,Carrot,153,Dehradoon,Medium,Vikasnagar APMC,600,500,600,Uttarakhand,Carrot
06/04/2026,Carrot,153,Dehradoon,Medium,Vikasnagar APMC,600,400,600,Uttarakhand,Carrot
15/04/2026,Garlic,25,Dehradoon,Grade Range-2,Vikasnagar APMC,7000,7000,7000,Uttarakhand,Other
26/04/2026,Potato,24,Dehradoon,Medium,Vikasnagar APMC,400,350,400,Uttarakhand,Other
03/05/2026,Potato,24,Dehradoon,Medium,Vikasnagar APMC,350,350,350,Uttarakhand,Other
11/05/2026,Potato,24,Dehradoon,Medium,Vikasnagar APMC,450,400,450,Uttarakhand,Other
13/04/2026,French Beans(Frasbean),298,Dehradoon,Medium,Vikasnagar APMC,1800,1500,1800,Uttarakhand,Other
15/04/2026,French Beans(Frasbean),298,Dehradoon,Medium,Vikasnagar APMC,1600,1100,1600,Uttarakhand,Other
26/04/2026,French Beans(Frasbean),298,Dehradoon,Medium,Vikasnagar APMC,1600,1000,1600,Uttarakhand,Other
01/05/2026,French Beans(Frasbean),298,Dehradoon,Medium,Vikasnagar APMC,2600,1000,2600,Uttarakhand,Other
03/05/2026,French Beans(Frasbean),298,Dehradoon,Medium,Vikasnagar APMC,1200,1000,1200,Uttarakhand,Other
17/05/2026,French Beans(Frasbean),298,Dehradoon,Medium,Vikasnagar APMC,1800,1500,1800,Uttarakhand,Other
19/05/2026,French Beans(Frasbean),298,Dehradoon,Medium,Vikasnagar APMC,3000,2000,3000,Uttarakhand,Other
05/04/2026,French Beans(Frasbean),298,Dehradoon,Medium,Vikasnagar APMC,1200,1000,1200,Uttarakhand,Other
01/04/2026,Kinnow,336,Dehradoon,Medium,Vikasnagar APMC,1900,1800,1900,Uttarakhand,Other
15/04/2026,Kinnow,336,Dehradoon,Medium,Vikasnagar APMC,4000,3000,3500,Uttarakhand,Other
14/04/2026,Kinnow,336,Dehradoon,Medium,Vikasnagar APMC,3000,2500,3000,Uttarakhand,Other
02/02/2026,Field Pea,64,Dehradoon,Medium,Vikasnagar APMC,1500,1200,1500,Uttarakhand,Field Pea
13/02/2026,Field Pea,64,Dehradoon,Medium,Vikasnagar APMC,2000,1300,2000,Uttarakhand,Field Pea
19/02/2026,Field Pea,64,Dehradoon,Medium,Vikasnagar APMC,1000,1000,1000,Uttarakhand,Field Pea
23/02/2026,Field Pea,64,Dehradoon,Medium,Vikasnagar APMC,2500,1500,2500,Uttarakhand,Field Pea
26/02/2026,Field Pea,64,Dehradoon,Medium,Vikasnagar APMC,2500,2000,2500,Uttarakhand,Field Pea
27/02/2026,Field Pea,64,Dehradoon,Medium,Vikasnagar APMC,3500,2500,3500,Uttarakhand,Field Pea
02/02/2026,Green Chilli,87,Dehradoon,Medium,Vikasnagar APMC,2800,1200,2800,Uttarakhand,Green Chilly
04/02/2026,Green Chilli,87,Dehradoon,Medium,Vikasnagar APMC,2500,1200,2500,Uttarakhand,Green Chilly
08/02/2026,Green Chilli,87,Dehradoon,Medium,Vikasnagar APMC,2000,700,1500,Uttarakhand,Green Chilly
17/02/2026,Green Chilli,87,Dehradoon,Medium,Vikasnagar APMC,1800,1500,1800,Uttarakhand,Green Chilly
15/02/2026,Ginger(Green),103,Dehradoon,Medium,Vikasnagar APMC,6480,2600,5220,Uttarakhand,Green Ginger
06/02/2026,Ginger(Green),103,Dehradoon,Medium,Vikasnagar APMC,2800,2200,2800,Uttarakhand,Green Ginger
13/02/2026,Brinjal,35,Dehradoon,Medium,Vikasnagar APMC,1000,700,1000,Uttarakhand,Other
01/02/2026,Cucumbar(Kheera),159,Dehradoon,Medium,Vikasnagar APMC,2000,1800,2000,Uttarakhand,Other
04/02/2026,Cucumbar(Kheera),159,Dehradoon,Medium,Vikasnagar APMC,1200,1000,1200,Uttarakhand,Other
06/02/2026,Cucumbar(Kheera),159,Dehradoon,Medium,Vikasnagar APMC,1100,800,1100,Uttarakhand,Other
13/02/2026,Cucumbar(Kheera),159,Dehradoon,Medium,Vikasnagar APMC,1100,800,1100,Uttarakhand,Other
09/02/2026,Cucumbar(Kheera),159,Dehradoon,Medium,Vikasnagar APMC,1100,800,1000,Uttarakhand,Other
16/02/2026,Cucumbar(Kheera),159,Dehradoon,Medium,Vikasnagar APMC,1800,1400,1800,Uttarakhand,Other
26/02/2026,Cucumbar(Kheera),159,Dehradoon,Medium,Vikasnagar APMC,1500,700,1500,Uttarakhand,Other
15/02/2026,Green Chilli,87,Dehradoon,Medium,Vikasnagar APMC,6550,1500,2500,Uttarakhand,Green Chilly
27/02/2026,Raddish,161,Dehradoon,Medium,Vikasnagar APMC,1500,800,1500,Uttarakhand,Other
05/02/2026,Raddish,161,Dehradoon,Medium,Vikasnagar APMC,600,500,600,Uttarakhand,Other
10/02/2026,Cauliflower,34,Dehradoon,Medium,Vikasnagar APMC,800,500,800,Uttarakhand,Other
01/02/2026,Cauliflower,34,Dehradoon,Medium,Vikasnagar APMC,1400,300,1000,Uttarakhand,Other
02/02/2026,Cauliflower,34,Dehradoon,Medium,Vikasnagar APMC,600,500,600,Uttarakhand,Other
24/02/2026,Cauliflower,34,Dehradoon,Medium,Vikasnagar APMC,1200,700,1200,Uttarakhand,Other
06/02/2026,Carrot,153,Dehradoon,Medium,Vikasnagar APMC,800,500,800,Uttarakhand,Carrot
17/02/2026,Brinjal,35,Dehradoon,Medium,Vikasnagar APMC,800,600,800,Uttarakhand,Other
08/02/2026,Carrot,153,Dehradoon,Medium,Vikasnagar APMC,600,400,500,Uttarakhand,Carrot
09/02/2026,Potato,24,Dehradoon,Medium,Vikasnagar APMC,800,600,800,Uttarakhand,Other
11/02/2026,Cabbage,154,Dehradoon,Medium,Vikasnagar APMC,600,300,600,Uttarakhand,Cabbage
25/02/2026,Onion,23,Dehradoon,Medium,Vikasnagar APMC,1500,1000,1500,Uttarakhand,Other
20/02/2026,Onion,23,Dehradoon,Medium,Vikasnagar APMC,1400,1000,1400,Uttarakhand,Other
12/02/2026,Papaya,72,Dehradoon,Medium,Vikasnagar APMC,2200,1600,2200,Uttarakhand,Papaya
11/02/2026,Tomato,78,Dehradoon,Medium,Vikasnagar APMC,1500,1200,1400,Uttarakhand,Other
18/02/2026,Tomato,78,Dehradoon,Medium,Vikasnagar APMC,2200,800,2200,Uttarakhand,Other
16/02/2026,Tomato,78,Dehradoon,Medium,Vikasnagar APMC,1500,1200,1500,Uttarakhand,Other
12/02/2026,Onion,23,Dehradoon,Medium,Vikasnagar APMC,1500,1400,1500,Uttarakhand,Other
15/02/2026,Onion,23,Dehradoon,Medium,Vikasnagar APMC,900,800,900,Uttarakhand,Other
27/02/2026,Carrot,153,Dehradoon,Medium,Vikasnagar APMC,1500,1000,1500,Uttarakhand,Carrot
27/02/2026,Tomato,78,Dehradoon,Medium,Vikasnagar APMC,2000,1500,2000,Uttarakhand,Other
09/02/2026,Pumpkin,84,Dehradoon,Medium,Vikasnagar APMC,800,600,700,Uttarakhand,Pumpkin
20/02/2026,Pumpkin,84,Dehradoon,Medium,Vikasnagar APMC,800,400,800,Uttarakhand,Pumpkin
11/02/2026,French Beans(Frasbean),298,Dehradoon,Medium,Vikasnagar APMC,2200,1800,2200,Uttarakhand,Other
25/02/2026,French Beans(Frasbean),298,Dehradoon,Medium,Vikasnagar APMC,3000,2500,3000,Uttarakhand,Other
05/02/2026,Colacasia,318,Dehradoon,Medium,Vikasnagar APMC,1500,1400,1500,Uttarakhand,Other
02/02/2026,Kinnow,336,Dehradoon,Medium,Vikasnagar APMC,1700,1600,1700,Uttarakhand,Other
12/02/2026,Kinnow,336,Dehradoon,Medium,Vikasnagar APMC,2400,1500,2400,Uttarakhand,Other
15/02/2026,Kinnow,336,Dehradoon,Medium,Vikasnagar APMC,1800,1600,1800,Uttarakhand,Other
22/02/2026,Kinnow,336,Dehradoon,Medium,Vikasnagar APMC,2000,1000,1500,Uttarakhand,Other
22/02/2026,Pomegranate,190,Dehradoon,Medium,Vikasnagar APMC,4500,4000,4500,Uttarakhand,Other
19/02/2026,Guava,185,Dehradoon,Medium,Vikasnagar APMC,1900,1700,1900,Uttarakhand,Other
22/02/2026,Guava,185,Dehradoon,Medium,Vikasnagar APMC,2200,1200,2200,Uttarakhand,Other
12/02/2026,Bottle gourd,82,Dehradoon,Medium,Vikasnagar APMC,1500,1500,1500,Uttarakhand,Other
16/02/2026,Bottle gourd,82,Dehradoon,Medium,Vikasnagar APMC,2000,1500,2000,Uttarakhand,Other
02/02/2026,Ginger(Green),103,Dehradoon,Medium,Vikasnagar APMC,2500,2100,2500,Uttarakhand,Green Ginger
04/02/2026,Ginger(Green),103,Dehradoon,Medium,Vikasnagar APMC,4500,2500,4500,Uttarakhand,Green Ginger
27/02/2026,Bottle gourd,82,Dehradoon,Medium,Vikasnagar APMC,1800,1200,1800,Uttarakhand,Other
01/04/2026,Field Pea,64,Dehradoon,Medium,Vikasnagar APMC,1500,900,1300,Uttarakhand,Field Pea
13/03/2026,Guava,185,Dehradoon,Medium,Vikasnagar APMC,2400,1600,2400,Uttarakhand,Other
01/03/2026,Pomegranate,190,Dehradoon,Medium,Vikasnagar APMC,6000,5200,6000,Uttarakhand,Other
12/03/2026,Pomegranate,190,Dehradoon,Medium,Vikasnagar APMC,5500,4500,5500,Uttarakhand,Other
31/03/2026,Pomegranate,190,Dehradoon,Medium,Vikasnagar APMC,4500,3400,4500,Uttarakhand,Other
08/03/2026,Apple,17,Dehradoon,Medium,Vikasnagar APMC,6000,5000,6000,Uttarakhand,Other
12/03/2026,Apple,17,Dehradoon,Medium,Vikasnagar APMC,6000,5000,6000,Uttarakhand,Other
11/03/2026,Grapes,22,Dehradoon,Medium,Vikasnagar APMC,4000,2800,4000,Uttarakhand,Other
31/03/2026,Grapes,22,Dehradoon,Medium,Vikasnagar APMC,5500,2100,3000,Uttarakhand,Other
01/03/2026,Grapes,22,Dehradoon,Medium,Vikasnagar APMC,5200,5000,5200,Uttarakhand,Other
26/03/2026,Water Melon,73,Dehradoon,Medium,Vikasnagar APMC,1400,1000,1400,Uttarakhand,Other
06/03/2026,Cauliflower,34,Dehradoon,Medium,Vikasnagar APMC,800,500,800,Uttarakhand,Other
17/03/2026,Cauliflower,34,Dehradoon,Medium,Vikasnagar APMC,1000,500,1000,Uttarakhand,Other
24/03/2026,Cauliflower,34,Dehradoon,Medium,Vikasnagar APMC,600,500,600,Uttarakhand,Other
22/03/2026,Cauliflower,34,Dehradoon,Medium,Vikasnagar APMC,600,400,600,Uttarakhand,Other
03/03/2026,Potato,24,Dehradoon,Medium,Vikasnagar APMC,500,500,500,Uttarakhand,Other
09/03/2026,Onion,23,Dehradoon,Medium,Vikasnagar APMC,900,600,900,Uttarakhand,Other
12/03/2026,Onion,23,Dehradoon,Medium,Vikasnagar APMC,1400,1200,1400,Uttarakhand,Other
22/03/2026,Onion,23,Dehradoon,Medium,Vikasnagar APMC,1100,700,1100,Uttarakhand,Other
23/03/2026,Onion,23,Dehradoon,Medium,Vikasnagar APMC,700,700,700,Uttarakhand,Other
02/03/2026,French Beans(Frasbean),298,Dehradoon,Medium,Vikasnagar APMC,6500,3500,5500,Uttarakhand,Other
16/03/2026,Pumpkin,84,Dehradoon,Medium,Vikasnagar APMC,1000,500,1000,Uttarakhand,Pumpkin
25/03/2026,Pumpkin,84,Dehradoon,Medium,Vikasnagar APMC,700,500,700,Uttarakhand,Pumpkin
30/03/2026,Colacasia,318,Dehradoon,Medium,Vikasnagar APMC,2500,800,2000,Uttarakhand,Other
29/03/2026,Green Chilli,87,Dehradoon,Medium,Vikasnagar APMC,6000,2500,3500,Uttarakhand,Green Chilly
10/03/2026,Ginger(Green),103,Dehradoon,Medium,Vikasnagar APMC,2600,2400,2600,Uttarakhand,Green Ginger
25/03/2026,Raddish,161,Dehradoon,Medium,Vikasnagar APMC,600,400,600,Uttarakhand,Other
30/03/2026,Raddish,161,Dehradoon,Medium,Vikasnagar APMC,800,500,800,Uttarakhand,Other
01/03/2026,Raddish,161,Dehradoon,Medium,Vikasnagar APMC,1200,800,1200,Uttarakhand,Other
02/03/2026,Carrot,153,Dehradoon,Medium,Vikasnagar APMC,1500,1000,1500,Uttarakhand,Carrot
10/03/2026,Carrot,153,Dehradoon,Medium,Vikasnagar APMC,600,500,600,Uttarakhand,Carrot
08/03/2026,Carrot,153,Dehradoon,Medium,Vikasnagar APMC,600,500,600,Uttarakhand,Carrot
12/03/2026,Carrot,153,Dehradoon,Medium,Vikasnagar APMC,1000,800,1000,Uttarakhand,Carrot
19/03/2026,Carrot,153,Dehradoon,Medium,Vikasnagar APMC,1200,500,1200,Uttarakhand,Carrot
22/03/2026,Carrot,153,Dehradoon,Medium,Vikasnagar APMC,900,500,900,Uttarakhand,Carrot
09/03/2026,Field Pea,64,Dehradoon,Medium,Vikasnagar APMC,3000,1500,3000,Uttarakhand,Field Pea
19/03/2026,Field Pea,64,Dehradoon,Medium,Vikasnagar APMC,2000,1000,2000,Uttarakhand,Field Pea
08/03/2026,Papaya,72,Dehradoon,Medium,Vikasnagar APMC,1600,1400,1600,Uttarakhand,Papaya
12/03/2026,Papaya,72,Dehradoon,Medium,Vikasnagar APMC,1600,1400,1600,Uttarakhand,Papaya
31/03/2026,Papaya,72,Dehradoon,Medium,Vikasnagar APMC,1500,1000,1500,Uttarakhand,Papaya
05/03/2026,Bhindi(Ladies Finger),85,Dehradoon,Medium,Vikasnagar APMC,1500,1200,1500,Uttarakhand,Other
19/03/2026,Bhindi(Ladies Finger),85,Dehradoon,Medium,Vikasnagar APMC,2400,1800,2400,Uttarakhand,Other
03/03/2026,Green Chilli,87,Dehradoon,Medium,Vikasnagar APMC,4000,1600,3500,Uttarakhand,Green Chilly
01/03/2026,Green Chilli,87,Dehradoon,Medium,Vikasnagar APMC,4500,2500,3000,Uttarakhand,Green Chilly
09/03/2026,Green Chilli,87,Dehradoon,Medium,Vikasnagar APMC,2600,1500,2600,Uttarakhand,Green Chilly
06/03/2026,Green Chilli,87,Dehradoon,Medium,Vikasnagar APMC,2600,1500,2600,Uttarakhand,Green Chilly
06/03/2026,Tomato,78,Dehradoon,Medium,Vikasnagar APMC,2000,1500,2000,Uttarakhand,Other
11/03/2026,Tomato,78,Dehradoon,Medium,Vikasnagar APMC,2000,1400,2000,Uttarakhand,Other
15/03/2026,Tomato,78,Dehradoon,Medium,Vikasnagar APMC,1800,1200,1800,Uttarakhand,Other
22/03/2026,Tomato,78,Dehradoon,Medium,Vikasnagar APMC,1700,1500,1700,Uttarakhand,Other
30/03/2026,Ginger(Green),103,Dehradoon,Medium,Vikasnagar APMC,2200,1600,2200,Uttarakhand,Green Ginger
24/03/2026,Brinjal,35,Dehradoon,Medium,Vikasnagar APMC,800,800,800,Uttarakhand,Other
16/03/2026,Brinjal,35,Dehradoon,Medium,Vikasnagar APMC,1800,1200,1800,Uttarakhand,Other
29/03/2026,Brinjal,35,Dehradoon,Medium,Vikasnagar APMC,2000,1000,2000,Uttarakhand,Other
19/03/2026,Bottle gourd,82,Dehradoon,Medium,Vikasnagar APMC,1500,700,1500,Uttarakhand,Other
23/03/2026,Bottle gourd,82,Dehradoon,Medium,Vikasnagar APMC,1200,900,1200,Uttarakhand,Other
10/03/2026,Green Chilli,87,Dehradoon,Medium,Vikasnagar APMC,2800,1500,2800,Uttarakhand,Green Chilly
24/03/2026,Green Chilli,87,Dehradoon,Medium,Vikasnagar APMC,2700,1000,1500,Uttarakhand,Green Chilly
10/03/2026,Cucumbar(Kheera),159,Dehradoon,Medium,Vikasnagar APMC,1500,1000,1500,Uttarakhand,Other
19/03/2026,Cucumbar(Kheera),159,Dehradoon,Medium,Vikasnagar APMC,1200,700,1200,Uttarakhand,Other
29/03/2026,Cucumbar(Kheera),159,Dehradoon,Medium,Vikasnagar APMC,1200,1000,1200,Uttarakhand,Other
16/04/2026,Sponge gourd,311,Dehradoon,Medium,Vikasnagar APMC,1600,1200,1600,Uttarakhand,Other
28/04/2026,Sponge gourd,311,Dehradoon,Medium,Vikasnagar APMC,1400,1200,1400,Uttarakhand,Other
02/04/2026,Cucumbar(Kheera),159,Dehradoon,Medium,Vikasnagar APMC,1200,700,1200,Uttarakhand,Other
03/04/2026,Cucumbar(Kheera),159,Dehradoon,Medium,Vikasnagar APMC,1200,800,1200,Uttarakhand,Other
05/04/2026,Cucumbar(Kheera),159,Dehradoon,Medium,Vikasnagar APMC,1200,800,1200,Uttarakhand,Other
21/04/2026,Raddish,161,Dehradoon,Medium,Vikasnagar APMC,800,400,800,Uttarakhand,Other
26/04/2026,Raddish,161,Dehradoon,Medium,Vikasnagar APMC,600,500,600,Uttarakhand,Other
12/04/2026,Cucumbar(Kheera),159,Dehradoon,Medium,Vikasnagar APMC,1200,700,1200,Uttarakhand,Other
23/04/2026,Cucumbar(Kheera),159,Dehradoon,Medium,Vikasnagar APMC,1000,800,1000,Uttarakhand,Other
27/04/2026,Cucumbar(Kheera),159,Dehradoon,Medium,Vikasnagar APMC,1000,700,1000,Uttarakhand,Other
08/05/2026,Cucumbar(Kheera),159,Dehradoon,Medium,Vikasnagar APMC,1000,500,1000,Uttarakhand,Other
12/05/2026,Cucumbar(Kheera),159,Dehradoon,Medium,Vikasnagar APMC,1000,700,1000,Uttarakhand,Other
18/05/2026,Peach,331,Dehradoon,Medium,Vikasnagar APMC,2500,2000,2500,Uttarakhand,Other
11/05/2026,Brinjal,35,Dehradoon,Medium,Vikasnagar APMC,1000,800,1000,Uttarakhand,Other
06/04/2026,Brinjal,35,Dehradoon,Medium,Vikasnagar APMC,800,700,800,Uttarakhand,Other
07/05/2026,Cauliflower,34,Dehradoon,Medium,Vikasnagar APMC,1200,700,1200,Uttarakhand,Other
16/04/2026,Brinjal,35,Dehradoon,Medium,Vikasnagar APMC,1000,700,1000,Uttarakhand,Other
12/05/2026,Cauliflower,34,Dehradoon,Medium,Vikasnagar APMC,1000,700,1000,Uttarakhand,Other
12/04/2026,Cauliflower,34,Dehradoon,Medium,Vikasnagar APMC,8000,400,800,Uttarakhand,Other
22/04/2026,Brinjal,35,Dehradoon,Medium,Vikasnagar APMC,1200,1000,1200,Uttarakhand,Other
19/05/2026,Pumpkin,84,Dehradoon,Medium,Vikasnagar APMC,900,500,900,Uttarakhand,Pumpkin
28/04/2026,Papaya,72,Dehradoon,Medium,Vikasnagar APMC,2000,1800,2000,Uttarakhand,Papaya
07/05/2026,Ginger(Green),103,Dehradoon,Medium,Vikasnagar APMC,3000,2500,3000,Uttarakhand,Green Ginger
15/05/2026,Ginger(Green),103,Dehradoon,Medium,Vikasnagar APMC,2100,2000,2100,Uttarakhand,Green Ginger
17/05/2026,Ginger(Green),103,Dehradoon,Medium,Vikasnagar APMC,2500,2100,2500,Uttarakhand,Green Ginger
15/05/2026,Papaya,72,Dehradoon,Medium,Vikasnagar APMC,1600,1400,1600,Uttarakhand,Papaya
18/05/2026,Tomato,78,Dehradoon,Medium,Vikasnagar APMC,1000,800,1000,Uttarakhand,Other
03/05/2026,Bitter gourd,81,Dehradoon,Medium,Vikasnagar APMC,1500,1000,1500,Uttarakhand,Other
17/05/2026,Bitter gourd,81,Dehradoon,Medium,Vikasnagar APMC,1000,800,1000,Uttarakhand,Other
04/05/2026,Tomato,78,Dehradoon,Medium,Vikasnagar APMC,1100,1000,1100,Uttarakhand,Other
07/05/2026,Tomato,78,Dehradoon,Medium,Vikasnagar APMC,1500,800,1500,Uttarakhand,Other
10/05/2026,Tomato,78,Dehradoon,Medium,Vikasnagar APMC,1500,1000,1500,Uttarakhand,Other
06/04/2026,Bitter gourd,81,Dehradoon,Medium,Vikasnagar APMC,2100,1500,2100,Uttarakhand,Other
14/05/2026,Bhindi(Ladies Finger),85,Dehradoon,Medium,Vikasnagar APMC,1400,1000,1400,Uttarakhand,Other
19/05/2026,Bhindi(Ladies Finger),85,Dehradoon,Medium,Vikasnagar APMC,1200,1000,1200,Uttarakhand,Other
23/04/2026,Tomato,78,Dehradoon,Medium,Vikasnagar APMC,1200,1000,1200,Uttarakhand,Other
02/04/2026,Bhindi(Ladies Finger),85,Dehradoon,Medium,Vikasnagar APMC,2400,1500,2400,Uttarakhand,Other
30/04/2026,Bhindi(Ladies Finger),85,Dehradoon,Medium,Vikasnagar APMC,1400,1000,1400,Uttarakhand,Other
01/04/2026,Tomato,78,Dehradoon,Medium,Vikasnagar APMC,1200,800,1200,Uttarakhand,Other
20/04/2026,Bhindi(Ladies Finger),85,Dehradoon,Medium,Vikasnagar APMC,2200,1500,2200,Uttarakhand,Other
22/04/2026,Tomato,78,Dehradoon,Medium,Vikasnagar APMC,1200,800,1200,Uttarakhand,Other
06/05/2026,Bhindi(Ladies Finger),85,Dehradoon,Medium,Vikasnagar APMC,2000,1800,2000,Uttarakhand,Other
08/05/2026,Bhindi(Ladies Finger),85,Dehradoon,Medium,Vikasnagar APMC,1200,1000,1200,Uttarakhand,Other
10/05/2026,Bhindi(Ladies Finger),85,Dehradoon,Medium,Vikasnagar APMC,1500,1400,1500,Uttarakhand,Other
09/04/2026,Green Chilli,87,Dehradoon,Medium,Vikasnagar APMC,2500,1500,2500,Uttarakhand,Green Chilly
14/04/2026,Green Chilli,87,Dehradoon,Medium,Vikasnagar APMC,1900,1600,1900,Uttarakhand,Green Chilly
16/04/2026,Green Chilli,87,Dehradoon,Medium,Vikasnagar APMC,2000,1000,1500,Uttarakhand,Green Chilly
16/04/2026,Water Melon,73,Dehradoon,Medium,Vikasnagar APMC,699,500,699,Uttarakhand,Other
04/05/2026,Water Melon,73,Dehradoon,Medium,Vikasnagar APMC,800,500,800,Uttarakhand,Other
18/05/2026,Water Melon,73,Dehradoon,Medium,Vikasnagar APMC,500,500,500,Uttarakhand,Other
02/04/2026,Green Chilli,87,Dehradoon,Medium,Vikasnagar APMC,2600,1200,2600,Uttarakhand,Green Chilly
03/04/2026,Green Chilli,87,Dehradoon,Medium,Vikasnagar APMC,3500,1000,2500,Uttarakhand,Green Chilly
24/04/2026,Green Chilli,87,Dehradoon,Medium,Vikasnagar APMC,2000,1800,2000,Uttarakhand,Green Chilly
30/04/2026,Pumpkin,84,Dehradoon,Medium,Vikasnagar APMC,1000,700,1000,Uttarakhand,Pumpkin
05/05/2026,Pumpkin,84,Dehradoon,Medium,Vikasnagar APMC,1000,800,1000,Uttarakhand,Pumpkin
17/04/2026,Mousambi(Sweet Lime),77,Dehradoon,Grade B,Vikasnagar APMC,2500,2200,2500,Uttarakhand,Other
06/04/2026,Pumpkin,84,Dehradoon,Medium,Vikasnagar APMC,1000,500,1000,Uttarakhand,Pumpkin
16/04/2026,Pumpkin,84,Dehradoon,Medium,Vikasnagar APMC,800,600,800,Uttarakhand,Pumpkin
19/04/2026,Pumpkin,84,Dehradoon,Medium,Vikasnagar APMC,1200,700,1200,Uttarakhand,Pumpkin
20/04/2026,Pumpkin,84,Dehradoon,Medium,Vikasnagar APMC,1200,800,1200,Uttarakhand,Pumpkin
21/04/2026,Pumpkin,84,Dehradoon,Medium,Vikasnagar APMC,1000,800,1000,Uttarakhand,Pumpkin
22/04/2026,Pumpkin,84,Dehradoon,Medium,Vikasnagar APMC,1000,700,1000,Uttarakhand,Pumpkin
02/12/2025,Cauliflower,34,Dehradoon,Medium,Vikasnagar APMC,1200,500,700,Uttarakhand,Other
02/12/2025,Ginger(Green),103,Dehradoon,Medium,Vikasnagar APMC,2500,2100,2500,Uttarakhand,Green Ginger
09/12/2025,Ginger(Green),103,Dehradoon,Medium,Vikasnagar APMC,2500,1200,2000,Uttarakhand,Green Ginger
07/12/2025,Ginger(Green),103,Dehradoon,Medium,Vikasnagar APMC,2500,1000,2000,Uttarakhand,Green Ginger
22/12/2025,Ginger(Green),103,Dehradoon,Medium,Vikasnagar APMC,2500,2000,2500,Uttarakhand,Green Ginger
17/11/2025,Raddish,161,Dehradoon,Medium,Vikasnagar APMC,1200,600,1000,Uttarakhand,Other
30/11/2025,Carrot,153,Dehradoon,Medium,Vikasnagar APMC,1500,1000,1200,Uttarakhand,Carrot
16/11/2025,Carrot,153,Dehradoon,Medium,Vikasnagar APMC,1200,1200,1200,Uttarakhand,Carrot
26/11/2025,Carrot,153,Dehradoon,Medium,Vikasnagar APMC,2500,700,1200,Uttarakhand,Carrot
13/11/2025,Ginger(Green),103,Dehradoon,Medium,Vikasnagar APMC,2400,1700,2200,Uttarakhand,Green Ginger
12/12/2025,Ginger(Green),103,Dehradoon,Medium,Vikasnagar APMC,2500,2000,2500,Uttarakhand,Green Ginger
14/12/2025,Ginger(Green),103,Dehradoon,Medium,Vikasnagar APMC,2300,2000,2300,Uttarakhand,Green Ginger
29/12/2025,French Beans(Frasbean),298,Dehradoon,Medium,Vikasnagar APMC,1000,1000,1000,Uttarakhand,Other
08/01/2026,Kinnow,336,Dehradoon,Medium,Vikasnagar APMC,1000,1000,1000,Uttarakhand,Other
09/01/2026,Ginger(Green),103,Dehradoon,Medium,Vikasnagar APMC,2000,2000,2000,Uttarakhand,Green Ginger
09/01/2026,Apple,17,Dehradoon,Medium,Vikasnagar APMC,2600,2000,2600,Uttarakhand,Other
02/12/2025,Green Chilli,87,Dehradoon,Medium,Vikasnagar APMC,2300,1200,1600,Uttarakhand,Green Chilly
05/12/2025,Green Chilli,87,Dehradoon,Medium,Vikasnagar APMC,3000,1800,2500,Uttarakhand,Green Chilly
10/12/2025,Green Chilli,87,Dehradoon,Medium,Vikasnagar APMC,3000,1400,2000,Uttarakhand,Green Chilly
21/12/2025,Ginger(Green),103,Dehradoon,Medium,Vikasnagar APMC,5980,2500,4260,Uttarakhand,Green Ginger
04/12/2025,Cauliflower,34,Dehradoon,Medium,Vikasnagar APMC,1300,600,1300,Uttarakhand,Other
12/12/2025,Cauliflower,34,Dehradoon,Medium,Vikasnagar APMC,1400,700,1200,Uttarakhand,Other
26/12/2025,Cauliflower,34,Dehradoon,Medium,Vikasnagar APMC,1200,500,1000,Uttarakhand,Other
31/12/2025,Cauliflower,34,Dehradoon,Medium,Vikasnagar APMC,1200,1000,1200,Uttarakhand,Other
14/12/2025,Green Chilli,87,Dehradoon,Medium,Vikasnagar APMC,2400,1500,2400,Uttarakhand,Green Chilly
26/12/2025,Pumpkin,84,Dehradoon,Medium,Vikasnagar APMC,500,500,500,Uttarakhand,Pumpkin
28/12/2025,Pumpkin,84,Dehradoon,Medium,Vikasnagar APMC,800,700,800,Uttarakhand,Pumpkin
14/12/2025,Potato,24,Dehradoon,Medium,Vikasnagar APMC,1300,1000,1300,Uttarakhand,Other
26/12/2025,Potato,24,Dehradoon,Medium,Vikasnagar APMC,1100,1100,1100,Uttarakhand,Other
09/12/2025,Papaya,72,Dehradoon,Medium,Vikasnagar APMC,2000,1400,1800,Uttarakhand,Papaya
02/12/2025,Bottle gourd,82,Dehradoon,Medium,Vikasnagar APMC,800,600,700,Uttarakhand,Other
28/12/2025,Pomegranate,190,Dehradoon,Medium,Vikasnagar APMC,6500,6500,6500,Uttarakhand,Other
02/12/2025,Pomegranate,190,Dehradoon,Medium,Vikasnagar APMC,5000,4500,5000,Uttarakhand,Other
18/12/2025,Pomegranate,190,Dehradoon,Medium,Vikasnagar APMC,4000,2500,3000,Uttarakhand,Other
09/12/2025,Pomegranate,190,Dehradoon,Medium,Vikasnagar APMC,6000,4000,5200,Uttarakhand,Other
18/12/2025,Guava,185,Dehradoon,Medium,Vikasnagar APMC,2200,1500,1800,Uttarakhand,Other
25/12/2025,Guava,185,Dehradoon,Medium,Vikasnagar APMC,2100,1500,2100,Uttarakhand,Other
22/12/2025,Tomato,78,Dehradoon,Medium,Vikasnagar APMC,2500,1200,2000,Uttarakhand,Other
01/12/2025,Potato,24,Dehradoon,Medium,Vikasnagar APMC,1200,1100,1200,Uttarakhand,Other
30/12/2025,Potato,24,Dehradoon,Medium,Vikasnagar APMC,400,300,400,Uttarakhand,Other
12/12/2025,Cucumbar(Kheera),159,Dehradoon,Medium,Vikasnagar APMC,1400,1200,1400,Uttarakhand,Other
10/12/2025,Cucumbar(Kheera),159,Dehradoon,Medium,Vikasnagar APMC,1400,800,1200,Uttarakhand,Other
05/12/2025,Cucumbar(Kheera),159,Dehradoon,Medium,Vikasnagar APMC,1500,1000,1500,Uttarakhand,Other
28/12/2025,Mousambi(Sweet Lime),77,Dehradoon,Medium,Vikasnagar APMC,2000,1800,2000,Uttarakhand,Other
23/12/2025,Tomato,78,Dehradoon,Medium,Vikasnagar APMC,2000,1000,1500,Uttarakhand,Other
07/12/2025,Tomato,78,Dehradoon,Medium,Vikasnagar APMC,2000,1600,2000,Uttarakhand,Other
02/12/2025,Field Pea,64,Dehradoon,Medium,Vikasnagar APMC,5000,2800,3500,Uttarakhand,Field Pea
03/12/2025,Field Pea,64,Dehradoon,Medium,Vikasnagar APMC,4600,4000,4600,Uttarakhand,Field Pea
10/12/2025,Field Pea,64,Dehradoon,Medium,Vikasnagar APMC,3500,1500,2500,Uttarakhand,Field Pea
11/12/2025,Field Pea,64,Dehradoon,Medium,Vikasnagar APMC,3000,2400,3000,Uttarakhand,Field Pea
12/12/2025,Field Pea,64,Dehradoon,Medium,Vikasnagar APMC,3500,2000,2500,Uttarakhand,Field Pea
15/12/2025,Field Pea,64,Dehradoon,Medium,Vikasnagar APMC,3500,1500,2500,Uttarakhand,Field Pea
29/12/2025,Field Pea,64,Dehradoon,Medium,Vikasnagar APMC,2500,1500,2000,Uttarakhand,Field Pea
31/12/2025,Field Pea,64,Dehradoon,Medium,Vikasnagar APMC,3200,1600,2600,Uttarakhand,Field Pea
17/12/2025,Apple,17,Dehradoon,Medium,Vikasnagar APMC,6500,4500,6500,Uttarakhand,Other
16/12/2025,Pumpkin,84,Dehradoon,Medium,Vikasnagar APMC,1200,800,1200,Uttarakhand,Pumpkin
16/12/2025,Onion,23,Dehradoon,Medium,Vikasnagar APMC,1000,900,1000,Uttarakhand,Other
03/12/2025,Onion,23,Dehradoon,Medium,Vikasnagar APMC,800,700,800,Uttarakhand,Other
02/12/2025,Kinnow,336,Dehradoon,Medium,Vikasnagar APMC,1400,1000,1200,Uttarakhand,Other
17/12/2025,Kinnow,336,Dehradoon,Medium,Vikasnagar APMC,1600,1200,1500,Uttarakhand,Other
24/12/2025,Kinnow,336,Dehradoon,Medium,Vikasnagar APMC,1300,700,1300,Uttarakhand,Other
18/12/2025,Carrot,153,Dehradoon,Medium,Vikasnagar APMC,1000,800,1000,Uttarakhand,Carrot
19/12/2025,Carrot,153,Dehradoon,Medium,Vikasnagar APMC,1000,800,1000,Uttarakhand,Carrot
29/12/2025,Carrot,153,Dehradoon,Medium,Vikasnagar APMC,500,500,500,Uttarakhand,Carrot
28/12/2025,Carrot,153,Dehradoon,Medium,Vikasnagar APMC,700,600,700,Uttarakhand,Carrot
15/12/2025,Brinjal,35,Dehradoon,Medium,Vikasnagar APMC,1200,800,1200,Uttarakhand,Other
02/12/2025,Carrot,153,Dehradoon,Medium,Vikasnagar APMC,1200,700,1000,Uttarakhand,Carrot
08/12/2025,Carrot,153,Dehradoon,Medium,Vikasnagar APMC,1400,800,1200,Uttarakhand,Carrot
04/12/2025,Carrot,153,Dehradoon,Medium,Vikasnagar APMC,1200,700,1200,Uttarakhand,Carrot
12/12/2025,Carrot,153,Dehradoon,Medium,Vikasnagar APMC,1400,1200,1400,Uttarakhand,Carrot
19/12/2025,Raddish,161,Dehradoon,Medium,Vikasnagar APMC,600,400,600,Uttarakhand,Other
11/12/2025,French Beans(Frasbean),298,Dehradoon,Medium,Vikasnagar APMC,2500,2500,2500,Uttarakhand,Other
28/12/2025,Colacasia,318,Dehradoon,Medium,Vikasnagar APMC,1400,1400,1400,Uttarakhand,Other
02/12/2025,Colacasia,318,Dehradoon,Medium,Vikasnagar APMC,1400,1400,1400,Uttarakhand,Other
15/12/2025,Colacasia,318,Dehradoon,Medium,Vikasnagar APMC,1500,1200,1500,Uttarakhand,Other
22/12/2025,Colacasia,318,Dehradoon,Medium,Vikasnagar APMC,2500,1500,2500,Uttarakhand,Other
03/11/2025,Pomegranate,190,Dehradoon,Medium,Vikasnagar APMC,5000,5000,5000,Uttarakhand,Other
05/11/2025,Pomegranate,190,Dehradoon,Medium,Vikasnagar APMC,6500,5500,6500,Uttarakhand,Other
11/11/2025,Cucumbar(Kheera),159,Dehradoon,Medium,Vikasnagar APMC,1200,800,1000,Uttarakhand,Other
24/11/2025,Cucumbar(Kheera),159,Dehradoon,Medium,Vikasnagar APMC,700,500,700,Uttarakhand,Other
27/11/2025,Cucumbar(Kheera),159,Dehradoon,FAQ,Vikasnagar APMC,1200,1000,1200,Uttarakhand,Other
30/11/2025,Cucumbar(Kheera),159,Dehradoon,Medium,Vikasnagar APMC,1500,1000,1200,Uttarakhand,Other
25/11/2025,Raddish,161,Dehradoon,Medium,Vikasnagar APMC,500,500,500,Uttarakhand,Other
19/11/2025,Colacasia,318,Dehradoon,Medium,Vikasnagar APMC,900,800,900,Uttarakhand,Other
24/11/2025,Colacasia,318,Dehradoon,Medium,Vikasnagar APMC,2000,1400,2000,Uttarakhand,Other
09/11/2025,Colacasia,318,Dehradoon,Medium,Vikasnagar APMC,1962,1962,1962,Uttarakhand,Other
26/11/2025,Kinnow,336,Dehradoon,Medium,Vikasnagar APMC,1700,1000,1500,Uttarakhand,Other
18/11/2025,Kinnow,336,Dehradoon,Medium,Vikasnagar APMC,1500,1500,1500,Uttarakhand,Other
05/11/2025,Brinjal,35,Dehradoon,FAQ,Vikasnagar APMC,1100,1000,1100,Uttarakhand,Other
11/11/2025,Brinjal,35,Dehradoon,Medium,Vikasnagar APMC,1200,800,1000,Uttarakhand,Other
12/11/2025,Brinjal,35,Dehradoon,Medium,Vikasnagar APMC,1300,1000,1300,Uttarakhand,Other
28/11/2025,Onion,23,Dehradoon,FAQ,Vikasnagar APMC,1500,1200,1200,Uttarakhand,Other
16/11/2025,Potato,24,Dehradoon,Medium,Vikasnagar APMC,1200,700,1200,Uttarakhand,Other
16/11/2025,Onion,23,Dehradoon,Medium,Vikasnagar APMC,1400,700,1400,Uttarakhand,Other
10/11/2025,Potato,24,Dehradoon,Medium,Vikasnagar APMC,1200,800,1000,Uttarakhand,Other
13/11/2025,Potato,24,Dehradoon,FAQ,Vikasnagar APMC,2500,1400,1800,Uttarakhand,Other
03/11/2025,French Beans(Frasbean),298,Dehradoon,FAQ,Vikasnagar APMC,2500,2200,2500,Uttarakhand,Other
16/11/2025,French Beans(Frasbean),298,Dehradoon,Medium,Vikasnagar APMC,2500,2000,2500,Uttarakhand,Other
30/11/2025,French Beans(Frasbean),298,Dehradoon,Medium,Vikasnagar APMC,3200,2600,2800,Uttarakhand,Other
28/11/2025,French Beans(Frasbean),298,Dehradoon,FAQ,Vikasnagar APMC,2800,2400,2600,Uttarakhand,Other
09/11/2025,French Beans(Frasbean),298,Dehradoon,Medium,Vikasnagar APMC,2903,2903,2903,Uttarakhand,Other
27/11/2025,Ginger(Green),103,Dehradoon,Medium,Vikasnagar APMC,2500,2000,2500,Uttarakhand,Green Ginger
21/11/2025,Green Chilli,87,Dehradoon,Medium,Vikasnagar APMC,2400,2200,2400,Uttarakhand,Green Chilly
27/11/2025,Cabbage,154,Dehradoon,FAQ,Vikasnagar APMC,1200,800,1000,Uttarakhand,Other
05/11/2025,Ginger(Green),103,Dehradoon,FAQ,Vikasnagar APMC,2900,1700,2900,Uttarakhand,Other
02/11/2025,Ginger(Green),103,Dehradoon,FAQ,Vikasnagar APMC,2500,2100,2500,Uttarakhand,Other
17/11/2025,Cauliflower,34,Dehradoon,Medium,Vikasnagar APMC,2500,800,1500,Uttarakhand,Other
09/11/2025,Cauliflower,34,Dehradoon,Medium,Vikasnagar APMC,1369,1369,1369,Uttarakhand,Other
30/11/2025,Cauliflower,34,Dehradoon,Medium,Vikasnagar APMC,1500,900,1200,Uttarakhand,Other
03/11/2025,Cauliflower,34,Dehradoon,FAQ,Vikasnagar APMC,3500,900,2900,Uttarakhand,Other
26/11/2025,Banana,19,Dehradoon,Medium,Vikasnagar APMC,800,500,600,Uttarakhand,Other
20/11/2025,Banana,19,Dehradoon,Medium,Vikasnagar APMC,800,700,800,Uttarakhand,Other
21/11/2025,Apple,17,Dehradoon,Medium,Vikasnagar APMC,6500,5500,6500,Uttarakhand,Other
04/11/2025,Tomato,78,Dehradoon,Non-FAQ,Vikasnagar APMC,2500,1800,2500,Uttarakhand,Other
14/11/2025,Tomato,78,Dehradoon,Medium,Vikasnagar APMC,2500,1700,2000,Uttarakhand,Other
18/11/2025,Tomato,78,Dehradoon,Medium,Vikasnagar APMC,1000,700,1000,Uttarakhand,Other
02/11/2025,Apple,17,Dehradoon,Medium,Vikasnagar APMC,6500,5000,6500,Uttarakhand,Other
05/11/2025,Apple,17,Dehradoon,Medium,Vikasnagar APMC,6500,5500,6500,Uttarakhand,Other
04/11/2025,Field Pea,64,Dehradoon,FAQ,Vikasnagar APMC,6500,5000,6500,Uttarakhand,Other
13/11/2025,Bitter gourd,81,Dehradoon,FAQ,Vikasnagar APMC,1300,700,1300,Uttarakhand,Other
10/11/2025,Bottle gourd,82,Dehradoon,Medium,Vikasnagar APMC,1200,800,1200,Uttarakhand,Other
16/11/2025,Ginger(Green),103,Dehradoon,Medium,Vikasnagar APMC,2000,1800,2000,Uttarakhand,Green Ginger
25/11/2025,Ginger(Green),103,Dehradoon,Medium,Vikasnagar APMC,2300,1800,1900,Uttarakhand,Green Ginger
30/11/2025,Bottle gourd,82,Dehradoon,Medium,Vikasnagar APMC,1400,700,1000,Uttarakhand,Other
05/11/2025,Papaya,72,Dehradoon,Medium,Vikasnagar APMC,1500,1400,1500,Uttarakhand,Other
02/11/2025,Green Chilli,87,Dehradoon,FAQ,Vikasnagar APMC,4500,2400,4500,Uttarakhand,Other
30/11/2025,Pumpkin,84,Dehradoon,Medium,Vikasnagar APMC,750,500,750,Uttarakhand,Pumpkin
13/11/2025,Field Pea,64,Dehradoon,FAQ,Vikasnagar APMC,5500,5000,5500,Uttarakhand,Field Pea
16/11/2025,Field Pea,64,Dehradoon,Medium,Vikasnagar APMC,4000,2500,4000,Uttarakhand,Field Pea
26/11/2025,Field Pea,64,Dehradoon,Medium,Vikasnagar APMC,3000,3000,3000,Uttarakhand,Field Pea
07/01/2026,Field Pea,64,Dehradoon,Medium,Vikasnagar APMC,2500,1200,2500,Uttarakhand,Field Pea
09/01/2026,Field Pea,64,Dehradoon,Medium,Vikasnagar APMC,2500,1500,2500,Uttarakhand,Field Pea
20/01/2026,Field Pea,64,Dehradoon,Medium,Vikasnagar APMC,1000,800,1000,Uttarakhand,Field Pea
22/01/2026,Field Pea,64,Dehradoon,Medium,Vikasnagar APMC,2500,2000,2500,Uttarakhand,Field Pea
28/01/2026,Field Pea,64,Dehradoon,Medium,Vikasnagar APMC,1000,800,1000,Uttarakhand,Field Pea
21/01/2026,Mousambi(Sweet Lime),77,Dehradoon,Medium,Vikasnagar APMC,1600,1500,1600,Uttarakhand,Other
07/01/2026,Apple,17,Dehradoon,Medium,Vikasnagar APMC,5000,3000,5000,Uttarakhand,Other
20/01/2026,Apple,17,Dehradoon,Medium,Vikasnagar APMC,5500,5000,5500,Uttarakhand,Other
06/01/2026,Brinjal,35,Dehradoon,Medium,Vikasnagar APMC,800,800,800,Uttarakhand,Other
07/01/2026,Potato,24,Dehradoon,Medium,Vikasnagar APMC,1000,500,1000,Uttarakhand,Other
08/01/2026,Potato,24,Dehradoon,Medium,Vikasnagar APMC,1020,300,500,Uttarakhand,Other
01/01/2026,Cauliflower,34,Dehradoon,Medium,Vikasnagar APMC,800,600,800,Uttarakhand,Other
04/01/2026,Cauliflower,34,Dehradoon,Medium,Vikasnagar APMC,500,300,500,Uttarakhand,Other
13/01/2026,Cauliflower,34,Dehradoon,Medium,Vikasnagar APMC,500,400,500,Uttarakhand,Other
20/01/2026,Cauliflower,34,Dehradoon,Medium,Vikasnagar APMC,1000,200,500,Uttarakhand,Other
27/01/2026,Cauliflower,34,Dehradoon,Medium,Vikasnagar APMC,1500,500,1000,Uttarakhand,Other
30/01/2026,Cauliflower,34,Dehradoon,Medium,Vikasnagar APMC,600,300,600,Uttarakhand,Other
23/01/2026,Onion,23,Dehradoon,Medium,Vikasnagar APMC,1000,700,1000,Uttarakhand,Other
07/01/2026,Onion,23,Dehradoon,Medium,Vikasnagar APMC,2000,800,1500,Uttarakhand,Other
13/01/2026,Onion,23,Dehradoon,Medium,Vikasnagar APMC,700,700,700,Uttarakhand,Other
13/01/2026,Colacasia,318,Dehradoon,Medium,Vikasnagar APMC,1600,1400,1600,Uttarakhand,Other
18/01/2026,Colacasia,318,Dehradoon,Medium,Vikasnagar APMC,1500,1400,1500,Uttarakhand,Other
26/01/2026,Colacasia,318,Dehradoon,Medium,Vikasnagar APMC,2500,2500,2500,Uttarakhand,Other
01/01/2026,Green Chilli,87,Dehradoon,Medium,Vikasnagar APMC,1400,1200,1400,Uttarakhand,Green Chilly
04/01/2026,Green Chilli,87,Dehradoon,Medium,Vikasnagar APMC,2600,1200,2600,Uttarakhand,Green Chilly
05/01/2026,Raddish,161,Dehradoon,Medium,Vikasnagar APMC,1000,300,1000,Uttarakhand,Other
06/01/2026,Raddish,161,Dehradoon,Medium,Vikasnagar APMC,800,500,800,Uttarakhand,Other
14/01/2026,Raddish,161,Dehradoon,Medium,Vikasnagar APMC,500,500,500,Uttarakhand,Other
18/01/2026,Raddish,161,Dehradoon,Medium,Vikasnagar APMC,500,500,500,Uttarakhand,Other
13/01/2026,French Beans(Frasbean),298,Dehradoon,Medium,Vikasnagar APMC,1200,1000,1200,Uttarakhand,Other
16/01/2026,French Beans(Frasbean),298,Dehradoon,Medium,Vikasnagar APMC,2500,2500,2500,Uttarakhand,Other
26/01/2026,French Beans(Frasbean),298,Dehradoon,Medium,Vikasnagar APMC,3000,2500,3000,Uttarakhand,Other
04/01/2026,Tomato,78,Dehradoon,Medium,Vikasnagar APMC,2200,1800,2200,Uttarakhand,Other
13/01/2026,Tomato,78,Dehradoon,Medium,Vikasnagar APMC,22000,1800,2200,Uttarakhand,Other
21/01/2026,Tomato,78,Dehradoon,Medium,Vikasnagar APMC,2200,1800,2200,Uttarakhand,Other
16/01/2026,Tomato,78,Dehradoon,Medium,Vikasnagar APMC,2000,1800,2000,Uttarakhand,Other
18/01/2026,Tomato,78,Dehradoon,Medium,Vikasnagar APMC,2500,1800,2500,Uttarakhand,Other
22/01/2026,Tomato,78,Dehradoon,Medium,Vikasnagar APMC,2000,1800,2000,Uttarakhand,Other
09/01/2026,Kinnow,336,Dehradoon,Medium,Vikasnagar APMC,1200,1000,1200,Uttarakhand,Other
20/01/2026,Kinnow,336,Dehradoon,Medium,Vikasnagar APMC,1800,1500,1800,Uttarakhand,Other
09/01/2026,Pumpkin,84,Dehradoon,Medium,Vikasnagar APMC,800,400,800,Uttarakhand,Pumpkin
08/01/2026,Guava,185,Dehradoon,Medium,Vikasnagar APMC,2200,1000,1500,Uttarakhand,Other
19/01/2026,Green Chilli,87,Dehradoon,Medium,Vikasnagar APMC,2500,1200,2500,Uttarakhand,Green Chilly
13/01/2026,Green Chilli,87,Dehradoon,Medium,Vikasnagar APMC,2500,1200,2500,Uttarakhand,Green Chilly
14/01/2026,Bottle gourd,82,Dehradoon,Medium,Vikasnagar APMC,700,600,700,Uttarakhand,Other
15/01/2026,Bottle gourd,82,Dehradoon,Medium,Vikasnagar APMC,1000,500,1000,Uttarakhand,Other
29/01/2026,Bottle gourd,82,Dehradoon,Medium,Vikasnagar APMC,1200,1000,1200,Uttarakhand,Other
02/01/2026,Cucumbar(Kheera),159,Dehradoon,Medium,Vikasnagar APMC,800,700,800,Uttarakhand,Other
06/01/2026,Cucumbar(Kheera),159,Dehradoon,Medium,Vikasnagar APMC,1000,800,1000,Uttarakhand,Other
14/01/2026,Cucumbar(Kheera),159,Dehradoon,Medium,Vikasnagar APMC,700,600,700,Uttarakhand,Other
12/01/2026,Cucumbar(Kheera),159,Dehradoon,Medium,Vikasnagar APMC,1000,800,1000,Uttarakhand,Other
25/01/2026,Carrot,153,Dehradoon,Medium,Vikasnagar APMC,1200,600,1200,Uttarakhand,Carrot
27/01/2026,Carrot,153,Dehradoon,Medium,Vikasnagar APMC,700,600,700,Uttarakhand,Carrot
29/01/2026,Carrot,153,Dehradoon,Medium,Vikasnagar APMC,1000,600,1000,Uttarakhand,Carrot
14/01/2026,Carrot,153,Dehradoon,Medium,Vikasnagar APMC,800,700,800,Uttarakhand,Carrot
20/01/2026,Carrot,153,Dehradoon,Medium,Vikasnagar APMC,800,500,800,Uttarakhand,Carrot
29/01/2026,Pumpkin,84,Dehradoon,Medium,Vikasnagar APMC,1000,600,1000,Uttarakhand,Pumpkin
22/01/2026,Pumpkin,84,Dehradoon,Medium,Vikasnagar APMC,800,500,800,Uttarakhand,Pumpkin
20/01/2026,Pomegranate,190,Dehradoon,Medium,Vikasnagar APMC,6500,2000,6500,Uttarakhand,Other
30/01/2026,Green Chilli,87,Dehradoon,Medium,Vikasnagar APMC,3000,1200,3000,Uttarakhand,Green Chilly
15/05/2026,Wheat,1,Dehradoon,FAQ,Vikasnagar APMC,2645,2645,2645,Uttarakhand,Other
18/05/2026,Wheat,1,Dehradoon,FAQ,Vikasnagar APMC,2585,2585,2585,Uttarakhand,Other
21/04/2026,Wheat,1,Dehradoon,FAQ,Vikasnagar APMC,2590,2590,2590,Uttarakhand,Other
27/04/2026,Wheat,1,Dehradoon,FAQ,Vikasnagar APMC,2600,2600,2600,Uttarakhand,Other
24/04/2026,Mango,20,Dehradoon,Medium,Vikasnagar APMC,4000,3500,4000,Uttarakhand,Other
01/04/2026,Guava,185,Dehradoon,Medium,Vikasnagar APMC,2500,2000,2500,Uttarakhand,Other
17/05/2026,Guava,185,Dehradoon,Medium,Vikasnagar APMC,2500,2400,2500,Uttarakhand,Other
01/04/2026,Banana,19,Dehradoon,Medium,Vikasnagar APMC,1000,800,1000,Uttarakhand,Other
14/04/2026,Banana,19,Dehradoon,Medium,Vikasnagar APMC,1200,700,1200,Uttarakhand,Other
15/05/2026,Karbuja(Musk Melon),187,Dehradoon,Medium,Vikasnagar APMC,1500,1000,1500,Uttarakhand,Other
03/04/2026,Ginger(Green),103,Dehradoon,Medium,Vikasnagar APMC,2400,2400,2400,Uttarakhand,Green Ginger
05/04/2026,Ginger(Green),103,Dehradoon,Medium,Vikasnagar APMC,2500,2300,2500,Uttarakhand,Green Ginger
17/05/2026,Bottle gourd,82,Dehradoon,Medium,Vikasnagar APMC,800,700,800,Uttarakhand,Other
03/04/2026,Field Pea,64,Dehradoon,Medium,Vikasnagar APMC,1800,1000,1800,Uttarakhand,Field Pea
10/04/2026,Field Pea,64,Dehradoon,Medium,Vikasnagar APMC,2300,1500,2300,Uttarakhand,Field Pea
15/04/2026,Field Pea,64,Dehradoon,Medium,Vikasnagar APMC,2000,900,2000,Uttarakhand,Field Pea
29/04/2026,Field Pea,64,Dehradoon,Medium,Vikasnagar APMC,3200,1800,3200,Uttarakhand,Field Pea
30/04/2026,Field Pea,64,Dehradoon,Medium,Vikasnagar APMC,3000,1500,2000,Uttarakhand,Field Pea
01/05/2026,Field Pea,64,Dehradoon,Medium,Vikasnagar APMC,2000,1200,2000,Uttarakhand,Field Pea
03/05/2026,Field Pea,64,Dehradoon,Medium,Vikasnagar APMC,2600,1200,2600,Uttarakhand,Field Pea
06/05/2026,Field Pea,64,Dehradoon,Medium,Vikasnagar APMC,2100,1500,2100,Uttarakhand,Field Pea
08/05/2026,Field Pea,64,Dehradoon,Medium,Vikasnagar APMC,2000,1200,2000,Uttarakhand,Field Pea
11/05/2026,Field Pea,64,Dehradoon,Medium,Vikasnagar APMC,2000,1500,2000,Uttarakhand,Field Pea
11/05/2026,Bottle gourd,82,Dehradoon,Medium,Vikasnagar APMC,1000,500,1000,Uttarakhand,Other
15/04/2026,Bottle gourd,82,Dehradoon,Medium,Vikasnagar APMC,800,600,800,Uttarakhand,Other
19/04/2026,Bottle gourd,82,Dehradoon,Medium,Vikasnagar APMC,1200,1000,1200,Uttarakhand,Other
27/04/2026,Bottle gourd,82,Dehradoon,Medium,Vikasnagar APMC,1000,700,1000,Uttarakhand,Other
03/04/2026,Bottle gourd,82,Dehradoon,Medium,Vikasnagar APMC,1200,800,1200,Uttarakhand,Other
13/04/2026,Bottle gourd,82,Dehradoon,Medium,Vikasnagar APMC,1400,800,1400,Uttarakhand,Other
01/05/2026,Bottle gourd,82,Dehradoon,Medium,Vikasnagar APMC,700,500,700,Uttarakhand,Other
04/05/2026,Bottle gourd,82,Dehradoon,Medium,Vikasnagar APMC,1000,800,1000,Uttarakhand,Other
24/04/2026,Onion,23,Dehradoon,Medium,Vikasnagar APMC,1100,1000,1100,Uttarakhand,Other
27/04/2026,Onion,23,Dehradoon,Medium,Vikasnagar APMC,1000,800,1000,Uttarakhand,Other
10/04/2026,Grapes,22,Dehradoon,Medium,Vikasnagar APMC,3000,2200,3000,Uttarakhand,Other
18/05/2026,Grapes,22,Dehradoon,Medium,Vikasnagar APMC,4500,4000,4500,Uttarakhand,Other
09/04/2026,Potato,24,Dehradoon,Medium,Vikasnagar APMC,400,400,400,Uttarakhand,Other
10/04/2026,Potato,24,Dehradoon,Medium,Vikasnagar APMC,400,400,400,Uttarakhand,Other
10/04/2026,Kinnow,336,Dehradoon,Medium,Vikasnagar APMC,3200,2500,3200,Uttarakhand,Other
01/05/2026,Onion,23,Dehradoon,Medium,Vikasnagar APMC,1000,800,1000,Uttarakhand,Other
11/05/2026,Onion,23,Dehradoon,Medium,Vikasnagar APMC,800,800,800,Uttarakhand,Other
17/05/2026,Onion,23,Dehradoon,Medium,Vikasnagar APMC,700,700,700,Uttarakhand,Other
07/04/2026,Pomegranate,190,Dehradoon,Medium,Vikasnagar APMC,4500,3500,4500,Uttarakhand,Other
15/04/2026,Pomegranate,190,Dehradoon,Grade B,Vikasnagar APMC,6000,4000,4500,Uttarakhand,Other
08/05/2026,Pomegranate,190,Dehradoon,Medium,Vikasnagar APMC,4600,3600,4600,Uttarakhand,Other
18/05/2026,Pomegranate,190,Dehradoon,Medium,Vikasnagar APMC,5000,4500,5000,Uttarakhand,Other
01/04/2026,French Beans(Frasbean),298,Dehradoon,Medium,Vikasnagar APMC,1500,1200,1500,Uttarakhand,Other
21/04/2026,French Beans(Frasbean),298,Dehradoon,Medium,Vikasnagar APMC,1500,1200,1500,Uttarakhand,Other
12/05/2026,French Beans(Frasbean),298,Dehradoon,Medium,Vikasnagar APMC,1200,1000,1200,Uttarakhand,Other
13/05/2026,French Beans(Frasbean),298,Dehradoon,Medium,Vikasnagar APMC,2000,1400,2000,Uttarakhand,Other
21/12/2025,Cucumbar(Kheera),159,Dehradoon,Medium,Vikasnagar APMC,1500,1000,1200,Uttarakhand,Other
26/12/2025,Cucumbar(Kheera),159,Dehradoon,Medium,Vikasnagar APMC,1000,800,1000,Uttarakhand,Other
17/12/2025,Pomegranate,190,Dehradoon,Medium,Vikasnagar APMC,6500,4500,5500,Uttarakhand,Other
09/12/2025,Guava,185,Dehradoon,Medium,Vikasnagar APMC,2000,1000,1600,Uttarakhand,Other
15/12/2025,Raddish,161,Dehradoon,Medium,Vikasnagar APMC,1200,500,1200,Uttarakhand,Other
30/12/2025,Raddish,161,Dehradoon,Medium,Vikasnagar APMC,500,400,500,Uttarakhand,Other
31/12/2025,Carrot,153,Dehradoon,Medium,Vikasnagar APMC,1000,1000,1000,Uttarakhand,Carrot
09/12/2025,Potato,24,Dehradoon,Medium,Vikasnagar APMC,600,600,600,Uttarakhand,Other
25/12/2025,Apple,17,Dehradoon,Medium,Vikasnagar APMC,2500,1600,2500,Uttarakhand,Other
28/12/2025,Apple,17,Dehradoon,Medium,Vikasnagar APMC,7500,5000,6500,Uttarakhand,Other
05/12/2025,Tomato,78,Dehradoon,Medium,Vikasnagar APMC,1900,1500,1900,Uttarakhand,Other
08/12/2025,Tomato,78,Dehradoon,Medium,Vikasnagar APMC,2500,1600,2000,Uttarakhand,Other
10/12/2025,Tomato,78,Dehradoon,Medium,Vikasnagar APMC,2200,1500,2200,Uttarakhand,Other
01/12/2025,Apple,17,Dehradoon,Medium,Vikasnagar APMC,5500,5500,5500,Uttarakhand,Other
25/12/2025,Banana,19,Dehradoon,Medium,Vikasnagar APMC,650,500,650,Uttarakhand,Other
19/12/2025,Pumpkin,84,Dehradoon,Medium,Vikasnagar APMC,800,500,800,Uttarakhand,Pumpkin
25/12/2025,Green Chilli,87,Dehradoon,Medium,Vikasnagar APMC,2500,900,1700,Uttarakhand,Green Chilly
24/12/2025,Pumpkin,84,Dehradoon,Medium,Vikasnagar APMC,800,400,800,Uttarakhand,Pumpkin
07/12/2025,Carrot,153,Dehradoon,Medium,Vikasnagar APMC,1000,700,1000,Uttarakhand,Carrot
10/12/2025,Carrot,153,Dehradoon,Medium,Vikasnagar APMC,1600,600,1200,Uttarakhand,Carrot
21/12/2025,Carrot,153,Dehradoon,Medium,Vikasnagar APMC,1000,600,1000,Uttarakhand,Carrot
17/12/2025,Coconut Seed,112,Dehradoon,FAQ,Vikasnagar APMC,3800,3500,3800,Uttarakhand,Other
11/12/2025,Raddish,161,Dehradoon,Medium,Vikasnagar APMC,800,600,800,Uttarakhand,Other
12/12/2025,Raddish,161,Dehradoon,Medium,Vikasnagar APMC,1000,800,1000,Uttarakhand,Other
14/12/2025,Raddish,161,Dehradoon,Medium,Vikasnagar APMC,500,400,500,Uttarakhand,Other
25/12/2025,Cucumbar(Kheera),159,Dehradoon,Medium,Vikasnagar APMC,1200,1000,1200,Uttarakhand,Other
16/12/2025,Tomato,78,Dehradoon,Medium,Vikasnagar APMC,2000,1500,2000,Uttarakhand,Other
14/12/2025,Tomato,78,Dehradoon,Medium,Vikasnagar APMC,2500,1800,2500,Uttarakhand,Other
17/12/2025,Tomato,78,Dehradoon,FAQ,Vikasnagar APMC,2200,1900,2100,Uttarakhand,Other
18/12/2025,Field Pea,64,Dehradoon,Medium,Vikasnagar APMC,6040,5560,5830,Uttarakhand,Field Pea
18/12/2025,Ginger(Green),103,Dehradoon,Medium,Vikasnagar APMC,3800,2800,3200,Uttarakhand,Green Ginger
01/12/2025,Ginger(Green),103,Dehradoon,Medium,Vikasnagar APMC,2300,1900,2300,Uttarakhand,Green Ginger
03/12/2025,Ginger(Green),103,Dehradoon,Medium,Vikasnagar APMC,2100,1800,2100,Uttarakhand,Green Ginger
04/12/2025,Ginger(Green),103,Dehradoon,Medium,Vikasnagar APMC,2100,2000,2100,Uttarakhand,Green Ginger
29/12/2025,Ginger(Green),103,Dehradoon,Medium,Vikasnagar APMC,2600,2000,2600,Uttarakhand,Green Ginger
09/12/2025,Onion,23,Dehradoon,Medium,Vikasnagar APMC,1000,800,900,Uttarakhand,Other
05/12/2025,Onion,23,Dehradoon,Medium,Vikasnagar APMC,1100,600,800,Uttarakhand,Other
10/12/2025,Onion,23,Dehradoon,Medium,Vikasnagar APMC,1000,800,1000,Uttarakhand,Other
12/12/2025,Onion,23,Dehradoon,Medium,Vikasnagar APMC,1100,700,1100,Uttarakhand,Other
03/12/2025,French Beans(Frasbean),298,Dehradoon,Medium,Vikasnagar APMC,2600,2200,2400,Uttarakhand,Other
25/12/2025,Kinnow,336,Dehradoon,Medium,Vikasnagar APMC,2500,1200,1600,Uttarakhand,Other
01/12/2025,Brinjal,35,Dehradoon,Medium,Vikasnagar APMC,1000,800,1000,Uttarakhand,Other
23/12/2025,Brinjal,35,Dehradoon,Medium,Vikasnagar APMC,1400,1200,1400,Uttarakhand,Other
30/12/2025,Brinjal,35,Dehradoon,Medium,Vikasnagar APMC,600,600,600,Uttarakhand,Other
09/12/2025,Cauliflower,34,Dehradoon,Medium,Vikasnagar APMC,1300,700,1300,Uttarakhand,Other
08/12/2025,Cauliflower,34,Dehradoon,Medium,Vikasnagar APMC,1500,1000,1500,Uttarakhand,Other
14/12/2025,Cauliflower,34,Dehradoon,Medium,Vikasnagar APMC,1500,700,1500,Uttarakhand,Other
10/12/2025,Brinjal,35,Dehradoon,Medium,Vikasnagar APMC,1400,500,1000,Uttarakhand,Other
11/12/2025,Brinjal,35,Dehradoon,Medium,Vikasnagar APMC,1400,1200,1400,Uttarakhand,Other
23/12/2025,Cauliflower,34,Dehradoon,Medium,Vikasnagar APMC,1200,700,1000,Uttarakhand,Other
17/12/2025,Cauliflower,34,Dehradoon,FAQ,Vikasnagar APMC,1400,500,1100,Uttarakhand,Other
21/12/2025,Cauliflower,34,Dehradoon,Medium,Vikasnagar APMC,1700,500,1000,Uttarakhand,Other
07/12/2025,Green Chilli,87,Dehradoon,Medium,Vikasnagar APMC,1500,1000,1200,Uttarakhand,Green Chilly
07/12/2025,Pumpkin,84,Dehradoon,Medium,Vikasnagar APMC,600,500,600,Uttarakhand,Pumpkin
18/12/2025,Mousambi(Sweet Lime),77,Dehradoon,Medium,Vikasnagar APMC,2200,1800,2000,Uttarakhand,Other
25/12/2025,Pumpkin,84,Dehradoon,Medium,Vikasnagar APMC,1200,300,700,Uttarakhand,Pumpkin
08/12/2025,Bottle gourd,82,Dehradoon,Medium,Vikasnagar APMC,1800,800,1500,Uttarakhand,Other
11/12/2025,Bottle gourd,82,Dehradoon,Medium,Vikasnagar APMC,1200,1000,1200,Uttarakhand,Other
23/12/2025,Colacasia,318,Dehradoon,Medium,Vikasnagar APMC,2500,2000,2500,Uttarakhand,Other
31/12/2025,Colacasia,318,Dehradoon,Medium,Vikasnagar APMC,2800,2600,2800,Uttarakhand,Other
09/12/2025,Colacasia,318,Dehradoon,Medium,Vikasnagar APMC,1500,700,900,Uttarakhand,Other
04/12/2025,Colacasia,318,Dehradoon,Medium,Vikasnagar APMC,2000,1500,2000,Uttarakhand,Other
01/12/2025,Carrot,153,Dehradoon,Medium,Vikasnagar APMC,1200,700,1200,Uttarakhand,Carrot
05/12/2025,Carrot,153,Dehradoon,Medium,Vikasnagar APMC,1500,1000,1200,Uttarakhand,Carrot
01/12/2025,Field Pea,64,Dehradoon,Medium,Vikasnagar APMC,3100,3000,3100,Uttarakhand,Field Pea
14/12/2025,Field Pea,64,Dehradoon,Medium,Vikasnagar APMC,3200,2800,3200,Uttarakhand,Field Pea
17/12/2025,Field Pea,64,Dehradoon,FAQ,Vikasnagar APMC,3100,2900,3000,Uttarakhand,Field Pea
24/12/2025,Field Pea,64,Dehradoon,Medium,Vikasnagar APMC,2000,1000,1500,Uttarakhand,Field Pea
22/12/2025,Bottle gourd,82,Dehradoon,Medium,Vikasnagar APMC,1200,800,1000,Uttarakhand,Other
23/11/2025,Cauliflower,34,Dehradoon,Medium,Vikasnagar APMC,2200,500,1800,Uttarakhand,Other
02/11/2025,Cauliflower,34,Dehradoon,FAQ,Vikasnagar APMC,3000,800,3000,Uttarakhand,Other
16/11/2025,Cauliflower,34,Dehradoon,Medium,Vikasnagar APMC,2000,1000,2000,Uttarakhand,Other
19/11/2025,Green Chilli,87,Dehradoon,Medium,Vikasnagar APMC,1500,1500,1500,Uttarakhand,Green Chilly
19/11/2025,Carrot,153,Dehradoon,Medium,Vikasnagar APMC,1000,700,1000,Uttarakhand,Carrot
04/11/2025,Green Chilli,87,Dehradoon,FAQ,Vikasnagar APMC,2400,2000,2400,Uttarakhand,Other
05/11/2025,Green Chilli,87,Dehradoon,FAQ,Vikasnagar APMC,2500,2100,2500,Uttarakhand,Other
06/11/2025,Green Chilli,87,Dehradoon,FAQ,Vikasnagar APMC,2500,1800,2000,Uttarakhand,Other
26/11/2025,Pumpkin,84,Dehradoon,Medium,Vikasnagar APMC,800,600,800,Uttarakhand,Pumpkin
18/11/2025,Pumpkin,84,Dehradoon,Medium,Vikasnagar APMC,500,500,500,Uttarakhand,Pumpkin
11/11/2025,Cauliflower,34,Dehradoon,Medium,Vikasnagar APMC,2500,700,1400,Uttarakhand,Other
12/11/2025,Cauliflower,34,Dehradoon,Medium,Vikasnagar APMC,1600,800,1600,Uttarakhand,Other
12/11/2025,Pumpkin,84,Dehradoon,Medium,Vikasnagar APMC,1000,700,1000,Uttarakhand,Pumpkin
03/11/2025,Methi Seeds,47,Dehradoon,FAQ,Vikasnagar APMC,1800,1800,1800,Uttarakhand,Other
18/11/2025,Apple,17,Dehradoon,Medium,Vikasnagar APMC,4200,3000,4000,Uttarakhand,Other
19/11/2025,Tomato,78,Dehradoon,Medium,Vikasnagar APMC,1400,800,1000,Uttarakhand,Other
20/11/2025,Tomato,78,Dehradoon,Medium,Vikasnagar APMC,2500,1800,2000,Uttarakhand,Other
24/11/2025,Tomato,78,Dehradoon,Medium,Vikasnagar APMC,1800,900,1400,Uttarakhand,Other
17/11/2025,Tomato,78,Dehradoon,Medium,Vikasnagar APMC,1400,1000,1200,Uttarakhand,Other
11/11/2025,Tomato,78,Dehradoon,Medium,Vikasnagar APMC,1500,1000,1200,Uttarakhand,Other
02/11/2025,Bitter gourd,81,Dehradoon,FAQ,Vikasnagar APMC,1200,1000,1200,Uttarakhand,Other
13/11/2025,Green Chilli,87,Dehradoon,FAQ,Vikasnagar APMC,4500,2100,2500,Uttarakhand,Green Chilly
27/11/2025,Tomato,78,Dehradoon,FAQ,Vikasnagar APMC,1500,1000,1200,Uttarakhand,Other
03/11/2025,Bottle gourd,82,Dehradoon,FAQ,Vikasnagar APMC,1500,1300,1500,Uttarakhand,Other
02/11/2025,Bottle gourd,82,Dehradoon,FAQ,Vikasnagar APMC,2000,1400,2000,Uttarakhand,Other
21/11/2025,Bottle gourd,82,Dehradoon,Medium,Vikasnagar APMC,1200,1000,1200,Uttarakhand,Other
28/11/2025,Bottle gourd,82,Dehradoon,Medium,Vikasnagar APMC,1500,1000,1200,Uttarakhand,Other
02/11/2025,Colacasia,318,Dehradoon,FAQ,Vikasnagar APMC,2500,1500,2500,Uttarakhand,Other
04/11/2025,Colacasia,318,Dehradoon,FAQ,Vikasnagar APMC,2200,1400,2200,Uttarakhand,Other
18/11/2025,Colacasia,318,Dehradoon,Medium,Vikasnagar APMC,1000,800,1000,Uttarakhand,Other
20/11/2025,Colacasia,318,Dehradoon,Medium,Vikasnagar APMC,2200,1800,2200,Uttarakhand,Other
23/11/2025,Colacasia,318,Dehradoon,Medium,Vikasnagar APMC,1800,1300,1500,Uttarakhand,Other
12/11/2025,Colacasia,318,Dehradoon,Medium,Vikasnagar APMC,2500,1000,2100,Uttarakhand,Other
14/11/2025,Raddish,161,Dehradoon,Medium,Vikasnagar APMC,500,500,500,Uttarakhand,Other
09/11/2025,Ginger(Green),103,Dehradoon,Local,Vikasnagar APMC,2703,2703,2703,Uttarakhand,Green Ginger
21/11/2025,Raddish,161,Dehradoon,Medium,Vikasnagar APMC,800,500,800,Uttarakhand,Other
03/11/2025,Guava,185,Dehradoon,Medium,Vikasnagar APMC,2500,2200,2500,Uttarakhand,Other
05/11/2025,Guava,185,Dehradoon,Medium,Vikasnagar APMC,2400,1700,2400,Uttarakhand,Other
21/11/2025,Guava,185,Dehradoon,Medium,Vikasnagar APMC,2300,1700,2300,Uttarakhand,Other
12/11/2025,French Beans(Frasbean),298,Dehradoon,Medium,Vikasnagar APMC,4000,3000,3500,Uttarakhand,Other
04/11/2025,French Beans(Frasbean),298,Dehradoon,FAQ,Vikasnagar APMC,3000,2100,3000,Uttarakhand,Other
06/11/2025,French Beans(Frasbean),298,Dehradoon,FAQ,Vikasnagar APMC,2500,2000,2500,Uttarakhand,Other
11/11/2025,Sponge gourd,311,Dehradoon,Medium,Vikasnagar APMC,1200,1000,1200,Uttarakhand,Other
18/11/2025,Pomegranate,190,Dehradoon,Medium,Vikasnagar APMC,6500,3200,5200,Uttarakhand,Other
26/11/2025,Pomegranate,190,Dehradoon,Medium,Vikasnagar APMC,6500,3500,4500,Uttarakhand,Other
21/11/2025,Cucumbar(Kheera),159,Dehradoon,Medium,Vikasnagar APMC,1200,500,1200,Uttarakhand,Other
25/11/2025,Green Chilli,87,Dehradoon,Medium,Vikasnagar APMC,2100,1500,2100,Uttarakhand,Green Chilly
24/11/2025,Ginger(Green),103,Dehradoon,Medium,Vikasnagar APMC,2000,1800,2000,Uttarakhand,Green Ginger
21/11/2025,Potato,24,Dehradoon,Medium,Vikasnagar APMC,1200,1200,1200,Uttarakhand,Other
03/11/2025,Potato,24,Dehradoon,Non-FAQ,Vikasnagar APMC,1300,1300,1300,Uttarakhand,Other
26/11/2025,Onion,23,Dehradoon,Medium,Vikasnagar APMC,700,700,700,Uttarakhand,Other
23/11/2025,Onion,23,Dehradoon,Medium,Vikasnagar APMC,900,800,900,Uttarakhand,Other
25/11/2025,Onion,23,Dehradoon,Medium,Vikasnagar APMC,900,700,800,Uttarakhand,Other
02/11/2025,Banana,19,Dehradoon,Medium,Vikasnagar APMC,1000,800,1000,Uttarakhand,Other
14/11/2025,Banana,19,Dehradoon,Medium,Vikasnagar APMC,900,900,900,Uttarakhand,Other
20/11/2025,Papaya,72,Dehradoon,Medium,Vikasnagar APMC,1500,1500,1500,Uttarakhand,Papaya
19/02/2026,Pumpkin,84,Dehradoon,Medium,Vikasnagar APMC,1200,1000,1200,Uttarakhand,Pumpkin
23/02/2026,Pumpkin,84,Dehradoon,Medium,Vikasnagar APMC,1500,400,800,Uttarakhand,Pumpkin
26/02/2026,Pumpkin,84,Dehradoon,Medium,Vikasnagar APMC,1200,800,1200,Uttarakhand,Pumpkin
22/02/2026,Raddish,161,Dehradoon,Medium,Vikasnagar APMC,500,400,500,Uttarakhand,Other
25/02/2026,Raddish,161,Dehradoon,Medium,Vikasnagar APMC,1000,700,1000,Uttarakhand,Other
10/02/2026,Tomato,78,Dehradoon,Medium,Vikasnagar APMC,2500,1800,2300,Uttarakhand,Other
15/02/2026,Tomato,78,Dehradoon,Medium,Vikasnagar APMC,2500,1900,2500,Uttarakhand,Other
20/02/2026,Tomato,78,Dehradoon,Medium,Vikasnagar APMC,1000,500,1000,Uttarakhand,Other
06/02/2026,Bottle gourd,82,Dehradoon,Medium,Vikasnagar APMC,900,700,900,Uttarakhand,Other
17/02/2026,Bottle gourd,82,Dehradoon,Medium,Vikasnagar APMC,800,500,800,Uttarakhand,Other
25/02/2026,Bottle gourd,82,Dehradoon,Medium,Vikasnagar APMC,1800,1000,1800,Uttarakhand,Other
08/02/2026,Ginger(Green),103,Dehradoon,Medium,Vikasnagar APMC,1800,1200,1500,Uttarakhand,Green Ginger
03/02/2026,Ginger(Green),103,Dehradoon,Medium,Vikasnagar APMC,2500,2100,2500,Uttarakhand,Green Ginger
15/02/2026,Bitter gourd,81,Dehradoon,Medium,Vikasnagar APMC,3000,1500,2000,Uttarakhand,Other
16/02/2026,Brinjal,35,Dehradoon,Medium,Vikasnagar APMC,1200,1000,1200,Uttarakhand,Other
23/02/2026,Green Chilli,87,Dehradoon,Medium,Vikasnagar APMC,2500,2000,2500,Uttarakhand,Green Chilly
11/02/2026,Onion,23,Dehradoon,Medium,Vikasnagar APMC,1500,1400,1500,Uttarakhand,Other
23/02/2026,Carrot,153,Dehradoon,Medium,Vikasnagar APMC,1000,700,1000,Uttarakhand,Carrot
04/02/2026,Garlic,25,Dehradoon,Grade Range-2,Vikasnagar APMC,9880,3500,9880,Uttarakhand,Other
04/02/2026,Field Pea,64,Dehradoon,Medium,Vikasnagar APMC,1500,1200,1500,Uttarakhand,Field Pea
12/02/2026,Field Pea,64,Dehradoon,Medium,Vikasnagar APMC,1500,1200,1500,Uttarakhand,Field Pea
20/02/2026,Field Pea,64,Dehradoon,Medium,Vikasnagar APMC,1450,1000,1450,Uttarakhand,Field Pea
11/02/2026,Raddish,161,Dehradoon,Medium,Vikasnagar APMC,600,300,500,Uttarakhand,Other
16/02/2026,Raddish,161,Dehradoon,Medium,Vikasnagar APMC,500,300,500,Uttarakhand,Other
17/02/2026,Cucumbar(Kheera),159,Dehradoon,Medium,Vikasnagar APMC,1000,600,1000,Uttarakhand,Other
18/02/2026,Cucumbar(Kheera),159,Dehradoon,Medium,Vikasnagar APMC,1000,700,1000,Uttarakhand,Other
25/02/2026,Carrot,153,Dehradoon,Medium,Vikasnagar APMC,1500,1000,1500,Uttarakhand,Carrot
20/02/2026,Potato,24,Dehradoon,Medium,Vikasnagar APMC,600,400,600,Uttarakhand,Other
24/02/2026,Potato,24,Dehradoon,Medium,Vikasnagar APMC,600,400,600,Uttarakhand,Other
10/02/2026,French Beans(Frasbean),298,Dehradoon,Medium,Vikasnagar APMC,2600,2400,2500,Uttarakhand,Other
05/02/2026,French Beans(Frasbean),298,Dehradoon,Medium,Vikasnagar APMC,2500,1000,2500,Uttarakhand,Other
24/02/2026,French Beans(Frasbean),298,Dehradoon,Medium,Vikasnagar APMC,3500,2500,3500,Uttarakhand,Other
02/02/2026,Papaya,72,Dehradoon,Medium,Vikasnagar APMC,1800,1600,1800,Uttarakhand,Papaya
02/02/2026,Pomegranate,190,Dehradoon,Medium,Vikasnagar APMC,6500,5500,6500,Uttarakhand,Other
23/02/2026,Guava,185,Dehradoon,Medium,Vikasnagar APMC,2000,1200,2000,Uttarakhand,Other
03/02/2026,Tomato,78,Dehradoon,Medium,Vikasnagar APMC,2600,1900,2600,Uttarakhand,Other
26/02/2026,Tomato,78,Dehradoon,Medium,Vikasnagar APMC,2500,2000,2500,Uttarakhand,Other
13/02/2026,Pumpkin,84,Dehradoon,Medium,Vikasnagar APMC,800,600,800,Uttarakhand,Pumpkin
17/02/2026,Pumpkin,84,Dehradoon,Medium,Vikasnagar APMC,500,500,500,Uttarakhand,Pumpkin
06/02/2026,Pumpkin,84,Dehradoon,Medium,Vikasnagar APMC,800,700,800,Uttarakhand,Pumpkin
08/02/2026,Pumpkin,84,Dehradoon,Medium,Vikasnagar APMC,600,400,500,Uttarakhand,Pumpkin
20/02/2026,Colacasia,318,Dehradoon,Medium,Vikasnagar APMC,1000,800,1000,Uttarakhand,Other
22/02/2026,Colacasia,318,Dehradoon,Medium,Vikasnagar APMC,2000,1300,2000,Uttarakhand,Other
19/02/2026,Kinnow,336,Dehradoon,Medium,Vikasnagar APMC,1800,1700,1800,Uttarakhand,Other
17/02/2026,Carrot,153,Dehradoon,Medium,Vikasnagar APMC,900,800,900,Uttarakhand,Carrot
11/02/2026,Carrot,153,Dehradoon,Medium,Vikasnagar APMC,1200,700,1000,Uttarakhand,Carrot
13/02/2026,Potato,24,Dehradoon,Medium,Vikasnagar APMC,800,600,800,Uttarakhand,Other
10/02/2026,Carrot,153,Dehradoon,Medium,Vikasnagar APMC,700,600,700,Uttarakhand,Carrot
05/02/2026,Cauliflower,34,Dehradoon,Medium,Vikasnagar APMC,1000,50,1000,Uttarakhand,Other
17/02/2026,Cauliflower,34,Dehradoon,Medium,Vikasnagar APMC,1200,500,1000,Uttarakhand,Other
12/02/2026,Cauliflower,34,Dehradoon,Medium,Vikasnagar APMC,600,300,600,Uttarakhand,Other
15/02/2026,Cauliflower,34,Dehradoon,Medium,Vikasnagar APMC,700,500,700,Uttarakhand,Other
19/02/2026,Cauliflower,34,Dehradoon,Medium,Vikasnagar APMC,700,400,700,Uttarakhand,Other
05/01/2026,Potato,24,Dehradoon,Medium,Vikasnagar APMC,400,350,400,Uttarakhand,Other
08/01/2026,Field Pea,64,Dehradoon,Medium,Vikasnagar APMC,1500,1500,1500,Uttarakhand,Field Pea
14/01/2026,Field Pea,64,Dehradoon,Medium,Vikasnagar APMC,1400,1200,1300,Uttarakhand,Field Pea
27/01/2026,Field Pea,64,Dehradoon,Medium,Vikasnagar APMC,1300,1300,1300,Uttarakhand,Field Pea
29/01/2026,Field Pea,64,Dehradoon,Medium,Vikasnagar APMC,1600,1200,1600,Uttarakhand,Field Pea
02/01/2026,Green Chilli,87,Dehradoon,Medium,Vikasnagar APMC,1500,1200,1500,Uttarakhand,Green Chilly
28/01/2026,Green Chilli,87,Dehradoon,Medium,Vikasnagar APMC,2000,800,2000,Uttarakhand,Green Chilly
29/01/2026,Green Chilli,87,Dehradoon,Medium,Vikasnagar APMC,2800,1200,2200,Uttarakhand,Green Chilly
28/01/2026,Papaya,72,Dehradoon,Medium,Vikasnagar APMC,2200,1500,2200,Uttarakhand,Papaya
21/01/2026,Papaya,72,Dehradoon,Medium,Vikasnagar APMC,1500,1400,1500,Uttarakhand,Papaya
01/01/2026,Bottle gourd,82,Dehradoon,Medium,Vikasnagar APMC,700,600,700,Uttarakhand,Other
12/01/2026,Bottle gourd,82,Dehradoon,Medium,Vikasnagar APMC,1000,800,1000,Uttarakhand,Other
16/01/2026,Bottle gourd,82,Dehradoon,Medium,Vikasnagar APMC,1200,800,1200,Uttarakhand,Other
25/01/2026,Bottle gourd,82,Dehradoon,Medium,Vikasnagar APMC,1500,700,1500,Uttarakhand,Other
12/01/2026,Brinjal,35,Dehradoon,Medium,Vikasnagar APMC,1000,800,1000,Uttarakhand,Other
13/01/2026,Brinjal,35,Dehradoon,Medium,Vikasnagar APMC,1000,1000,1000,Uttarakhand,Other
21/01/2026,Cauliflower,34,Dehradoon,Medium,Vikasnagar APMC,600,400,600,Uttarakhand,Other
26/01/2026,Brinjal,35,Dehradoon,Medium,Vikasnagar APMC,1500,700,1500,Uttarakhand,Other
25/01/2026,Cauliflower,34,Dehradoon,Medium,Vikasnagar APMC,1000,500,800,Uttarakhand,Other
26/01/2026,Cauliflower,34,Dehradoon,Medium,Vikasnagar APMC,2500,500,1000,Uttarakhand,Other
29/01/2026,Brinjal,35,Dehradoon,Medium,Vikasnagar APMC,800,500,800,Uttarakhand,Other
30/01/2026,Onion,23,Dehradoon,Medium,Vikasnagar APMC,1800,1000,1800,Uttarakhand,Other
04/01/2026,Onion,23,Dehradoon,Medium,Vikasnagar APMC,900,650,900,Uttarakhand,Other
08/01/2026,Onion,23,Dehradoon,Medium,Vikasnagar APMC,900,500,700,Uttarakhand,Other
19/01/2026,Potato,24,Dehradoon,Medium,Vikasnagar APMC,1100,1000,1100,Uttarakhand,Other
30/01/2026,Potato,24,Dehradoon,Medium,Vikasnagar APMC,600,400,600,Uttarakhand,Other
12/01/2026,Cauliflower,34,Dehradoon,Medium,Vikasnagar APMC,800,500,800,Uttarakhand,Other
23/01/2026,Ginger(Green),103,Dehradoon,Medium,Vikasnagar APMC,2500,1500,2500,Uttarakhand,Green Ginger
02/01/2026,Tomato,78,Dehradoon,Medium,Vikasnagar APMC,1400,1000,1400,Uttarakhand,Other
06/01/2026,Tomato,78,Dehradoon,Medium,Vikasnagar APMC,2000,2000,2000,Uttarakhand,Other
21/01/2026,Carrot,153,Dehradoon,Medium,Vikasnagar APMC,800,500,800,Uttarakhand,Carrot
23/01/2026,Carrot,153,Dehradoon,Medium,Vikasnagar APMC,700,700,700,Uttarakhand,Carrot
19/01/2026,Carrot,153,Dehradoon,Medium,Vikasnagar APMC,600,400,600,Uttarakhand,Carrot
22/01/2026,Carrot,153,Dehradoon,Medium,Vikasnagar APMC,1000,600,1000,Uttarakhand,Carrot
09/01/2026,Carrot,153,Dehradoon,Medium,Vikasnagar APMC,1200,500,800,Uttarakhand,Carrot
02/01/2026,Carrot,153,Dehradoon,Medium,Vikasnagar APMC,1000,800,1000,Uttarakhand,Carrot
06/01/2026,Carrot,153,Dehradoon,Medium,Vikasnagar APMC,1000,700,1000,Uttarakhand,Carrot
30/01/2026,Tomato,78,Dehradoon,Medium,Vikasnagar APMC,2200,1000,1500,Uttarakhand,Other
16/01/2026,Pumpkin,84,Dehradoon,Medium,Vikasnagar APMC,600,500,600,Uttarakhand,Pumpkin
07/01/2026,Pumpkin,84,Dehradoon,Medium,Vikasnagar APMC,800,500,800,Uttarakhand,Pumpkin
18/01/2026,Pumpkin,84,Dehradoon,Medium,Vikasnagar APMC,500,500,500,Uttarakhand,Pumpkin
30/01/2026,Pumpkin,84,Dehradoon,Medium,Vikasnagar APMC,700,500,700,Uttarakhand,Pumpkin
29/01/2026,Tomato,78,Dehradoon,Medium,Vikasnagar APMC,1800,1200,1800,Uttarakhand,Other
28/01/2026,Cucumbar(Kheera),159,Dehradoon,Medium,Vikasnagar APMC,1000,600,1000,Uttarakhand,Other
12/01/2026,Green Chilli,87,Dehradoon,Medium,Vikasnagar APMC,2000,2000,2000,Uttarakhand,Green Chilly
07/01/2026,Papaya,72,Dehradoon,Medium,Vikasnagar APMC,2200,1800,2200,Uttarakhand,Papaya
16/01/2026,Green Chilli,87,Dehradoon,Medium,Vikasnagar APMC,2500,2000,2500,Uttarakhand,Green Chilly
29/01/2026,Raddish,161,Dehradoon,Medium,Vikasnagar APMC,500,500,500,Uttarakhand,Other
01/01/2026,Raddish,161,Dehradoon,Medium,Vikasnagar APMC,600,450,600,Uttarakhand,Other
02/01/2026,Raddish,161,Dehradoon,Medium,Vikasnagar APMC,500,400,500,Uttarakhand,Other
12/01/2026,Raddish,161,Dehradoon,Medium,Vikasnagar APMC,1000,500,1000,Uttarakhand,Other
20/01/2026,Raddish,161,Dehradoon,Medium,Vikasnagar APMC,500,200,500,Uttarakhand,Other
22/01/2026,Raddish,161,Dehradoon,Medium,Vikasnagar APMC,800,500,800,Uttarakhand,Other
09/01/2026,Papaya,72,Dehradoon,Medium,Vikasnagar APMC,2500,1000,1500,Uttarakhand,Papaya
28/01/2026,Guava,185,Dehradoon,Medium,Vikasnagar APMC,3000,2000,3000,Uttarakhand,Other
09/01/2026,Bhindi(Ladies Finger),85,Dehradoon,Medium,Vikasnagar APMC,2500,1500,2500,Uttarakhand,Other
06/03/2026,French Beans(Frasbean),298,Dehradoon,Medium,Vikasnagar APMC,2900,2500,2900,Uttarakhand,Other
10/03/2026,French Beans(Frasbean),298,Dehradoon,Medium,Vikasnagar APMC,2900,2800,2900,Uttarakhand,Other
24/03/2026,French Beans(Frasbean),298,Dehradoon,Medium,Vikasnagar APMC,1500,1000,1500,Uttarakhand,Other
23/03/2026,French Beans(Frasbean),298,Dehradoon,Medium,Vikasnagar APMC,2000,1500,2000,Uttarakhand,Other
26/03/2026,French Beans(Frasbean),298,Dehradoon,Medium,Vikasnagar APMC,4500,2000,4500,Uttarakhand,Other
11/03/2026,Onion,23,Dehradoon,Medium,Vikasnagar APMC,1400,600,1400,Uttarakhand,Other
25/03/2026,Onion,23,Dehradoon,Medium,Vikasnagar APMC,1400,1200,1400,Uttarakhand,Other
26/03/2026,Onion,23,Dehradoon,Medium,Vikasnagar APMC,2200,1000,1700,Uttarakhand,Other
10/03/2026,Colacasia,318,Dehradoon,Medium,Vikasnagar APMC,1400,1400,1400,Uttarakhand,Other
23/03/2026,Colacasia,318,Dehradoon,Medium,Vikasnagar APMC,1600,1200,1600,Uttarakhand,Other
06/03/2026,Potato,24,Dehradoon,Medium,Vikasnagar APMC,800,500,800,Uttarakhand,Other
10/03/2026,Potato,24,Dehradoon,Medium,Vikasnagar APMC,700,500,700,Uttarakhand,Other
08/03/2026,Potato,24,Dehradoon,Medium,Vikasnagar APMC,700,500,700,Uttarakhand,Other
23/03/2026,Potato,24,Dehradoon,Medium,Vikasnagar APMC,600,500,600,Uttarakhand,Other
31/03/2026,Potato,24,Dehradoon,Medium,Vikasnagar APMC,800,500,800,Uttarakhand,Other
01/03/2026,Kinnow,336,Dehradoon,Medium,Vikasnagar APMC,1800,1600,1800,Uttarakhand,Other
11/03/2026,Apple,17,Dehradoon,Medium,Vikasnagar APMC,5200,2200,4000,Uttarakhand,Other
23/03/2026,Brinjal,35,Dehradoon,Medium,Vikasnagar APMC,1100,800,1100,Uttarakhand,Other
26/03/2026,Mousambi(Sweet Lime),77,Dehradoon,Medium,Vikasnagar APMC,2500,2000,2500,Uttarakhand,Other
31/03/2026,Water Melon,73,Dehradoon,Medium,Vikasnagar APMC,900,800,900,Uttarakhand,Other
31/03/2026,Banana,19,Dehradoon,Medium,Vikasnagar APMC,900,700,900,Uttarakhand,Other
18/03/2026,Ginger(Green),103,Dehradoon,Medium,Vikasnagar APMC,3500,2500,3500,Uttarakhand,Green Ginger
24/03/2026,Ginger(Green),103,Dehradoon,Medium,Vikasnagar APMC,2500,1200,2500,Uttarakhand,Green Ginger
18/03/2026,Green Chilli,87,Dehradoon,Medium,Vikasnagar APMC,3500,1500,2500,Uttarakhand,Green Chilly
23/03/2026,Green Chilli,87,Dehradoon,Medium,Vikasnagar APMC,2500,1800,2500,Uttarakhand,Green Chilly
27/03/2026,Tomato,78,Dehradoon,Medium,Vikasnagar APMC,1800,1000,1800,Uttarakhand,Other
30/03/2026,Tomato,78,Dehradoon,Medium,Vikasnagar APMC,1800,1400,1800,Uttarakhand,Other
12/03/2026,Bottle gourd,82,Dehradoon,Medium,Vikasnagar APMC,1500,1000,1500,Uttarakhand,Other
20/03/2026,Bottle gourd,82,Dehradoon,Medium,Vikasnagar APMC,1800,1500,1800,Uttarakhand,Other
16/03/2026,Bottle gourd,82,Dehradoon,Medium,Vikasnagar APMC,1500,1200,1500,Uttarakhand,Other
22/03/2026,Bottle gourd,82,Dehradoon,Medium,Vikasnagar APMC,1200,1000,1200,Uttarakhand,Other
05/03/2026,Green Chilli,87,Dehradoon,Medium,Vikasnagar APMC,2000,1000,2000,Uttarakhand,Green Chilly
08/03/2026,Green Chilli,87,Dehradoon,Medium,Vikasnagar APMC,2800,1500,2800,Uttarakhand,Green Chilly
09/03/2026,Papaya,72,Dehradoon,Medium,Vikasnagar APMC,1600,1400,1600,Uttarakhand,Papaya
11/03/2026,Papaya,72,Dehradoon,Medium,Vikasnagar APMC,2500,1600,2500,Uttarakhand,Papaya
24/03/2026,Papaya,72,Dehradoon,Medium,Vikasnagar APMC,1500,1500,1500,Uttarakhand,Papaya
26/03/2026,Papaya,72,Dehradoon,Medium,Vikasnagar APMC,2200,1800,2200,Uttarakhand,Papaya
09/03/2026,Cucumbar(Kheera),159,Dehradoon,Medium,Vikasnagar APMC,1200,900,1200,Uttarakhand,Other
06/03/2026,Cucumbar(Kheera),159,Dehradoon,Medium,Vikasnagar APMC,1200,900,1200,Uttarakhand,Other
24/03/2026,Cucumbar(Kheera),159,Dehradoon,Medium,Vikasnagar APMC,1200,1000,1200,Uttarakhand,Other
16/03/2026,Cucumbar(Kheera),159,Dehradoon,Medium,Vikasnagar APMC,1200,1000,1200,Uttarakhand,Other
15/03/2026,Cucumbar(Kheera),159,Dehradoon,Medium,Vikasnagar APMC,1600,1000,1600,Uttarakhand,Other
23/03/2026,Cucumbar(Kheera),159,Dehradoon,Medium,Vikasnagar APMC,1400,1000,1400,Uttarakhand,Other
12/03/2026,Tomato,78,Dehradoon,Medium,Vikasnagar APMC,1600,1000,1600,Uttarakhand,Other
13/03/2026,Tomato,78,Dehradoon,Medium,Vikasnagar APMC,1500,1000,1500,Uttarakhand,Other
19/03/2026,Tomato,78,Dehradoon,Medium,Vikasnagar APMC,1400,1000,1400,Uttarakhand,Other
24/03/2026,Tomato,78,Dehradoon,Medium,Vikasnagar APMC,1500,800,1500,Uttarakhand,Other
05/03/2026,Pumpkin,84,Dehradoon,Medium,Vikasnagar APMC,1000,500,1000,Uttarakhand,Pumpkin
09/03/2026,Pumpkin,84,Dehradoon,Medium,Vikasnagar APMC,700,600,700,Uttarakhand,Pumpkin
08/03/2026,Pumpkin,84,Dehradoon,Medium,Vikasnagar APMC,800,600,800,Uttarakhand,Pumpkin
11/03/2026,Pumpkin,84,Dehradoon,Medium,Vikasnagar APMC,700,600,700,Uttarakhand,Pumpkin
17/03/2026,Pumpkin,84,Dehradoon,Medium,Vikasnagar APMC,1400,600,1400,Uttarakhand,Pumpkin
19/03/2026,Pumpkin,84,Dehradoon,Medium,Vikasnagar APMC,800,300,800,Uttarakhand,Pumpkin
03/03/2026,Field Pea,64,Dehradoon,Medium,Vikasnagar APMC,1400,1200,1400,Uttarakhand,Field Pea
06/03/2026,Field Pea,64,Dehradoon,Medium,Vikasnagar APMC,3000,1500,3000,Uttarakhand,Field Pea
12/03/2026,Field Pea,64,Dehradoon,Medium,Vikasnagar APMC,1800,1400,1800,Uttarakhand,Field Pea
17/03/2026,Field Pea,64,Dehradoon,Medium,Vikasnagar APMC,2000,1500,2000,Uttarakhand,Field Pea
24/03/2026,Field Pea,64,Dehradoon,Medium,Vikasnagar APMC,2000,1500,2000,Uttarakhand,Field Pea
20/03/2026,Field Pea,64,Dehradoon,Medium,Vikasnagar APMC,2500,1000,2000,Uttarakhand,Field Pea
15/03/2026,Field Pea,64,Dehradoon,Medium,Vikasnagar APMC,2500,1500,2500,Uttarakhand,Field Pea
26/03/2026,Field Pea,64,Dehradoon,Medium,Vikasnagar APMC,2500,1200,2500,Uttarakhand,Field Pea
01/03/2026,Cauliflower,34,Dehradoon,Medium,Vikasnagar APMC,1500,800,1500,Uttarakhand,Other
02/03/2026,Cauliflower,34,Dehradoon,Medium,Vikasnagar APMC,2500,800,2000,Uttarakhand,Other
05/03/2026,Cauliflower,34,Dehradoon,Medium,Vikasnagar APMC,700,500,700,Uttarakhand,Other
10/03/2026,Cauliflower,34,Dehradoon,Medium,Vikasnagar APMC,600,500,600,Uttarakhand,Other
30/03/2026,Cauliflower,34,Dehradoon,Medium,Vikasnagar APMC,700,500,700,Uttarakhand,Other
17/03/2026,Raddish,161,Dehradoon,Medium,Vikasnagar APMC,1000,500,1000,Uttarakhand,Other
19/03/2026,Raddish,161,Dehradoon,Medium,Vikasnagar APMC,1000,500,1000,Uttarakhand,Other
18/03/2026,Raddish,161,Dehradoon,Medium,Vikasnagar APMC,800,500,800,Uttarakhand,Other
03/03/2026,Tomato,78,Dehradoon,Medium,Vikasnagar APMC,1400,1200,1400,Uttarakhand,Other
03/03/2026,Carrot,153,Dehradoon,Medium,Vikasnagar APMC,1200,700,1200,Uttarakhand,Carrot
05/03/2026,Carrot,153,Dehradoon,Medium,Vikasnagar APMC,900,700,900,Uttarakhand,Carrot
09/03/2026,Carrot,153,Dehradoon,Medium,Vikasnagar APMC,600,500,600,Uttarakhand,Carrot
20/03/2026,Carrot,153,Dehradoon,Medium,Vikasnagar APMC,1500,1000,1500,Uttarakhand,Carrot
30/03/2026,Carrot,153,Dehradoon,Medium,Vikasnagar APMC,800,500,800,Uttarakhand,Carrot
11/03/2026,Carrot,153,Dehradoon,Medium,Vikasnagar APMC,600,500,600,Uttarakhand,Carrot
12/05/2026,Pumpkin,84,Dehradoon,Medium,Vikasnagar APMC,900,600,900,Uttarakhand,Pumpkin
16/04/2026,Papaya,72,Dehradoon,Medium,Vikasnagar APMC,1600,1400,1600,Uttarakhand,Papaya
01/05/2026,Ginger(Green),103,Dehradoon,Medium,Vikasnagar APMC,2500,2000,2500,Uttarakhand,Green Ginger
07/04/2026,Bottle gourd,82,Dehradoon,Medium,Vikasnagar APMC,1400,1200,1400,Uttarakhand,Other
06/04/2026,Bottle gourd,82,Dehradoon,Medium,Vikasnagar APMC,1000,700,1000,Uttarakhand,Other
10/05/2026,Bottle gourd,82,Dehradoon,Medium,Vikasnagar APMC,800,700,800,Uttarakhand,Other
13/05/2026,Bottle gourd,82,Dehradoon,Medium,Vikasnagar APMC,900,500,900,Uttarakhand,Other
18/05/2026,Bottle gourd,82,Dehradoon,Medium,Vikasnagar APMC,800,500,800,Uttarakhand,Other
07/05/2026,Peach,331,Dehradoon,Medium,Vikasnagar APMC,3200,2000,3200,Uttarakhand,Other
17/05/2026,Peach,331,Dehradoon,Medium,Vikasnagar APMC,2500,2100,2500,Uttarakhand,Other
14/04/2026,Cucumbar(Kheera),159,Dehradoon,Medium,Vikasnagar APMC,1200,1000,1200,Uttarakhand,Other
16/04/2026,Cucumbar(Kheera),159,Dehradoon,Medium,Vikasnagar APMC,1200,500,1200,Uttarakhand,Other
20/04/2026,Cucumbar(Kheera),159,Dehradoon,Medium,Vikasnagar APMC,1200,1000,1200,Uttarakhand,Other
29/04/2026,Cucumbar(Kheera),159,Dehradoon,Medium,Vikasnagar APMC,1200,800,1200,Uttarakhand,Other
30/04/2026,Cucumbar(Kheera),159,Dehradoon,Medium,Vikasnagar APMC,1000,700,1000,Uttarakhand,Other
06/05/2026,Cucumbar(Kheera),159,Dehradoon,Medium,Vikasnagar APMC,1000,700,1000,Uttarakhand,Other
11/05/2026,Cucumbar(Kheera),159,Dehradoon,Medium,Vikasnagar APMC,1000,700,1000,Uttarakhand,Other
15/04/2026,Raddish,161,Dehradoon,Medium,Vikasnagar APMC,800,500,800,Uttarakhand,Other
01/05/2026,Raddish,161,Dehradoon,Medium,Vikasnagar APMC,800,500,800,Uttarakhand,Other
09/04/2026,Karbuja(Musk Melon),187,Dehradoon,Medium,Vikasnagar APMC,1000,1000,1000,Uttarakhand,Other
14/04/2026,Karbuja(Musk Melon),187,Dehradoon,Medium,Vikasnagar APMC,1000,1000,1000,Uttarakhand,Other
23/04/2026,Karbuja(Musk Melon),187,Dehradoon,Medium,Vikasnagar APMC,1000,1000,1000,Uttarakhand,Other
24/04/2026,Karbuja(Musk Melon),187,Dehradoon,Medium,Vikasnagar APMC,1500,800,1500,Uttarakhand,Other
27/04/2026,Karbuja(Musk Melon),187,Dehradoon,Medium,Vikasnagar APMC,1500,1400,1500,Uttarakhand,Other
03/04/2026,Colacasia,318,Dehradoon,Medium,Vikasnagar APMC,1500,1200,1500,Uttarakhand,Other
14/04/2026,Colacasia,318,Dehradoon,Medium,Vikasnagar APMC,3500,3200,3500,Uttarakhand,Other
16/04/2026,Wheat,1,Dehradoon,FAQ,Vikasnagar APMC,2555,2555,2555,Uttarakhand,Other
05/05/2026,Wheat,1,Dehradoon,FAQ,Vikasnagar APMC,2600,2600,2600,Uttarakhand,Other
15/04/2026,Sponge gourd,311,Dehradoon,Medium,Vikasnagar APMC,1500,1200,1500,Uttarakhand,Other
15/05/2026,Sponge gourd,311,Dehradoon,Medium,Vikasnagar APMC,1000,700,1000,Uttarakhand,Other
17/05/2026,Sponge gourd,311,Dehradoon,Medium,Vikasnagar APMC,1200,800,1200,Uttarakhand,Other
18/05/2026,Sponge gourd,311,Dehradoon,Medium,Vikasnagar APMC,1000,700,1000,Uttarakhand,Other
26/04/2026,Bhindi(Ladies Finger),85,Dehradoon,Medium,Vikasnagar APMC,1600,1000,1600,Uttarakhand,Other
04/05/2026,Bhindi(Ladies Finger),85,Dehradoon,Medium,Vikasnagar APMC,2100,1500,2100,Uttarakhand,Other
02/04/2026,Tomato,78,Dehradoon,Medium,Vikasnagar APMC,1000,900,1000,Uttarakhand,Other
11/05/2026,Bhindi(Ladies Finger),85,Dehradoon,Medium,Vikasnagar APMC,1200,1000,1200,Uttarakhand,Other
13/04/2026,Tomato,78,Dehradoon,Medium,Vikasnagar APMC,1600,1200,1600,Uttarakhand,Other
12/04/2026,Tomato,78,Dehradoon,Medium,Vikasnagar APMC,1200,800,1200,Uttarakhand,Other
15/04/2026,Tomato,78,Dehradoon,Medium,Vikasnagar APMC,1200,800,1200,Uttarakhand,Other
15/05/2026,Bhindi(Ladies Finger),85,Dehradoon,Medium,Vikasnagar APMC,1200,1000,1200,Uttarakhand,Other
17/05/2026,Bhindi(Ladies Finger),85,Dehradoon,Medium,Vikasnagar APMC,1100,900,1100,Uttarakhand,Other
20/04/2026,Tomato,78,Dehradoon,Medium,Vikasnagar APMC,1800,1400,1800,Uttarakhand,Other
03/04/2026,Bhindi(Ladies Finger),85,Dehradoon,Medium,Vikasnagar APMC,2500,2000,2500,Uttarakhand,Other
16/04/2026,Bhindi(Ladies Finger),85,Dehradoon,Medium,Vikasnagar APMC,2200,1200,2200,Uttarakhand,Other
28/04/2026,Pumpkin,84,Dehradoon,Medium,Vikasnagar APMC,800,800,800,Uttarakhand,Pumpkin
12/04/2026,Green Chilli,87,Dehradoon,Medium,Vikasnagar APMC,2500,1500,2500,Uttarakhand,Green Chilly
01/04/2026,Papaya,72,Dehradoon,Medium,Vikasnagar APMC,1500,1000,1500,Uttarakhand,Papaya
20/04/2026,Water Melon,73,Dehradoon,Medium,Vikasnagar APMC,1000,800,1000,Uttarakhand,Other
19/04/2026,Ginger(Green),103,Dehradoon,Medium,Vikasnagar APMC,3200,3000,3200,Uttarakhand,Green Ginger
23/04/2026,Water Melon,73,Dehradoon,Medium,Vikasnagar APMC,1500,700,1500,Uttarakhand,Other
01/05/2026,Water Melon,73,Dehradoon,Medium,Vikasnagar APMC,800,600,800,Uttarakhand,Other
07/05/2026,Water Melon,73,Dehradoon,Medium,Vikasnagar APMC,700,500,700,Uttarakhand,Other
24/04/2026,Mousambi(Sweet Lime),77,Dehradoon,Medium,Vikasnagar APMC,3000,2400,3000,Uttarakhand,Other
15/05/2026,Mousambi(Sweet Lime),77,Dehradoon,Medium,Vikasnagar APMC,2400,2000,2400,Uttarakhand,Other
18/05/2026,Mousambi(Sweet Lime),77,Dehradoon,Medium,Vikasnagar APMC,2500,1800,2500,Uttarakhand,Other
22/04/2026,Green Chilli,87,Dehradoon,Medium,Vikasnagar APMC,2200,1500,2000,Uttarakhand,Green Chilly
26/04/2026,Green Chilli,87,Dehradoon,Medium,Vikasnagar APMC,1800,1500,1800,Uttarakhand,Green Chilly
29/04/2026,Green Chilli,87,Dehradoon,Medium,Vikasnagar APMC,2000,1500,2000,Uttarakhand,Green Chilly
01/04/2026,Pumpkin,84,Dehradoon,Medium,Vikasnagar APMC,800,600,800,Uttarakhand,Pumpkin
10/04/2026,Pumpkin,84,Dehradoon,Medium,Vikasnagar APMC,700,600,700,Uttarakhand,Pumpkin
15/04/2026,Pumpkin,84,Dehradoon,Medium,Vikasnagar APMC,600,400,600,Uttarakhand,Pumpkin
19/05/2026,Green Chilli,87,Dehradoon,Medium,Vikasnagar APMC,1500,1000,1500,Uttarakhand,Green Chilly
30/04/2026,Green Chilli,87,Dehradoon,Medium,Vikasnagar APMC,2000,1500,2000,Uttarakhand,Green Chilly
06/05/2026,Green Chilli,87,Dehradoon,Medium,Vikasnagar APMC,1800,1200,1800,Uttarakhand,Green Chilly
28/04/2026,Colacasia,318,Dehradoon,Medium,Vikasnagar APMC,2600,2200,2600,Uttarakhand,Other
05/05/2026,Bitter gourd,81,Dehradoon,Medium,Vikasnagar APMC,2100,1400,2100,Uttarakhand,Other
11/05/2026,Bitter gourd,81,Dehradoon,Medium,Vikasnagar APMC,1200,1000,1200,Uttarakhand,Other
26/04/2026,Tomato,78,Dehradoon,Medium,Vikasnagar APMC,1200,1000,1200,Uttarakhand,Other
08/05/2026,Orange,18,Dehradoon,Medium,Vikasnagar APMC,2500,2000,2500,Uttarakhand,Other
10/05/2026,Karbuja(Musk Melon),187,Dehradoon,Medium,Vikasnagar APMC,1400,1300,1400,Uttarakhand,Other
17/04/2026,Apple,17,Dehradoon,Grade B,Vikasnagar APMC,5500,5000,5500,Uttarakhand,Other
15/05/2026,Apple,17,Dehradoon,Medium,Vikasnagar APMC,5500,3500,5500,Uttarakhand,Other
07/05/2026,Guava,185,Dehradoon,Medium,Vikasnagar APMC,3000,2500,3000,Uttarakhand,Other
15/04/2026,Mango,20,Dehradoon,Grade B,Vikasnagar APMC,6000,4000,5000,Uttarakhand,Other
07/04/2026,Banana,19,Dehradoon,Medium,Vikasnagar APMC,1200,800,1200,Uttarakhand,Other
16/04/2026,Banana,19,Dehradoon,Medium,Vikasnagar APMC,1200,900,1200,Uttarakhand,Other
28/04/2026,Banana,19,Dehradoon,Medium,Vikasnagar APMC,1200,800,1200,Uttarakhand,Other
10/04/2026,Bottle gourd,82,Dehradoon,Medium,Vikasnagar APMC,800,600,800,Uttarakhand,Other
12/04/2026,Bottle gourd,82,Dehradoon,Medium,Vikasnagar APMC,1200,700,1200,Uttarakhand,Other
16/04/2026,Bottle gourd,82,Dehradoon,Medium,Vikasnagar APMC,1000,700,1000,Uttarakhand,Other
17/04/2026,Bottle gourd,82,Dehradoon,FAQ,Vikasnagar APMC,1200,1000,1200,Uttarakhand,Other
22/04/2026,Bottle gourd,82,Dehradoon,Medium,Vikasnagar APMC,1500,1000,1500,Uttarakhand,Other
23/04/2026,Bottle gourd,82,Dehradoon,Medium,Vikasnagar APMC,1000,800,1000,Uttarakhand,Other
05/05/2026,Bottle gourd,82,Dehradoon,Medium,Vikasnagar APMC,1000,800,1000,Uttarakhand,Other
15/05/2026,Bottle gourd,82,Dehradoon,Medium,Vikasnagar APMC,800,700,800,Uttarakhand,Other
19/05/2026,Bottle gourd,82,Dehradoon,Medium,Vikasnagar APMC,800,500,800,Uttarakhand,Other
05/04/2026,Field Pea,64,Dehradoon,Medium,Vikasnagar APMC,1800,1000,1800,Uttarakhand,Field Pea
26/04/2026,Field Pea,64,Dehradoon,Medium,Vikasnagar APMC,1800,1200,1800,Uttarakhand,Field Pea
07/05/2026,Field Pea,64,Dehradoon,Medium,Vikasnagar APMC,2000,1500,2000,Uttarakhand,Field Pea
12/05/2026,Field Pea,64,Dehradoon,Medium,Vikasnagar APMC,1800,1200,1800,Uttarakhand,Field Pea
14/05/2026,Field Pea,64,Dehradoon,Medium,Vikasnagar APMC,1500,1200,1500,Uttarakhand,Field Pea
20/04/2026,Cauliflower,34,Dehradoon,Medium,Vikasnagar APMC,2000,1000,2000,Uttarakhand,Other
05/04/2026,Brinjal,35,Dehradoon,Medium,Vikasnagar APMC,1500,800,1500,Uttarakhand,Other
03/04/2026,Brinjal,35,Dehradoon,Medium,Vikasnagar APMC,1500,800,1500,Uttarakhand,Other
14/04/2026,Cauliflower,34,Dehradoon,Medium,Vikasnagar APMC,1200,900,1200,Uttarakhand,Other
15/04/2026,Cauliflower,34,Dehradoon,Medium,Vikasnagar APMC,800,400,800,Uttarakhand,Other
13/05/2026,Onion,23,Dehradoon,Medium,Vikasnagar APMC,900,700,900,Uttarakhand,Other
17/04/2026,Grapes,22,Dehradoon,Grade B,Vikasnagar APMC,5000,4000,5000,Uttarakhand,Other
08/05/2026,Grapes,22,Dehradoon,Medium,Vikasnagar APMC,4500,3400,4500,Uttarakhand,Other
22/04/2026,Potato,24,Dehradoon,Medium,Vikasnagar APMC,500,400,500,Uttarakhand,Other
22/04/2026,Onion,23,Dehradoon,Medium,Vikasnagar APMC,1200,800,1000,Uttarakhand,Other
23/04/2026,Onion,23,Dehradoon,Medium,Vikasnagar APMC,1200,1000,1200,Uttarakhand,Other
03/05/2026,Garlic,25,Dehradoon,Grade Range-2,Vikasnagar APMC,9500,9000,9500,Uttarakhand,Other
06/05/2026,Garlic,25,Dehradoon,Grade Range-2,Vikasnagar APMC,5000,4000,5000,Uttarakhand,Other
08/05/2026,Garlic,25,Dehradoon,Grade Range-2,Vikasnagar APMC,5000,4000,5000,Uttarakhand,Other
11/05/2026,Garlic,25,Dehradoon,Grade Range-2,Vikasnagar APMC,6000,5500,6000,Uttarakhand,Other
15/04/2026,Brinjal,35,Dehradoon,Medium,Vikasnagar APMC,800,500,800,Uttarakhand,Other
22/04/2026,Cauliflower,34,Dehradoon,Medium,Vikasnagar APMC,2200,800,1500,Uttarakhand,Other
26/04/2026,Cauliflower,34,Dehradoon,Medium,Vikasnagar APMC,1500,800,1200,Uttarakhand,Other
08/05/2026,Cauliflower,34,Dehradoon,Medium,Vikasnagar APMC,1200,800,1200,Uttarakhand,Other
10/05/2026,Cauliflower,34,Dehradoon,Medium,Vikasnagar APMC,1500,500,1000,Uttarakhand,Other
19/05/2026,Cauliflower,34,Dehradoon,Medium,Vikasnagar APMC,1200,500,800,Uttarakhand,Other
17/05/2026,Pomegranate,190,Dehradoon,Medium,Vikasnagar APMC,5000,4500,5000,Uttarakhand,Other
05/04/2026,Carrot,153,Dehradoon,Medium,Vikasnagar APMC,600,500,600,Uttarakhand,Carrot
12/04/2026,Carrot,153,Dehradoon,Medium,Vikasnagar APMC,1000,1000,1000,Uttarakhand,Carrot
12/05/2026,Brinjal,35,Dehradoon,Medium,Vikasnagar APMC,1000,700,1000,Uttarakhand,Other
14/05/2026,French Beans(Frasbean),298,Dehradoon,Medium,Vikasnagar APMC,1200,1000,1200,Uttarakhand,Other
18/05/2026,French Beans(Frasbean),298,Dehradoon,Medium,Vikasnagar APMC,2500,1200,2500,Uttarakhand,Other
05/04/2026,Onion,23,Dehradoon,Medium,Vikasnagar APMC,1000,600,1000,Uttarakhand,Other
13/04/2026,Onion,23,Dehradoon,Medium,Vikasnagar APMC,800,700,800,Uttarakhand,Other
12/05/2026,Potato,24,Dehradoon,Medium,Vikasnagar APMC,400,400,400,Uttarakhand,Other
03/04/2026,French Beans(Frasbean),298,Dehradoon,Medium,Vikasnagar APMC,1500,1000,1500,Uttarakhand,Other
30/04/2026,French Beans(Frasbean),298,Dehradoon,Medium,Vikasnagar APMC,1500,1000,1500,Uttarakhand,Other
11/05/2026,French Beans(Frasbean),298,Dehradoon,Medium,Vikasnagar APMC,1500,1200,1500,Uttarakhand,Other
14/12/2025,Onion,23,Dehradoon,FAQ,Vikasnagar APMC,1500,1200,1500,Uttarakhand,Other
14/12/2025,Field Pea,64,Dehradoon,FAQ,Vikasnagar APMC,2500,1800,2000,Uttarakhand,Field Pea
14/11/2025,Guava,185,Dehradoon,Medium,Vikasnagar APMC,2200,2000,2100,Uttarakhand,Other
17/11/2025,Guava,185,Dehradoon,Medium,Vikasnagar APMC,1600,1200,1400,Uttarakhand,Other
20/11/2025,Ginger(Green),103,Dehradoon,Medium,Vikasnagar APMC,2900,1900,2200,Uttarakhand,Green Ginger
17/11/2025,Pomegranate,190,Dehradoon,Medium,Vikasnagar APMC,7000,5000,6200,Uttarakhand,Other
19/11/2025,Cucumbar(Kheera),159,Dehradoon,Medium,Vikasnagar APMC,1000,600,1000,Uttarakhand,Other
09/11/2025,Cucumbar(Kheera),159,Dehradoon,Medium,Vikasnagar APMC,1128,1128,1128,Uttarakhand,Other
12/11/2025,Cucumbar(Kheera),159,Dehradoon,Medium,Vikasnagar APMC,1200,800,1200,Uttarakhand,Other
02/11/2025,Cucumbar(Kheera),159,Dehradoon,FAQ,Vikasnagar APMC,1200,1000,1200,Uttarakhand,Other
03/11/2025,Cucumbar(Kheera),159,Dehradoon,FAQ,Vikasnagar APMC,1300,800,1300,Uttarakhand,Other
14/11/2025,Cucumbar(Kheera),159,Dehradoon,Medium,Vikasnagar APMC,1000,500,1000,Uttarakhand,Other
23/11/2025,Raddish,161,Dehradoon,Medium,Vikasnagar APMC,500,500,500,Uttarakhand,Other
16/11/2025,Raddish,161,Dehradoon,Medium,Vikasnagar APMC,1000,800,1000,Uttarakhand,Other
11/11/2025,Raddish,161,Dehradoon,Medium,Vikasnagar APMC,1200,600,1000,Uttarakhand,Other
02/11/2025,Raddish,161,Dehradoon,FAQ,Vikasnagar APMC,1200,500,1200,Uttarakhand,Other
14/11/2025,French Beans(Frasbean),298,Dehradoon,Medium,Vikasnagar APMC,2400,2000,2400,Uttarakhand,Other
26/11/2025,French Beans(Frasbean),298,Dehradoon,Medium,Vikasnagar APMC,2100,1100,1400,Uttarakhand,Other
11/11/2025,French Beans(Frasbean),298,Dehradoon,Medium,Vikasnagar APMC,3000,2500,2700,Uttarakhand,Other
12/11/2025,Ginger(Green),103,Dehradoon,Medium,Vikasnagar APMC,2400,2000,2400,Uttarakhand,Green Ginger
17/11/2025,Green Chilli,87,Dehradoon,Medium,Vikasnagar APMC,2500,1200,2000,Uttarakhand,Green Chilly
14/11/2025,Green Chilli,87,Dehradoon,Medium,Vikasnagar APMC,2500,2000,2500,Uttarakhand,Green Chilly
11/11/2025,Field Pea,64,Dehradoon,Medium,Vikasnagar APMC,4000,2500,3500,Uttarakhand,Field Pea
17/11/2025,Field Pea,64,Dehradoon,Medium,Vikasnagar APMC,4000,2500,3000,Uttarakhand,Field Pea
23/11/2025,Field Pea,64,Dehradoon,Medium,Vikasnagar APMC,4500,4000,4500,Uttarakhand,Field Pea
24/11/2025,Field Pea,64,Dehradoon,Medium,Vikasnagar APMC,4500,4500,4500,Uttarakhand,Field Pea
25/11/2025,Field Pea,64,Dehradoon,Medium,Vikasnagar APMC,5000,4500,5000,Uttarakhand,Field Pea
06/11/2025,Field Pea,64,Dehradoon,FAQ,Vikasnagar APMC,2500,2000,2500,Uttarakhand,Other
09/11/2025,Field Pea,64,Dehradoon,Medium,Vikasnagar APMC,2121,2121,2121,Uttarakhand,Other
04/11/2025,Bottle gourd,82,Dehradoon,FAQ,Vikasnagar APMC,1200,1000,1200,Uttarakhand,Other
12/11/2025,Bottle gourd,82,Dehradoon,Medium,Vikasnagar APMC,1500,1300,1500,Uttarakhand,Other
05/11/2025,Banana,19,Dehradoon,Medium,Vikasnagar APMC,900,700,900,Uttarakhand,Other
21/11/2025,Banana,19,Dehradoon,Medium,Vikasnagar APMC,900,700,900,Uttarakhand,Other
26/11/2025,Cauliflower,34,Dehradoon,Medium,Vikasnagar APMC,1300,600,1200,Uttarakhand,Other
20/11/2025,Cauliflower,34,Dehradoon,Medium,Vikasnagar APMC,3000,700,2100,Uttarakhand,Other
05/11/2025,Cauliflower,34,Dehradoon,FAQ,Vikasnagar APMC,2100,700,2100,Uttarakhand,Other
06/11/2025,Cauliflower,34,Dehradoon,FAQ,Vikasnagar APMC,2500,800,1800,Uttarakhand,Other
14/11/2025,Cauliflower,34,Dehradoon,Medium,Vikasnagar APMC,2100,700,1500,Uttarakhand,Other
25/11/2025,Cauliflower,34,Dehradoon,Medium,Vikasnagar APMC,2200,500,1800,Uttarakhand,Other
05/12/2025,Brinjal,35,Dehradoon,Medium,Vikasnagar APMC,1400,700,1400,Uttarakhand,Other
19/12/2025,Brinjal,35,Dehradoon,Medium,Vikasnagar APMC,800,500,800,Uttarakhand,Other
01/12/2025,Cauliflower,34,Dehradoon,Medium,Vikasnagar APMC,1200,500,1200,Uttarakhand,Other
05/12/2025,Cauliflower,34,Dehradoon,Medium,Vikasnagar APMC,1500,700,1500,Uttarakhand,Other
10/12/2025,Cauliflower,34,Dehradoon,Medium,Vikasnagar APMC,1600,600,1000,Uttarakhand,Other
29/12/2025,Green Chilli,87,Dehradoon,Medium,Vikasnagar APMC,2200,500,1500,Uttarakhand,Green Chilly
23/12/2025,Raddish,161,Dehradoon,Medium,Vikasnagar APMC,800,700,800,Uttarakhand,Other
22/12/2025,Raddish,161,Dehradoon,Medium,Vikasnagar APMC,1000,400,800,Uttarakhand,Other
10/12/2025,Raddish,161,Dehradoon,Medium,Vikasnagar APMC,1200,800,1200,Uttarakhand,Other
04/12/2025,Pumpkin,84,Dehradoon,Medium,Vikasnagar APMC,600,500,600,Uttarakhand,Pumpkin
24/12/2025,Cauliflower,34,Dehradoon,Medium,Vikasnagar APMC,800,400,800,Uttarakhand,Other
21/12/2025,Raddish,161,Dehradoon,Medium,Vikasnagar APMC,400,300,400,Uttarakhand,Other
21/12/2025,Colacasia,318,Dehradoon,Medium,Vikasnagar APMC,4220,1500,4220,Uttarakhand,Other
19/12/2025,Ginger(Green),103,Dehradoon,Medium,Vikasnagar APMC,2500,1500,2000,Uttarakhand,Green Ginger
26/12/2025,Ginger(Green),103,Dehradoon,Medium,Vikasnagar APMC,2500,1800,2500,Uttarakhand,Green Ginger
08/01/2026,Apple,17,Dehradoon,Medium,Vikasnagar APMC,2500,2000,2500,Uttarakhand,Other
18/11/2025,Onion,23,Dehradoon,Medium,Vikasnagar APMC,1200,800,1000,Uttarakhand,Other
24/11/2025,Onion,23,Dehradoon,Medium,Vikasnagar APMC,800,800,800,Uttarakhand,Other
09/11/2025,Green Chilli,87,Dehradoon,Medium,Vikasnagar APMC,1740,1740,1740,Uttarakhand,Green Chilly
12/11/2025,Green Chilli,87,Dehradoon,Medium,Vikasnagar APMC,4000,1200,3500,Uttarakhand,Green Chilly
02/11/2025,Mousambi(Sweet Lime),77,Dehradoon,Medium,Vikasnagar APMC,2000,1500,2000,Uttarakhand,Other
10/11/2025,Field Pea,64,Dehradoon,Medium,Vikasnagar APMC,4000,3500,4000,Uttarakhand,Field Pea
05/11/2025,Bitter gourd,81,Dehradoon,FAQ,Vikasnagar APMC,1200,700,1200,Uttarakhand,Other
03/11/2025,Ginger(Green),103,Dehradoon,FAQ,Vikasnagar APMC,2400,2200,2400,Uttarakhand,Other
05/11/2025,Mousambi(Sweet Lime),77,Dehradoon,Medium,Vikasnagar APMC,1800,1500,1800,Uttarakhand,Other
26/11/2025,Mousambi(Sweet Lime),77,Dehradoon,Medium,Vikasnagar APMC,1600,1400,1600,Uttarakhand,Other
09/11/2025,Tomato,78,Dehradoon,Medium,Vikasnagar APMC,1462,1462,1462,Uttarakhand,Other
03/11/2025,Apple,17,Dehradoon,Medium,Vikasnagar APMC,5500,5000,5500,Uttarakhand,Other
04/11/2025,Apple,17,Dehradoon,Medium,Vikasnagar APMC,5500,5500,5500,Uttarakhand,Other
14/11/2025,Apple,17,Dehradoon,Medium,Vikasnagar APMC,5500,5500,5500,Uttarakhand,Other
21/11/2025,Tomato,78,Dehradoon,Medium,Vikasnagar APMC,2400,1800,2100,Uttarakhand,Other
25/11/2025,Tomato,78,Dehradoon,Medium,Vikasnagar APMC,1800,900,1800,Uttarakhand,Other
03/11/2025,Colacasia,318,Dehradoon,FAQ,Vikasnagar APMC,2500,2100,2500,Uttarakhand,Other
25/11/2025,Colacasia,318,Dehradoon,Medium,Vikasnagar APMC,1900,1500,1900,Uttarakhand,Other
24/11/2025,Carrot,153,Dehradoon,Medium,Vikasnagar APMC,2500,1200,1500,Uttarakhand,Carrot
06/11/2025,Brinjal,35,Dehradoon,FAQ,Vikasnagar APMC,1500,900,1200,Uttarakhand,Other
25/11/2025,Brinjal,35,Dehradoon,Medium,Vikasnagar APMC,1000,900,1000,Uttarakhand,Other
02/11/2025,Brinjal,35,Dehradoon,FAQ,Vikasnagar APMC,1300,1000,1300,Uttarakhand,Other
18/11/2025,Potato,24,Dehradoon,Medium,Vikasnagar APMC,1500,600,1000,Uttarakhand,Other
28/11/2025,Potato,24,Dehradoon,FAQ,Vikasnagar APMC,1000,600,800,Uttarakhand,Other
01/12/2025,Orange,18,Dehradoon,Medium,Vikasnagar APMC,1300,1300,1300,Uttarakhand,Other
17/12/2025,Mousambi(Sweet Lime),77,Dehradoon,Medium,Vikasnagar APMC,1600,1400,1500,Uttarakhand,Other
28/12/2025,Banana,19,Dehradoon,Medium,Vikasnagar APMC,700,600,700,Uttarakhand,Other
21/12/2025,Green Chilli,87,Dehradoon,Medium,Vikasnagar APMC,2500,1400,2000,Uttarakhand,Green Chilly
12/12/2025,Green Chilli,87,Dehradoon,Medium,Vikasnagar APMC,2500,1200,2500,Uttarakhand,Green Chilly
02/12/2025,Apple,17,Dehradoon,Medium,Vikasnagar APMC,6500,4500,6500,Uttarakhand,Other
09/12/2025,Kinnow,336,Dehradoon,Medium,Vikasnagar APMC,2200,1000,1500,Uttarakhand,Other
18/12/2025,Kinnow,336,Dehradoon,Medium,Vikasnagar APMC,2200,1500,1800,Uttarakhand,Other
28/12/2025,Kinnow,336,Dehradoon,Medium,Vikasnagar APMC,1800,1500,1800,Uttarakhand,Other
08/12/2025,French Beans(Frasbean),298,Dehradoon,Medium,Vikasnagar APMC,1500,1000,1500,Uttarakhand,Other
04/12/2025,French Beans(Frasbean),298,Dehradoon,Medium,Vikasnagar APMC,3000,1100,2000,Uttarakhand,Other
05/12/2025,French Beans(Frasbean),298,Dehradoon,Medium,Vikasnagar APMC,2500,1200,2500,Uttarakhand,Other
17/12/2025,French Beans(Frasbean),298,Dehradoon,FAQ,Vikasnagar APMC,1100,1000,1100,Uttarakhand,Other
22/12/2025,French Beans(Frasbean),298,Dehradoon,Medium,Vikasnagar APMC,2500,2000,2500,Uttarakhand,Other
25/12/2025,French Beans(Frasbean),298,Dehradoon,Medium,Vikasnagar APMC,2500,2200,2500,Uttarakhand,Other
12/12/2025,Brinjal,35,Dehradoon,Medium,Vikasnagar APMC,1700,1000,1400,Uttarakhand,Other
18/12/2025,Cauliflower,34,Dehradoon,Medium,Vikasnagar APMC,800,600,800,Uttarakhand,Other
07/12/2025,Colacasia,318,Dehradoon,Medium,Vikasnagar APMC,1500,800,1000,Uttarakhand,Other
11/12/2025,Colacasia,318,Dehradoon,Medium,Vikasnagar APMC,2500,2500,2500,Uttarakhand,Other
14/12/2025,Colacasia,318,Dehradoon,Medium,Vikasnagar APMC,1500,1400,1500,Uttarakhand,Other
29/12/2025,Colacasia,318,Dehradoon,Medium,Vikasnagar APMC,1500,1400,1500,Uttarakhand,Other
01/12/2025,Colacasia,318,Dehradoon,Medium,Vikasnagar APMC,1500,1400,1500,Uttarakhand,Other
09/03/2026,Guava,185,Dehradoon,Medium,Vikasnagar APMC,1800,1600,1800,Uttarakhand,Other
20/03/2026,Colacasia,318,Dehradoon,Medium,Vikasnagar APMC,2500,1400,2500,Uttarakhand,Other
11/03/2026,Kinnow,336,Dehradoon,Medium,Vikasnagar APMC,2400,1800,2400,Uttarakhand,Other
12/03/2026,Kinnow,336,Dehradoon,Medium,Vikasnagar APMC,1800,1600,1800,Uttarakhand,Other
06/03/2026,Onion,23,Dehradoon,Medium,Vikasnagar APMC,900,600,900,Uttarakhand,Other
22/03/2026,French Beans(Frasbean),298,Dehradoon,Medium,Vikasnagar APMC,2500,2000,2500,Uttarakhand,Other
08/03/2026,Field Pea,64,Dehradoon,Medium,Vikasnagar APMC,2200,1000,2200,Uttarakhand,Field Pea
11/03/2026,Field Pea,64,Dehradoon,Medium,Vikasnagar APMC,3000,1500,3000,Uttarakhand,Field Pea
25/03/2026,Field Pea,64,Dehradoon,Medium,Vikasnagar APMC,2000,1200,2000,Uttarakhand,Field Pea
01/03/2026,Tomato,78,Dehradoon,Medium,Vikasnagar APMC,2000,1500,2000,Uttarakhand,Other
10/03/2026,Tomato,78,Dehradoon,Medium,Vikasnagar APMC,1500,1400,1500,Uttarakhand,Other
18/03/2026,Tomato,78,Dehradoon,Medium,Vikasnagar APMC,1800,1000,1800,Uttarakhand,Other
20/03/2026,Tomato,78,Dehradoon,Medium,Vikasnagar APMC,2000,1800,2000,Uttarakhand,Other
16/03/2026,Tomato,78,Dehradoon,Medium,Vikasnagar APMC,1500,1000,1500,Uttarakhand,Other
08/03/2026,Bottle gourd,82,Dehradoon,Medium,Vikasnagar APMC,1500,1000,1500,Uttarakhand,Other
29/03/2026,Bottle gourd,82,Dehradoon,Medium,Vikasnagar APMC,1500,800,1500,Uttarakhand,Other
29/03/2026,Tomato,78,Dehradoon,Medium,Vikasnagar APMC,2500,1200,2500,Uttarakhand,Other
10/03/2026,Mousambi(Sweet Lime),77,Dehradoon,Medium,Vikasnagar APMC,2000,2000,2000,Uttarakhand,Other
02/03/2026,Brinjal,35,Dehradoon,Medium,Vikasnagar APMC,2500,2500,2500,Uttarakhand,Other
30/03/2026,Green Chilli,87,Dehradoon,Medium,Vikasnagar APMC,3000,1000,2500,Uttarakhand,Green Chilly
08/03/2026,Ginger(Green),103,Dehradoon,Medium,Vikasnagar APMC,2900,2400,2900,Uttarakhand,Green Ginger
17/03/2026,Ginger(Green),103,Dehradoon,Medium,Vikasnagar APMC,2500,2500,2500,Uttarakhand,Green Ginger
13/03/2026,Carrot,153,Dehradoon,Medium,Vikasnagar APMC,1000,800,1000,Uttarakhand,Carrot
27/03/2026,Raddish,161,Dehradoon,Medium,Vikasnagar APMC,1200,800,1200,Uttarakhand,Other
31/03/2026,Raddish,161,Dehradoon,Medium,Vikasnagar APMC,700,500,700,Uttarakhand,Other
01/03/2026,Carrot,153,Dehradoon,Medium,Vikasnagar APMC,1200,1000,1200,Uttarakhand,Carrot
16/12/2025,Potato,24,Dehradoon,Medium,Vikasnagar APMC,500,500,500,Uttarakhand,Other
31/12/2025,Potato,24,Dehradoon,Medium,Vikasnagar APMC,500,400,500,Uttarakhand,Other
04/12/2025,Potato,24,Dehradoon,Medium,Vikasnagar APMC,1200,1100,1200,Uttarakhand,Other
23/12/2025,Field Pea,64,Dehradoon,Medium,Vikasnagar APMC,3000,2000,2500,Uttarakhand,Field Pea
25/12/2025,Field Pea,64,Dehradoon,Medium,Vikasnagar APMC,3500,2000,2500,Uttarakhand,Field Pea
03/12/2025,Tomato,78,Dehradoon,Medium,Vikasnagar APMC,2200,1100,2200,Uttarakhand,Other
04/12/2025,Tomato,78,Dehradoon,Medium,Vikasnagar APMC,2400,2000,2400,Uttarakhand,Other
26/12/2025,Tomato,78,Dehradoon,Medium,Vikasnagar APMC,2400,1800,2400,Uttarakhand,Other
29/12/2025,Tomato,78,Dehradoon,Medium,Vikasnagar APMC,2500,1800,2500,Uttarakhand,Other
17/12/2025,Papaya,72,Dehradoon,Medium,Vikasnagar APMC,1600,1400,1500,Uttarakhand,Papaya
28/12/2025,Cauliflower,34,Dehradoon,Medium,Vikasnagar APMC,900,300,500,Uttarakhand,Other
02/12/2025,Onion,23,Dehradoon,Medium,Vikasnagar APMC,700,700,700,Uttarakhand,Other
14/12/2025,Bottle gourd,82,Dehradoon,Medium,Vikasnagar APMC,1100,800,1100,Uttarakhand,Other
02/12/2025,Papaya,72,Dehradoon,Medium,Vikasnagar APMC,1600,1400,1600,Uttarakhand,Papaya
05/12/2025,Bottle gourd,82,Dehradoon,Medium,Vikasnagar APMC,1500,1000,1200,Uttarakhand,Other
28/12/2025,Papaya,72,Dehradoon,Medium,Vikasnagar APMC,1600,1400,1600,Uttarakhand,Papaya
02/12/2025,Tomato,78,Dehradoon,Medium,Vikasnagar APMC,2200,2200,2200,Uttarakhand,Other
14/12/2025,Cucumbar(Kheera),159,Dehradoon,Medium,Vikasnagar APMC,1100,900,1100,Uttarakhand,Other
08/12/2025,Cucumbar(Kheera),159,Dehradoon,Medium,Vikasnagar APMC,1200,800,1000,Uttarakhand,Other
11/12/2025,Cucumbar(Kheera),159,Dehradoon,Medium,Vikasnagar APMC,1200,1200,1200,Uttarakhand,Other
30/12/2025,Cucumbar(Kheera),159,Dehradoon,Medium,Vikasnagar APMC,800,700,800,Uttarakhand,Other
14/12/2025,Carrot,153,Dehradoon,Medium,Vikasnagar APMC,1300,800,1300,Uttarakhand,Carrot
22/12/2025,Carrot,153,Dehradoon,Medium,Vikasnagar APMC,1200,600,1000,Uttarakhand,Carrot
24/12/2025,Guava,185,Dehradoon,Medium,Vikasnagar APMC,2100,1200,2100,Uttarakhand,Other
08/12/2025,Bhindi(Ladies Finger),85,Dehradoon,Medium,Vikasnagar APMC,2000,2000,2000,Uttarakhand,Other
02/12/2025,Potato,24,Dehradoon,Medium,Vikasnagar APMC,1200,1100,1200,Uttarakhand,Other
25/01/2026,Green Chilli,87,Dehradoon,Medium,Vikasnagar APMC,2500,2000,2500,Uttarakhand,Green Chilly
21/01/2026,Colacasia,318,Dehradoon,Medium,Vikasnagar APMC,1600,1400,1600,Uttarakhand,Other
16/01/2026,Colacasia,318,Dehradoon,Medium,Vikasnagar APMC,2000,2000,2000,Uttarakhand,Other
23/01/2026,Colacasia,318,Dehradoon,Medium,Vikasnagar APMC,1500,1400,1500,Uttarakhand,Other
07/01/2026,Raddish,161,Dehradoon,Medium,Vikasnagar APMC,500,300,500,Uttarakhand,Other
19/01/2026,Raddish,161,Dehradoon,Medium,Vikasnagar APMC,500,500,500,Uttarakhand,Other
28/01/2026,Raddish,161,Dehradoon,Medium,Vikasnagar APMC,500,300,500,Uttarakhand,Other
15/01/2026,French Beans(Frasbean),298,Dehradoon,Medium,Vikasnagar APMC,2500,2000,2500,Uttarakhand,Other
21/01/2026,French Beans(Frasbean),298,Dehradoon,Medium,Vikasnagar APMC,1200,1000,1200,Uttarakhand,Other
20/01/2026,Cucumbar(Kheera),159,Dehradoon,Medium,Vikasnagar APMC,900,800,900,Uttarakhand,Other
09/03/2026,Pomegranate,190,Dehradoon,Medium,Vikasnagar APMC,5500,4500,5500,Uttarakhand,Other
10/03/2026,Pomegranate,190,Dehradoon,Medium,Vikasnagar APMC,5500,4000,5500,Uttarakhand,Other
31/03/2026,Karbuja(Musk Melon),187,Dehradoon,Medium,Vikasnagar APMC,1500,1000,1500,Uttarakhand,Other
29/03/2026,Potato,24,Dehradoon,Medium,Vikasnagar APMC,1200,700,1200,Uttarakhand,Other
24/03/2026,Onion,23,Dehradoon,Medium,Vikasnagar APMC,700,700,700,Uttarakhand,Other
20/03/2026,Onion,23,Dehradoon,Medium,Vikasnagar APMC,2000,800,2000,Uttarakhand,Other
11/03/2026,Potato,24,Dehradoon,Medium,Vikasnagar APMC,800,500,800,Uttarakhand,Other
13/03/2026,Potato,24,Dehradoon,Medium,Vikasnagar APMC,600,600,600,Uttarakhand,Other
24/03/2026,Bhindi(Ladies Finger),85,Dehradoon,Medium,Vikasnagar APMC,2500,2000,2500,Uttarakhand,Other
23/03/2026,Bhindi(Ladies Finger),85,Dehradoon,Medium,Vikasnagar APMC,2500,2000,2500,Uttarakhand,Other
09/03/2026,Apple,17,Dehradoon,Medium,Vikasnagar APMC,5000,5000,5000,Uttarakhand,Other
09/03/2026,Cauliflower,34,Dehradoon,Medium,Vikasnagar APMC,800,400,800,Uttarakhand,Other
11/03/2026,Cauliflower,34,Dehradoon,Medium,Vikasnagar APMC,800,500,800,Uttarakhand,Other
18/03/2026,Cauliflower,34,Dehradoon,Medium,Vikasnagar APMC,1000,500,1000,Uttarakhand,Other
23/03/2026,Cauliflower,34,Dehradoon,Medium,Vikasnagar APMC,700,500,700,Uttarakhand,Other
29/03/2026,Cauliflower,34,Dehradoon,Medium,Vikasnagar APMC,1500,800,1500,Uttarakhand,Other
25/03/2026,Apple,17,Dehradoon,Medium,Vikasnagar APMC,5000,2200,3800,Uttarakhand,Other
24/03/2026,Pumpkin,84,Dehradoon,Medium,Vikasnagar APMC,800,500,800,Uttarakhand,Pumpkin
23/03/2026,Pumpkin,84,Dehradoon,Medium,Vikasnagar APMC,800,700,800,Uttarakhand,Pumpkin
27/03/2026,Pumpkin,84,Dehradoon,Medium,Vikasnagar APMC,1200,800,1200,Uttarakhand,Pumpkin
10/03/2026,Papaya,72,Dehradoon,Medium,Vikasnagar APMC,2400,160,2400,Uttarakhand,Papaya
10/03/2026,Grapes,22,Dehradoon,Medium,Vikasnagar APMC,4000,3000,4000,Uttarakhand,Other
01/03/2026,Banana,19,Dehradoon,Medium,Vikasnagar APMC,900,700,900,Uttarakhand,Other
17/03/2026,Green Chilli,87,Dehradoon,Medium,Vikasnagar APMC,3000,1800,3000,Uttarakhand,Green Chilly
25/03/2026,Green Chilli,87,Dehradoon,Medium,Vikasnagar APMC,2000,1200,2000,Uttarakhand,Green Chilly
23/03/2026,Ginger(Green),103,Dehradoon,Medium,Vikasnagar APMC,2500,2500,2500,Uttarakhand,Green Ginger
22/03/2026,Ginger(Green),103,Dehradoon,Medium,Vikasnagar APMC,2600,2500,2600,Uttarakhand,Green Ginger
26/03/2026,Ginger(Green),103,Dehradoon,Medium,Vikasnagar APMC,5500,1800,4500,Uttarakhand,Green Ginger
22/03/2026,Cucumbar(Kheera),159,Dehradoon,Medium,Vikasnagar APMC,1200,1000,1200,Uttarakhand,Other
25/03/2026,Cucumbar(Kheera),159,Dehradoon,Medium,Vikasnagar APMC,800,700,800,Uttarakhand,Other
09/01/2026,Guava,185,Dehradoon,Medium,Vikasnagar APMC,1300,900,1300,Uttarakhand,Other
21/01/2026,Guava,185,Dehradoon,Medium,Vikasnagar APMC,2100,1500,2100,Uttarakhand,Other
12/01/2026,Carrot,153,Dehradoon,Medium,Vikasnagar APMC,1000,600,800,Uttarakhand,Carrot
28/01/2026,Carrot,153,Dehradoon,Medium,Vikasnagar APMC,1000,800,1000,Uttarakhand,Carrot
07/01/2026,Carrot,153,Dehradoon,Medium,Vikasnagar APMC,1000,600,1000,Uttarakhand,Carrot
05/01/2026,Cucumbar(Kheera),159,Dehradoon,Medium,Vikasnagar APMC,1100,1000,1100,Uttarakhand,Other
07/01/2026,Cucumbar(Kheera),159,Dehradoon,Medium,Vikasnagar APMC,1000,1000,1000,Uttarakhand,Other
01/01/2026,Pumpkin,84,Dehradoon,Medium,Vikasnagar APMC,600,500,600,Uttarakhand,Pumpkin
02/01/2026,Pumpkin,84,Dehradoon,Medium,Vikasnagar APMC,600,500,600,Uttarakhand,Pumpkin
29/01/2026,Potato,24,Dehradoon,Medium,Vikasnagar APMC,800,500,800,Uttarakhand,Other
02/01/2026,Cauliflower,34,Dehradoon,Medium,Vikasnagar APMC,900,500,900,Uttarakhand,Other
06/01/2026,Cauliflower,34,Dehradoon,Medium,Vikasnagar APMC,1000,500,800,Uttarakhand,Other
07/01/2026,Cauliflower,34,Dehradoon,Medium,Vikasnagar APMC,800,300,500,Uttarakhand,Other
09/01/2026,Cauliflower,34,Dehradoon,Medium,Vikasnagar APMC,800,500,800,Uttarakhand,Other
15/01/2026,Brinjal,35,Dehradoon,Medium,Vikasnagar APMC,800,500,800,Uttarakhand,Other
16/01/2026,Brinjal,35,Dehradoon,Medium,Vikasnagar APMC,1500,500,1000,Uttarakhand,Other
09/01/2026,Brinjal,35,Dehradoon,Medium,Vikasnagar APMC,1500,800,1000,Uttarakhand,Other
23/01/2026,Cauliflower,34,Dehradoon,Medium,Vikasnagar APMC,1500,500,800,Uttarakhand,Other
04/01/2026,Potato,24,Dehradoon,Medium,Vikasnagar APMC,500,300,500,Uttarakhand,Other
06/01/2026,Potato,24,Dehradoon,Medium,Vikasnagar APMC,500,500,500,Uttarakhand,Other
14/01/2026,Onion,23,Dehradoon,Medium,Vikasnagar APMC,1500,1100,1500,Uttarakhand,Other
12/01/2026,Onion,23,Dehradoon,Medium,Vikasnagar APMC,1400,1100,1400,Uttarakhand,Other
21/01/2026,Onion,23,Dehradoon,Medium,Vikasnagar APMC,700,700,700,Uttarakhand,Other
19/01/2026,Onion,23,Dehradoon,Medium,Vikasnagar APMC,700,700,700,Uttarakhand,Other
29/01/2026,Onion,23,Dehradoon,Medium,Vikasnagar APMC,1400,1200,1400,Uttarakhand,Other
05/01/2026,Bottle gourd,82,Dehradoon,Medium,Vikasnagar APMC,1000,800,1000,Uttarakhand,Other
05/01/2026,Green Chilli,87,Dehradoon,Medium,Vikasnagar APMC,3000,1200,2000,Uttarakhand,Green Chilly
07/01/2026,Green Chilli,87,Dehradoon,Medium,Vikasnagar APMC,3000,1400,2000,Uttarakhand,Green Chilly
19/01/2026,Bottle gourd,82,Dehradoon,Medium,Vikasnagar APMC,800,700,800,Uttarakhand,Other
20/01/2026,Papaya,72,Dehradoon,Medium,Vikasnagar APMC,1600,1400,1600,Uttarakhand,Papaya
14/01/2026,Green Chilli,87,Dehradoon,Medium,Vikasnagar APMC,1400,700,1400,Uttarakhand,Green Chilly
20/01/2026,Green Chilli,87,Dehradoon,Medium,Vikasnagar APMC,1500,700,1500,Uttarakhand,Green Chilly
22/01/2026,Green Chilli,87,Dehradoon,Medium,Vikasnagar APMC,2500,2000,2500,Uttarakhand,Green Chilly
30/01/2026,Ginger(Green),103,Dehradoon,Medium,Vikasnagar APMC,2000,1200,2000,Uttarakhand,Green Ginger
15/01/2026,Cauliflower,34,Dehradoon,Medium,Vikasnagar APMC,1000,400,1000,Uttarakhand,Other
16/01/2026,Cauliflower,34,Dehradoon,Medium,Vikasnagar APMC,800,400,800,Uttarakhand,Other
19/01/2026,Cauliflower,34,Dehradoon,Medium,Vikasnagar APMC,1900,300,500,Uttarakhand,Other
21/01/2026,Field Pea,64,Dehradoon,Medium,Vikasnagar APMC,1200,1000,1200,Uttarakhand,Field Pea
23/01/2026,Field Pea,64,Dehradoon,Medium,Vikasnagar APMC,1300,1200,1300,Uttarakhand,Field Pea
25/01/2026,Field Pea,64,Dehradoon,Medium,Vikasnagar APMC,2500,2000,2500,Uttarakhand,Field Pea
28/01/2026,Apple,17,Dehradoon,Medium,Vikasnagar APMC,4500,3200,4500,Uttarakhand,Other
20/01/2026,Mousambi(Sweet Lime),77,Dehradoon,Medium,Vikasnagar APMC,1500,1400,1500,Uttarakhand,Other
25/01/2026,Pumpkin,84,Dehradoon,Medium,Vikasnagar APMC,1000,700,1000,Uttarakhand,Pumpkin
23/01/2026,Bhindi(Ladies Finger),85,Dehradoon,Medium,Vikasnagar APMC,2400,2300,2400,Uttarakhand,Other
27/01/2026,Bhindi(Ladies Finger),85,Dehradoon,Medium,Vikasnagar APMC,2400,2300,2400,Uttarakhand,Other
12/01/2026,Tomato,78,Dehradoon,Medium,Vikasnagar APMC,2000,1500,2000,Uttarakhand,Other
15/01/2026,Tomato,78,Dehradoon,Medium,Vikasnagar APMC,2000,1500,2000,Uttarakhand,Other
10/02/2026,Pumpkin,84,Dehradoon,Medium,Vikasnagar APMC,700,600,700,Uttarakhand,Pumpkin
06/02/2026,Bhindi(Ladies Finger),85,Dehradoon,Medium,Vikasnagar APMC,2900,2500,2900,Uttarakhand,Other
08/02/2026,Tomato,78,Dehradoon,Medium,Vikasnagar APMC,1800,1700,1800,Uttarakhand,Other
25/02/2026,Tomato,78,Dehradoon,Medium,Vikasnagar APMC,2000,2000,2000,Uttarakhand,Other
01/02/2026,Tomato,78,Dehradoon,Medium,Vikasnagar APMC,2200,1400,2200,Uttarakhand,Other
17/02/2026,Tomato,78,Dehradoon,Medium,Vikasnagar APMC,1500,1100,1500,Uttarakhand,Other
24/02/2026,Ginger(Green),103,Dehradoon,Medium,Vikasnagar APMC,3500,2500,3500,Uttarakhand,Green Ginger
05/02/2026,Ginger(Green),103,Dehradoon,Medium,Vikasnagar APMC,2600,2100,2600,Uttarakhand,Green Ginger
20/02/2026,Ginger(Green),103,Dehradoon,Medium,Vikasnagar APMC,1600,1000,1600,Uttarakhand,Green Ginger
13/02/2026,Ginger(Green),103,Dehradoon,Medium,Vikasnagar APMC,2800,2500,2800,Uttarakhand,Green Ginger
11/02/2026,Bottle gourd,82,Dehradoon,Medium,Vikasnagar APMC,2000,1500,2000,Uttarakhand,Other
01/02/2026,Green Chilli,87,Dehradoon,Medium,Vikasnagar APMC,3200,1400,2000,Uttarakhand,Green Chilly
03/02/2026,Green Chilli,87,Dehradoon,Medium,Vikasnagar APMC,2500,1500,2500,Uttarakhand,Green Chilly
24/02/2026,Green Chilli,87,Dehradoon,Medium,Vikasnagar APMC,3500,1500,2500,Uttarakhand,Green Chilly
25/02/2026,Green Chilli,87,Dehradoon,Medium,Vikasnagar APMC,3000,2500,3000,Uttarakhand,Green Chilly
12/02/2026,Apple,17,Dehradoon,Medium,Vikasnagar APMC,5000,2400,5000,Uttarakhand,Other
02/02/2026,Apple,17,Dehradoon,Medium,Vikasnagar APMC,7000,6000,7000,Uttarakhand,Other
15/02/2026,Apple,17,Dehradoon,Medium,Vikasnagar APMC,7000,6000,7000,Uttarakhand,Other
11/02/2026,Cucumbar(Kheera),159,Dehradoon,Medium,Vikasnagar APMC,2000,1400,1800,Uttarakhand,Other
10/02/2026,Cucumbar(Kheera),159,Dehradoon,Medium,Vikasnagar APMC,1000,800,1000,Uttarakhand,Other
25/02/2026,Cucumbar(Kheera),159,Dehradoon,Medium,Vikasnagar APMC,1500,1000,1500,Uttarakhand,Other
27/02/2026,French Beans(Frasbean),298,Dehradoon,Medium,Vikasnagar APMC,3500,2500,3500,Uttarakhand,Other
15/02/2026,French Beans(Frasbean),298,Dehradoon,Medium,Vikasnagar APMC,3500,2500,3000,Uttarakhand,Other
03/02/2026,Pomegranate,190,Dehradoon,Medium,Vikasnagar APMC,6500,2500,6500,Uttarakhand,Other
12/02/2026,Guava,185,Dehradoon,Medium,Vikasnagar APMC,2500,1500,2500,Uttarakhand,Other
15/02/2026,Guava,185,Dehradoon,Medium,Vikasnagar APMC,2600,1600,2600,Uttarakhand,Other
18/02/2026,Guava,185,Dehradoon,Medium,Vikasnagar APMC,1800,1600,1800,Uttarakhand,Other
23/02/2026,Colacasia,318,Dehradoon,Medium,Vikasnagar APMC,2500,1200,2500,Uttarakhand,Other
06/02/2026,Colacasia,318,Dehradoon,Medium,Vikasnagar APMC,1800,1500,1800,Uttarakhand,Other
03/02/2026,Kinnow,336,Dehradoon,Medium,Vikasnagar APMC,1700,1500,1700,Uttarakhand,Other
15/02/2026,Papaya,72,Dehradoon,Medium,Vikasnagar APMC,1600,1500,1600,Uttarakhand,Papaya
01/02/2026,Field Pea,64,Dehradoon,Medium,Vikasnagar APMC,1800,1200,1800,Uttarakhand,Field Pea
11/02/2026,Field Pea,64,Dehradoon,Medium,Vikasnagar APMC,1500,1000,1200,Uttarakhand,Field Pea
19/02/2026,Raddish,161,Dehradoon,Medium,Vikasnagar APMC,700,300,700,Uttarakhand,Other
13/02/2026,Raddish,161,Dehradoon,Medium,Vikasnagar APMC,700,500,700,Uttarakhand,Other
17/02/2026,Raddish,161,Dehradoon,Medium,Vikasnagar APMC,600,500,600,Uttarakhand,Other
12/02/2026,Brinjal,35,Dehradoon,Medium,Vikasnagar APMC,1500,1200,1500,Uttarakhand,Other
13/02/2026,Carrot,153,Dehradoon,Medium,Vikasnagar APMC,700,500,700,Uttarakhand,Carrot
16/02/2026,Carrot,153,Dehradoon,Medium,Vikasnagar APMC,1200,700,1200,Uttarakhand,Carrot
15/02/2026,Carrot,153,Dehradoon,Medium,Vikasnagar APMC,800,500,800,Uttarakhand,Carrot
18/02/2026,Carrot,153,Dehradoon,Medium,Vikasnagar APMC,800,700,800,Uttarakhand,Carrot
20/02/2026,Carrot,153,Dehradoon,Medium,Vikasnagar APMC,800,600,800,Uttarakhand,Other
22/02/2026,Onion,23,Dehradoon,Medium,Vikasnagar APMC,1400,1400,1400,Uttarakhand,Other
08/02/2026,Potato,24,Dehradoon,Medium,Vikasnagar APMC,550,400,500,Uttarakhand,Other
18/02/2026,Cauliflower,34,Dehradoon,Medium,Vikasnagar APMC,800,500,800,Uttarakhand,Other
22/02/2026,Cauliflower,34,Dehradoon,Medium,Vikasnagar APMC,500,200,500,Uttarakhand,Other
11/02/2026,Potato,24,Dehradoon,Medium,Vikasnagar APMC,500,500,500,Uttarakhand,Other
24/02/2026,Carrot,153,Dehradoon,Medium,Vikasnagar APMC,1200,800,1200,Uttarakhand,Carrot
04/02/2026,Potato,24,Dehradoon,Medium,Vikasnagar APMC,500,500,500,Uttarakhand,Other
25/02/2026,Brinjal,35,Dehradoon,Medium,Vikasnagar APMC,1800,1500,1800,Uttarakhand,Other
27/02/2026,Brinjal,35,Dehradoon,Medium,Vikasnagar APMC,1800,1500,1800,Uttarakhand,Other
03/02/2026,Brinjal,35,Dehradoon,Medium,Vikasnagar APMC,1200,600,1200,Uttarakhand,Other
03/02/2026,Carrot,153,Dehradoon,Medium,Vikasnagar APMC,700,700,700,Uttarakhand,Carrot
30/04/2026,Galgal(Lemon),350,Dehradoon,Medium,Vikasnagar APMC,9500,8500,9500,Uttarakhand,Other
15/05/2026,Mango,20,Dehradoon,Medium,Vikasnagar APMC,3500,2800,3500,Uttarakhand,Other
17/05/2026,Wheat,1,Dehradoon,FAQ,Vikasnagar APMC,2600,2600,2600,Uttarakhand,Other
17/04/2026,Karbuja(Musk Melon),187,Dehradoon,Grade B,Vikasnagar APMC,1000,700,1000,Uttarakhand,Other
20/04/2026,Karbuja(Musk Melon),187,Dehradoon,Medium,Vikasnagar APMC,1500,1200,1500,Uttarakhand,Other
04/05/2026,Karbuja(Musk Melon),187,Dehradoon,Medium,Vikasnagar APMC,1500,1200,1500,Uttarakhand,Other
10/04/2026,Apple,17,Dehradoon,Medium,Vikasnagar APMC,5500,3800,5500,Uttarakhand,Other
20/04/2026,Apple,17,Dehradoon,Medium,Vikasnagar APMC,5500,5000,5500,Uttarakhand,Other
28/04/2026,Orange,18,Dehradoon,Medium,Vikasnagar APMC,3500,2600,3500,Uttarakhand,Medium
15/04/2026,Guava,185,Dehradoon,Medium,Vikasnagar APMC,3000,2200,2400,Uttarakhand,Other
10/04/2026,Green Chilli,87,Dehradoon,Medium,Vikasnagar APMC,2500,1500,2500,Uttarakhand,Green Chilly
14/04/2026,Pumpkin,84,Dehradoon,Medium,Vikasnagar APMC,1200,900,1200,Uttarakhand,Pumpkin
23/04/2026,Pumpkin,84,Dehradoon,Medium,Vikasnagar APMC,1000,800,1000,Uttarakhand,Pumpkin
26/04/2026,Pumpkin,84,Dehradoon,Medium,Vikasnagar APMC,800,600,800,Uttarakhand,Pumpkin
27/04/2026,Pumpkin,84,Dehradoon,Medium,Vikasnagar APMC,800,600,800,Uttarakhand,Pumpkin
14/04/2026,Ginger(Green),103,Dehradoon,Medium,Vikasnagar APMC,4500,4500,4500,Uttarakhand,Green Ginger
17/04/2026,Water Melon,73,Dehradoon,Medium,Vikasnagar APMC,800,500,800,Uttarakhand,Other
03/05/2026,Water Melon,73,Dehradoon,Medium,Vikasnagar APMC,700,500,700,Uttarakhand,Other
29/04/2026,Ginger(Green),103,Dehradoon,Medium,Vikasnagar APMC,4000,3200,4000,Uttarakhand,Green Ginger
08/05/2026,Ginger(Green),103,Dehradoon,Medium,Vikasnagar APMC,2500,2000,2500,Uttarakhand,Green Ginger
18/05/2026,Papaya,72,Dehradoon,Medium,Vikasnagar APMC,1800,1400,1800,Uttarakhand,Papaya
14/05/2026,Green Chilli,87,Dehradoon,Medium,Vikasnagar APMC,1600,1200,1600,Uttarakhand,Green Chilly
01/04/2026,Mousambi(Sweet Lime),77,Dehradoon,Medium,Vikasnagar APMC,2200,2000,2200,Uttarakhand,Other
10/04/2026,Mousambi(Sweet Lime),77,Dehradoon,Medium,Vikasnagar APMC,2600,2200,2600,Uttarakhand,Other
20/04/2026,Mousambi(Sweet Lime),77,Dehradoon,Medium,Vikasnagar APMC,2500,2400,2500,Uttarakhand,Other
08/05/2026,Mousambi(Sweet Lime),77,Dehradoon,Medium,Vikasnagar APMC,2200,1800,2200,Uttarakhand,Other
02/04/2026,Pumpkin,84,Dehradoon,Medium,Vikasnagar APMC,1000,500,1000,Uttarakhand,Pumpkin
08/04/2026,Pumpkin,84,Dehradoon,Medium,Vikasnagar APMC,700,400,700,Uttarakhand,Pumpkin
06/04/2026,Colacasia,318,Dehradoon,Medium,Vikasnagar APMC,1300,1200,1300,Uttarakhand,Other
17/04/2026,Colacasia,318,Dehradoon,FAQ,Vikasnagar APMC,2500,1500,2500,Uttarakhand,Other
05/05/2026,Colacasia,318,Dehradoon,Medium,Vikasnagar APMC,1600,1500,1600,Uttarakhand,Other
07/05/2026,Colacasia,318,Dehradoon,Medium,Vikasnagar APMC,1800,1500,1800,Uttarakhand,Other
10/05/2026,Sponge gourd,311,Dehradoon,Medium,Vikasnagar APMC,1300,1200,1300,Uttarakhand,Other
08/05/2026,Pumpkin,84,Dehradoon,Medium,Vikasnagar APMC,800,500,800,Uttarakhand,Pumpkin
01/05/2026,Bitter gourd,81,Dehradoon,Medium,Vikasnagar APMC,1500,1000,1500,Uttarakhand,Other
14/05/2026,Bitter gourd,81,Dehradoon,Medium,Vikasnagar APMC,1000,700,1000,Uttarakhand,Other
05/04/2026,Bhindi(Ladies Finger),85,Dehradoon,Medium,Vikasnagar APMC,2500,2000,2500,Uttarakhand,Other
06/04/2026,Bhindi(Ladies Finger),85,Dehradoon,Medium,Vikasnagar APMC,2400,1500,2400,Uttarakhand,Other
15/04/2026,Bhindi(Ladies Finger),85,Dehradoon,Medium,Vikasnagar APMC,2000,1400,2000,Uttarakhand,Other
29/04/2026,Bhindi(Ladies Finger),85,Dehradoon,Medium,Vikasnagar APMC,1500,1000,1500,Uttarakhand,Other
03/05/2026,Bhindi(Ladies Finger),85,Dehradoon,Medium,Vikasnagar APMC,1200,1000,1200,Uttarakhand,Other
05/05/2026,Bhindi(Ladies Finger),85,Dehradoon,Medium,Vikasnagar APMC,2100,1500,2100,Uttarakhand,Other
03/04/2026,Tomato,78,Dehradoon,Medium,Vikasnagar APMC,1200,800,1200,Uttarakhand,Other
06/04/2026,Tomato,78,Dehradoon,Medium,Vikasnagar APMC,1400,1000,1400,Uttarakhand,Other
16/04/2026,Tomato,78,Dehradoon,Medium,Vikasnagar APMC,1000,700,1000,Uttarakhand,Other
05/04/2026,Bitter gourd,81,Dehradoon,Medium,Vikasnagar APMC,1500,1500,1500,Uttarakhand,Other
14/05/2026,Tomato,78,Dehradoon,Medium,Vikasnagar APMC,1000,700,1000,Uttarakhand,Other
17/05/2026,Tomato,78,Dehradoon,Medium,Vikasnagar APMC,1000,900,1000,Uttarakhand,Other
16/04/2026,Bitter gourd,81,Dehradoon,Medium,Vikasnagar APMC,1800,1500,1800,Uttarakhand,Other
23/04/2026,Bitter gourd,81,Dehradoon,Medium,Vikasnagar APMC,1500,1200,1500,Uttarakhand,Other
30/04/2026,Tomato,78,Dehradoon,Medium,Vikasnagar APMC,1800,1200,1800,Uttarakhand,Other
03/05/2026,Green Chilli,87,Dehradoon,Medium,Vikasnagar APMC,2000,1000,2000,Uttarakhand,Green Chilly
07/05/2026,Green Chilli,87,Dehradoon,Medium,Vikasnagar APMC,1800,1200,1800,Uttarakhand,Green Chilly
11/05/2026,Green Chilli,87,Dehradoon,Medium,Vikasnagar APMC,1800,1500,1800,Uttarakhand,Green Chilly
13/05/2026,Green Chilli,87,Dehradoon,Medium,Vikasnagar APMC,1700,1200,1700,Uttarakhand,Green Chilly
27/04/2026,Tomato,78,Dehradoon,Medium,Vikasnagar APMC,1200,1000,1200,Uttarakhand,Other
01/05/2026,Tomato,78,Dehradoon,Medium,Vikasnagar APMC,1500,1000,1500,Uttarakhand,Other
10/04/2026,Wheat,1,Dehradoon,FAQ,Vikasnagar APMC,2425,2425,2425,Uttarakhand,Other
02/05/2026,Wheat,1,Dehradoon,FAQ,Vikasnagar APMC,2590,2590,2590,Uttarakhand,Other
07/05/2026,Wheat,1,Dehradoon,FAQ,Vikasnagar APMC,2585,2585,2585,Uttarakhand,Other
12/05/2026,Wheat,1,Dehradoon,FAQ,Vikasnagar APMC,2600,2600,2600,Uttarakhand,Other
01/04/2026,Cucumbar(Kheera),159,Dehradoon,Medium,Vikasnagar APMC,1200,700,1200,Uttarakhand,Other
07/04/2026,Cucumbar(Kheera),159,Dehradoon,Medium,Vikasnagar APMC,1600,1100,1600,Uttarakhand,Other
09/04/2026,Cucumbar(Kheera),159,Dehradoon,Medium,Vikasnagar APMC,1000,600,1000,Uttarakhand,Other
19/04/2026,Cucumbar(Kheera),159,Dehradoon,Medium,Vikasnagar APMC,1000,800,1000,Uttarakhand,Other
21/04/2026,Cucumbar(Kheera),159,Dehradoon,Medium,Vikasnagar APMC,1100,1000,1100,Uttarakhand,Other
24/04/2026,Cucumbar(Kheera),159,Dehradoon,Medium,Vikasnagar APMC,1000,800,1000,Uttarakhand,Other
28/04/2026,Cucumbar(Kheera),159,Dehradoon,Medium,Vikasnagar APMC,1300,1000,1300,Uttarakhand,Other
02/04/2026,Bottle gourd,82,Dehradoon,Medium,Vikasnagar APMC,800,700,800,Uttarakhand,Other
05/04/2026,Bottle gourd,82,Dehradoon,Medium,Vikasnagar APMC,1000,800,1000,Uttarakhand,Other
08/04/2026,Bottle gourd,82,Dehradoon,Medium,Vikasnagar APMC,1000,600,1000,Uttarakhand,Other
09/04/2026,Bottle gourd,82,Dehradoon,Medium,Vikasnagar APMC,1000,700,1000,Uttarakhand,Other
21/04/2026,Bottle gourd,82,Dehradoon,Medium,Vikasnagar APMC,1000,800,1000,Uttarakhand,Other
26/04/2026,Bottle gourd,82,Dehradoon,Medium,Vikasnagar APMC,1000,800,1000,Uttarakhand,Other
30/04/2026,Bottle gourd,82,Dehradoon,Medium,Vikasnagar APMC,1000,700,1000,Uttarakhand,Other
06/05/2026,Bottle gourd,82,Dehradoon,Medium,Vikasnagar APMC,900,700,900,Uttarakhand,Other
08/04/2026,Field Pea,64,Dehradoon,Medium,Vikasnagar APMC,2200,1400,2200,Uttarakhand,Field Pea
17/04/2026,Field Pea,64,Dehradoon,FAQ,Vikasnagar APMC,2000,1500,2000,Uttarakhand,Other
01/04/2026,Field Pea,64,Dehradoon,Medium,Vikasnagar APMC,1200,1000,1200,Uttarakhand,Field Pea
13/04/2026,Field Pea,64,Dehradoon,Medium,Vikasnagar APMC,2000,1200,2000,Uttarakhand,Field Pea
12/04/2026,Field Pea,64,Dehradoon,Medium,Vikasnagar APMC,2200,1200,2200,Uttarakhand,Field Pea
22/04/2026,Field Pea,64,Dehradoon,Medium,Vikasnagar APMC,2000,2000,2000,Uttarakhand,Field Pea
15/04/2026,Wheat,1,Dehradoon,FAQ,Vikasnagar APMC,2541,2451,2541,Uttarakhand,Other
23/04/2026,Wheat,1,Dehradoon,FAQ,Vikasnagar APMC,3244,3080,3244,Uttarakhand,Other
09/04/2026,Raddish,161,Dehradoon,Medium,Vikasnagar APMC,700,500,700,Uttarakhand,Other
10/05/2026,Cucumbar(Kheera),159,Dehradoon,Medium,Vikasnagar APMC,1000,500,1000,Uttarakhand,Other
13/05/2026,Cucumbar(Kheera),159,Dehradoon,Medium,Vikasnagar APMC,900,600,900,Uttarakhand,Other
14/04/2026,Papaya,72,Dehradoon,Medium,Vikasnagar APMC,2200,1800,2200,Uttarakhand,Papaya
20/04/2026,Papaya,72,Dehradoon,Medium,Vikasnagar APMC,2000,1800,2000,Uttarakhand,Papaya
24/04/2026,Papaya,72,Dehradoon,Medium,Vikasnagar APMC,2000,1600,2000,Uttarakhand,Papaya
02/04/2026,Cauliflower,34,Dehradoon,Medium,Vikasnagar APMC,800,400,800,Uttarakhand,Other
03/04/2026,Cauliflower,34,Dehradoon,Medium,Vikasnagar APMC,800,500,800,Uttarakhand,Other
07/04/2026,Cauliflower,34,Dehradoon,Medium,Vikasnagar APMC,1200,900,1200,Uttarakhand,Other
10/04/2026,Cauliflower,34,Dehradoon,Medium,Vikasnagar APMC,1200,400,800,Uttarakhand,Other
09/04/2026,Brinjal,35,Dehradoon,Medium,Vikasnagar APMC,800,700,800,Uttarakhand,Other
23/04/2026,Cauliflower,34,Dehradoon,Medium,Vikasnagar APMC,1200,800,1200,Uttarakhand,Other
24/04/2026,Cauliflower,34,Dehradoon,Medium,Vikasnagar APMC,1500,1200,1500,Uttarakhand,Other
28/04/2026,Cauliflower,34,Dehradoon,Medium,Vikasnagar APMC,1000,800,1000,Uttarakhand,Other
14/04/2026,Brinjal,35,Dehradoon,Medium,Vikasnagar APMC,1200,1000,1200,Uttarakhand,Other
17/04/2026,Cauliflower,34,Dehradoon,FAQ,Vikasnagar APMC,1700,1400,1700,Uttarakhand,Other
01/05/2026,Cauliflower,34,Dehradoon,Medium,Vikasnagar APMC,2200,800,1200,Uttarakhand,Other
05/05/2026,Cauliflower,34,Dehradoon,Medium,Vikasnagar APMC,2000,800,1500,Uttarakhand,Other
11/05/2026,Cauliflower,34,Dehradoon,Medium,Vikasnagar APMC,1200,600,1200,Uttarakhand,Other
15/05/2026,Cauliflower,34,Dehradoon,Medium,Vikasnagar APMC,1400,500,1200,Uttarakhand,Other
30/04/2026,Brinjal,35,Dehradoon,Medium,Vikasnagar APMC,1200,1000,1200,Uttarakhand,Other
16/04/2026,Grapes,22,Dehradoon,Medium,Vikasnagar APMC,5000,3400,5000,Uttarakhand,Other
18/05/2026,Garlic,25,Dehradoon,Grade Range-2,Vikasnagar APMC,3600,3500,3600,Uttarakhand,Other
19/05/2026,Garlic,25,Dehradoon,Grade Range-2,Vikasnagar APMC,4500,22,3500,Uttarakhand,Other
08/05/2026,Brinjal,35,Dehradoon,Medium,Vikasnagar APMC,1000,700,1000,Uttarakhand,Other
19/05/2026,Brinjal,35,Dehradoon,Medium,Vikasnagar APMC,1000,600,1000,Uttarakhand,Other
13/05/2026,Brinjal,35,Dehradoon,Medium,Vikasnagar APMC,1000,800,1000,Uttarakhand,Other
17/05/2026,Brinjal,35,Dehradoon,Medium,Vikasnagar APMC,800,700,800,Uttarakhand,Other
05/05/2026,Carrot,153,Dehradoon,Medium,Vikasnagar APMC,1400,800,1400,Uttarakhand,Carrot
15/05/2026,Carrot,153,Dehradoon,Medium,Vikasnagar APMC,2000,1100,2000,Uttarakhand,Carrot
10/04/2026,Pomegranate,190,Dehradoon,Medium,Vikasnagar APMC,5200,2800,5200,Uttarakhand,Other
28/04/2026,Pomegranate,190,Dehradoon,Medium,Vikasnagar APMC,4500,3500,4500,Uttarakhand,Other
09/04/2026,Carrot,153,Dehradoon,Medium,Vikasnagar APMC,1000,700,1000,Uttarakhand,Carrot
21/04/2026,Carrot,153,Dehradoon,Medium,Vikasnagar APMC,1200,1000,1200,Uttarakhand,Carrot
21/04/2026,Onion,23,Dehradoon,Medium,Vikasnagar APMC,1200,1200,1200,Uttarakhand,Other
01/05/2026,Potato,24,Dehradoon,Medium,Vikasnagar APMC,500,400,500,Uttarakhand,Other
18/05/2026,Onion,23,Dehradoon,Medium,Vikasnagar APMC,800,800,800,Uttarakhand,Other
19/05/2026,Onion,23,Dehradoon,Medium,Vikasnagar APMC,700,650,700,Uttarakhand,Other
05/04/2026,Potato,24,Dehradoon,Medium,Vikasnagar APMC,500,400,500,Uttarakhand,Other
12/04/2026,Potato,24,Dehradoon,Medium,Vikasnagar APMC,400,400,400,Uttarakhand,Other
23/04/2026,Potato,24,Dehradoon,Medium,Vikasnagar APMC,450,400,450,Uttarakhand,Other
15/05/2026,French Beans(Frasbean),298,Dehradoon,Medium,Vikasnagar APMC,1500,100,1500,Uttarakhand,Other
12/04/2026,French Beans(Frasbean),298,Dehradoon,Medium,Vikasnagar APMC,1500,1500,1500,Uttarakhand,Other
29/04/2026,French Beans(Frasbean),298,Dehradoon,Medium,Vikasnagar APMC,2500,1800,2500,Uttarakhand,Other
06/05/2026,French Beans(Frasbean),298,Dehradoon,Medium,Vikasnagar APMC,1800,1200,1800,Uttarakhand,Other
16/04/2026,Kinnow,336,Dehradoon,Medium,Vikasnagar APMC,3200,2500,3200,Uttarakhand,Other
17/04/2026,Kinnow,336,Dehradoon,Grade B,Vikasnagar APMC,3500,3000,3500,Uttarakhand,Other
